"id","timestamp_utc","cycle_id","segment_uid","corridor_name","temperature_celsius","precipitation_probability","visibility_meters","weather_condition","api_response_status","api_latency_ms","retry_count"
36876,"2026-07-28 00:35:20.46101+00","2026-07-28T00:35:11Z_0001_weather","KILAMBAKKAM_LITTLEMOUNT_003","Corridor_Littlemount_Kilambakkam",NULL,NULL,NULL,NULL,"FAILED",260.6,3
36877,"2026-07-28 00:35:20.46101+00","2026-07-28T00:35:11Z_0001_weather","KILAMBAKKAM_LITTLEMOUNT(AT_GRADE_BELOWFLYOVER)_004","Corridor_Littlemount_Kilambakkam",NULL,NULL,NULL,NULL,"FAILED",261.0,3
36878,"2026-07-28 00:35:20.46101+00","2026-07-28T00:35:11Z_0001_weather","KILAMBAKKAM_LITTLEMOUNT_005","Corridor_Littlemount_Kilambakkam",NULL,NULL,NULL,NULL,"FAILED",263.8,3
36879,"2026-07-28 00:35:20.46101+00","2026-07-28T00:35:11Z_0001_weather","KILAMBAKKAM_LITTLEMOUNT(AT_GRADE_BELOWFLYOVER)_001","Corridor_Littlemount_Kilambakkam",NULL,NULL,NULL,NULL,"FAILED",262.1,3
36880,"2026-07-28 00:35:20.46101+00","2026-07-28T00:35:11Z_0001_weather","KILAMBAKKAM_LITTLEMOUNT_004","Corridor_Littlemount_Kilambakkam",NULL,NULL,NULL,NULL,"FAILED",262.1,3
36881,"2026-07-28 00:35:20.46101+00","2026-07-28T00:35:11Z_0001_weather","KILAMBAKKAM_LITTLEMOUNT(AT_GRADE_BELOWFLYOVER)_008","Corridor_Littlemount_Kilambakkam",NULL,NULL,NULL,NULL,"FAILED",269.3,3
36882,"2026-07-28 00:35:20.46101+00","2026-07-28T00:35:11Z_0001_weather","KILAMBAKKAM_LITTLEMOUNT_028","Corridor_Littlemount_Kilambakkam",NULL,NULL,NULL,NULL,"FAILED",269.5,3
36883,"2026-07-28 00:35:20.46101+00","2026-07-28T00:35:11Z_0001_weather","KILAMBAKKAM_LITTLEMOUNT(AT_GRADE_BELOWFLYOVER)_007","Corridor_Littlemount_Kilambakkam",NULL,NULL,NULL,NULL,"FAILED",260.7,3
36884,"2026-07-28 00:35:20.46101+00","2026-07-28T00:35:11Z_0001_weather","KILAMBAKKAM_LITTLEMOUNT_023","Corridor_Littlemount_Kilambakkam",NULL,NULL,NULL,NULL,"FAILED",265.8,3
36885,"2026-07-28 00:35:20.46101+00","2026-07-28T00:35:11Z_0001_weather","KILAMBAKKAM_LITTLEMOUNT_025","Corridor_Littlemount_Kilambakkam",NULL,NULL,NULL,NULL,"FAILED",260.2,3
36886,"2026-07-28 00:35:20.46101+00","2026-07-28T00:35:11Z_0001_weather","KILAMBAKKAM_LITTLEMOUNT_002","Corridor_Littlemount_Kilambakkam",NULL,NULL,NULL,NULL,"FAILED",260.1,3
36887,"2026-07-28 00:35:20.46101+00","2026-07-28T00:35:11Z_0001_weather","KILAMBAKKAM_LITTLEMOUNT_011","Corridor_Littlemount_Kilambakkam",NULL,NULL,NULL,NULL,"FAILED",259.4,3
36888,"2026-07-28 00:35:20.46101+00","2026-07-28T00:35:11Z_0001_weather","KILAMBAKKAM_LITTLEMOUNT_021","Corridor_Littlemount_Kilambakkam",NULL,NULL,NULL,NULL,"FAILED",260.8,3
36889,"2026-07-28 00:35:20.46101+00","2026-07-28T00:35:11Z_0001_weather","KILAMBAKKAM_LITTLEMOUNT_008","Corridor_Littlemount_Kilambakkam",NULL,NULL,NULL,NULL,"FAILED",260.4,3
36890,"2026-07-28 00:35:20.46101+00","2026-07-28T00:35:11Z_0001_weather","LITTLEMOUNT_KILAMBAKKAM_002","Corridor_Littlemount_Kilambakkam",NULL,NULL,NULL,NULL,"FAILED",266.7,3
36891,"2026-07-28 00:35:20.46101+00","2026-07-28T00:35:11Z_0001_weather","KILAMBAKKAM_LITTLEMOUNT_016","Corridor_Littlemount_Kilambakkam",NULL,NULL,NULL,NULL,"FAILED",262.4,3
36892,"2026-07-28 00:35:20.46101+00","2026-07-28T00:35:11Z_0001_weather","KILAMBAKKAM_LITTLEMOUNT_026","Corridor_Littlemount_Kilambakkam",NULL,NULL,NULL,NULL,"FAILED",262.6,3
36893,"2026-07-28 00:35:20.46101+00","2026-07-28T00:35:11Z_0001_weather","KILAMBAKKAM_LITTLEMOUNT_010","Corridor_Littlemount_Kilambakkam",NULL,NULL,NULL,NULL,"FAILED",262.0,3
36894,"2026-07-28 00:35:20.46101+00","2026-07-28T00:35:11Z_0001_weather","KILAMBAKKAM_LITTLEMOUNT_013","Corridor_Littlemount_Kilambakkam",NULL,NULL,NULL,NULL,"FAILED",260.4,3
36895,"2026-07-28 00:35:20.46101+00","2026-07-28T00:35:11Z_0001_weather","LITTLEMOUNT_KILAMBAKKAM(AT_GRADE_BELOWFLYOVER)_006","Corridor_Littlemount_Kilambakkam",NULL,NULL,NULL,NULL,"FAILED",261.2,3
36896,"2026-07-28 00:35:20.46101+00","2026-07-28T00:35:11Z_0001_weather","LITTLEMOUNT_KILAMBAKKAM_018","Corridor_Littlemount_Kilambakkam",NULL,NULL,NULL,NULL,"FAILED",260.7,3
36897,"2026-07-28 00:35:20.46101+00","2026-07-28T00:35:11Z_0001_weather","KILAMBAKKAM_LITTLEMOUNT(AT_GRADE_BELOWFLYOVER)_009","Corridor_Littlemount_Kilambakkam",NULL,NULL,NULL,NULL,"FAILED",261.9,3
36898,"2026-07-28 00:35:20.46101+00","2026-07-28T00:35:11Z_0001_weather","KILAMBAKKAM_LITTLEMOUNT_020","Corridor_Littlemount_Kilambakkam",NULL,NULL,NULL,NULL,"FAILED",261.4,3
36899,"2026-07-28 00:35:20.46101+00","2026-07-28T00:35:11Z_0001_weather","KILAMBAKKAM_LITTLEMOUNT_007","Corridor_Littlemount_Kilambakkam",NULL,NULL,NULL,NULL,"FAILED",261.2,3
36900,"2026-07-28 00:35:20.46101+00","2026-07-28T00:35:11Z_0001_weather","KILAMBAKKAM_LITTLEMOUNT_006","Corridor_Littlemount_Kilambakkam",NULL,NULL,NULL,NULL,"FAILED",266.2,3
36901,"2026-07-28 00:35:20.46101+00","2026-07-28T00:35:11Z_0001_weather","KILAMBAKKAM_LITTLEMOUNT(AT_GRADE_BELOWFLYOVER)_006","Corridor_Littlemount_Kilambakkam",NULL,NULL,NULL,NULL,"FAILED",269.6,3
36902,"2026-07-28 00:35:20.46101+00","2026-07-28T00:35:11Z_0001_weather","KILAMBAKKAM_LITTLEMOUNT(AT_GRADE_BELOWFLYOVER)_005","Corridor_Littlemount_Kilambakkam",NULL,NULL,NULL,NULL,"FAILED",261.0,3
36903,"2026-07-28 00:35:20.46101+00","2026-07-28T00:35:11Z_0001_weather","LITTLEMOUNT_KILAMBAKKAM_004","Corridor_Littlemount_Kilambakkam",NULL,NULL,NULL,NULL,"FAILED",269.5,3
36904,"2026-07-28 00:35:20.46101+00","2026-07-28T00:35:11Z_0001_weather","LITTLEMOUNT_KILAMBAKKAM(AT_GRADE_BELOWFLYOVER)_001","Corridor_Littlemount_Kilambakkam",NULL,NULL,NULL,NULL,"FAILED",265.0,3
36905,"2026-07-28 00:35:20.46101+00","2026-07-28T00:35:11Z_0001_weather","LITTLEMOUNT_KILAMBAKKAM_025","Corridor_Littlemount_Kilambakkam",NULL,NULL,NULL,NULL,"FAILED",329.4,3
36906,"2026-07-28 00:35:20.46101+00","2026-07-28T00:35:11Z_0001_weather","KILAMBAKKAM_LITTLEMOUNT_009","Corridor_Littlemount_Kilambakkam",NULL,NULL,NULL,NULL,"FAILED",336.8,3
36907,"2026-07-28 00:35:20.46101+00","2026-07-28T00:35:11Z_0001_weather","KILAMBAKKAM_LITTLEMOUNT(AT_GRADE_BELOWFLYOVER)_002","Corridor_Littlemount_Kilambakkam",NULL,NULL,NULL,NULL,"FAILED",325.0,3
36908,"2026-07-28 00:35:20.46101+00","2026-07-28T00:35:11Z_0001_weather","KILAMBAKKAM_LITTLEMOUNT_019","Corridor_Littlemount_Kilambakkam",NULL,NULL,NULL,NULL,"FAILED",322.8,3
36909,"2026-07-28 00:35:20.46101+00","2026-07-28T00:35:11Z_0001_weather","KILAMBAKKAM_LITTLEMOUNT_024","Corridor_Littlemount_Kilambakkam",NULL,NULL,NULL,NULL,"FAILED",311.8,3
36910,"2026-07-28 00:35:20.46101+00","2026-07-28T00:35:11Z_0001_weather","KILAMBAKKAM_LITTLEMOUNT(AT_GRADE_BELOWFLYOVER)_003","Corridor_Littlemount_Kilambakkam",NULL,NULL,NULL,NULL,"FAILED",317.7,3
36911,"2026-07-28 00:35:20.46101+00","2026-07-28T00:35:11Z_0001_weather","KILAMBAKKAM_LITTLEMOUNT_029","Corridor_Littlemount_Kilambakkam",NULL,NULL,NULL,NULL,"FAILED",324.2,3
36912,"2026-07-28 00:35:20.46101+00","2026-07-28T00:35:11Z_0001_weather","KILAMBAKKAM_LITTLEMOUNT_018","Corridor_Littlemount_Kilambakkam",NULL,NULL,NULL,NULL,"FAILED",327.2,3
36913,"2026-07-28 00:35:20.46101+00","2026-07-28T00:35:11Z_0001_weather","LITTLEMOUNT_KILAMBAKKAM(AT_GRADE_BELOWFLYOVER)_005","Corridor_Littlemount_Kilambakkam",NULL,NULL,NULL,NULL,"FAILED",326.7,3
36914,"2026-07-28 00:35:20.46101+00","2026-07-28T00:35:11Z_0001_weather","KILAMBAKKAM_LITTLEMOUNT_017","Corridor_Littlemount_Kilambakkam",NULL,NULL,NULL,NULL,"FAILED",326.1,3
36915,"2026-07-28 00:35:20.46101+00","2026-07-28T00:35:11Z_0001_weather","KILAMBAKKAM_LITTLEMOUNT_027","Corridor_Littlemount_Kilambakkam",NULL,NULL,NULL,NULL,"FAILED",314.7,3
36916,"2026-07-28 00:35:20.46101+00","2026-07-28T00:35:11Z_0001_weather","LITTLEMOUNT_KILAMBAKKAM_029","Corridor_Littlemount_Kilambakkam",NULL,NULL,NULL,NULL,"FAILED",306.5,3
36917,"2026-07-28 00:35:20.46101+00","2026-07-28T00:35:11Z_0001_weather","LITTLEMOUNT_KILAMBAKKAM_012","Corridor_Littlemount_Kilambakkam",NULL,NULL,NULL,NULL,"FAILED",312.3,3
36918,"2026-07-28 00:35:20.46101+00","2026-07-28T00:35:11Z_0001_weather","LITTLEMOUNT_KILAMBAKKAM_006","Corridor_Littlemount_Kilambakkam",NULL,NULL,NULL,NULL,"FAILED",289.0,3
36919,"2026-07-28 00:35:20.46101+00","2026-07-28T00:35:11Z_0001_weather","KILAMBAKKAM_LITTLEMOUNT_001","Corridor_Littlemount_Kilambakkam",NULL,NULL,NULL,NULL,"FAILED",297.5,3
36920,"2026-07-28 00:35:20.46101+00","2026-07-28T00:35:11Z_0001_weather","LITTLEMOUNT_KILAMBAKKAM_010","Corridor_Littlemount_Kilambakkam",NULL,NULL,NULL,NULL,"FAILED",301.8,3
36921,"2026-07-28 00:35:20.46101+00","2026-07-28T00:35:11Z_0001_weather","LITTLEMOUNT_KILAMBAKKAM_013","Corridor_Littlemount_Kilambakkam",NULL,NULL,NULL,NULL,"FAILED",277.5,3
36922,"2026-07-28 00:35:20.46101+00","2026-07-28T00:35:11Z_0001_weather","LITTLEMOUNT_KILAMBAKKAM(AT_GRADE_BELOWFLYOVER)_003","Corridor_Littlemount_Kilambakkam",NULL,NULL,NULL,NULL,"FAILED",259.1,3
36923,"2026-07-28 00:35:20.46101+00","2026-07-28T00:35:11Z_0001_weather","KILAMBAKKAM_LITTLEMOUNT_012","Corridor_Littlemount_Kilambakkam",NULL,NULL,NULL,NULL,"FAILED",267.8,3
36924,"2026-07-28 00:35:20.46101+00","2026-07-28T00:35:11Z_0001_weather","BROADWAY_KOYEMBEDU_015","EVR Salai",NULL,NULL,NULL,NULL,"FAILED",270.1,3
36925,"2026-07-28 00:35:20.46101+00","2026-07-28T00:35:11Z_0001_weather","LITTLEMOUNT_KILAMBAKKAM_024","Corridor_Littlemount_Kilambakkam",NULL,NULL,NULL,NULL,"FAILED",279.8,3
36926,"2026-07-28 00:35:20.46101+00","2026-07-28T00:35:11Z_0001_weather","LITTLEMOUNT_KILAMBAKKAM_027","Corridor_Littlemount_Kilambakkam",NULL,NULL,NULL,NULL,"FAILED",282.3,3
36927,"2026-07-28 00:35:20.46101+00","2026-07-28T00:35:11Z_0001_weather","LITTLEMOUNT_KILAMBAKKAM_026","Corridor_Littlemount_Kilambakkam",NULL,NULL,NULL,NULL,"FAILED",277.8,3
36928,"2026-07-28 00:35:20.46101+00","2026-07-28T00:35:11Z_0001_weather","LITTLEMOUNT_KILAMBAKKAM_011","Corridor_Littlemount_Kilambakkam",NULL,NULL,NULL,NULL,"FAILED",298.4,3
36929,"2026-07-28 00:35:20.46101+00","2026-07-28T00:35:11Z_0001_weather","LITTLEMOUNT_KILAMBAKKAM_015","Corridor_Littlemount_Kilambakkam",NULL,NULL,NULL,NULL,"FAILED",299.2,3
36930,"2026-07-28 00:35:20.46101+00","2026-07-28T00:35:11Z_0001_weather","LITTLEMOUNT_KILAMBAKKAM_007","Corridor_Littlemount_Kilambakkam",NULL,NULL,NULL,NULL,"FAILED",327.1,3
36931,"2026-07-28 00:35:20.46101+00","2026-07-28T00:35:11Z_0001_weather","KILAMBAKKAM_LITTLEMOUNT_015","Corridor_Littlemount_Kilambakkam",NULL,NULL,NULL,NULL,"FAILED",325.5,3
36932,"2026-07-28 00:35:20.46101+00","2026-07-28T00:35:11Z_0001_weather","LITTLEMOUNT_KILAMBAKKAM_022","Corridor_Littlemount_Kilambakkam",NULL,NULL,NULL,NULL,"FAILED",324.3,3
36933,"2026-07-28 00:35:20.46101+00","2026-07-28T00:35:11Z_0001_weather","BROADWAY_KOYEMBEDU_004","EVR Salai",NULL,NULL,NULL,NULL,"FAILED",325.6,3
36934,"2026-07-28 00:35:20.46101+00","2026-07-28T00:35:11Z_0001_weather","LITTLEMOUNT_KILAMBAKKAM_003","Corridor_Littlemount_Kilambakkam",NULL,NULL,NULL,NULL,"FAILED",340.8,3
36935,"2026-07-28 00:35:20.46101+00","2026-07-28T00:35:11Z_0001_weather","KILAMBAKKAM_LITTLEMOUNT_014","Corridor_Littlemount_Kilambakkam",NULL,NULL,NULL,NULL,"FAILED",317.4,3
36936,"2026-07-28 00:35:20.46101+00","2026-07-28T00:35:11Z_0001_weather","BROADWAY_KOYEMBEDU_013","EVR Salai",NULL,NULL,NULL,NULL,"FAILED",302.0,3
36937,"2026-07-28 00:35:20.46101+00","2026-07-28T00:35:11Z_0001_weather","LITTLEMOUNT_KILAMBAKKAM_005","Corridor_Littlemount_Kilambakkam",NULL,NULL,NULL,NULL,"FAILED",267.3,3
36938,"2026-07-28 00:35:20.46101+00","2026-07-28T00:35:11Z_0001_weather","LITTLEMOUNT_KILAMBAKKAM_031","Corridor_Littlemount_Kilambakkam",NULL,NULL,NULL,NULL,"FAILED",271.5,3
36939,"2026-07-28 00:35:20.46101+00","2026-07-28T00:35:11Z_0001_weather","LITTLEMOUNT_KILAMBAKKAM_001","Corridor_Littlemount_Kilambakkam",NULL,NULL,NULL,NULL,"FAILED",261.9,3
36940,"2026-07-28 00:35:20.46101+00","2026-07-28T00:35:11Z_0001_weather","LITTLEMOUNT_KILAMBAKKAM(AT_GRADE_BELOWFLYOVER)_004","Corridor_Littlemount_Kilambakkam",NULL,NULL,NULL,NULL,"FAILED",260.4,3
36941,"2026-07-28 00:35:20.46101+00","2026-07-28T00:35:11Z_0001_weather","BROADWAY_KOYEMBEDU_010","EVR Salai",NULL,NULL,NULL,NULL,"FAILED",266.6,3
36942,"2026-07-28 00:35:20.46101+00","2026-07-28T00:35:11Z_0001_weather","LITTLEMOUNT_KILAMBAKKAM_028","Corridor_Littlemount_Kilambakkam",NULL,NULL,NULL,NULL,"FAILED",269.2,3
36943,"2026-07-28 00:35:20.46101+00","2026-07-28T00:35:11Z_0001_weather","BROADWAY_KOYEMBEDU_003","EVR Salai",NULL,NULL,NULL,NULL,"FAILED",267.2,3
36944,"2026-07-28 00:35:20.46101+00","2026-07-28T00:35:11Z_0001_weather","LITTLEMOUNT_KILAMBAKKAM_023","Corridor_Littlemount_Kilambakkam",NULL,NULL,NULL,NULL,"FAILED",270.1,3
36945,"2026-07-28 00:35:20.46101+00","2026-07-28T00:35:11Z_0001_weather","LITTLEMOUNT_KILAMBAKKAM(AT_GRADE_BELOWFLYOVER)_002","Corridor_Littlemount_Kilambakkam",NULL,NULL,NULL,NULL,"FAILED",260.0,3
36946,"2026-07-28 00:35:20.46101+00","2026-07-28T00:35:11Z_0001_weather","LITTLEMOUNT_KILAMBAKKAM_021","Corridor_Littlemount_Kilambakkam",NULL,NULL,NULL,NULL,"FAILED",260.4,3
36947,"2026-07-28 00:35:20.46101+00","2026-07-28T00:35:11Z_0001_weather","LITTLEMOUNT_KILAMBAKKAM_008","Corridor_Littlemount_Kilambakkam",NULL,NULL,NULL,NULL,"FAILED",260.2,3
36948,"2026-07-28 00:35:20.46101+00","2026-07-28T00:35:11Z_0001_weather","KILAMBAKKAM_LITTLEMOUNT_022","Corridor_Littlemount_Kilambakkam",NULL,NULL,NULL,NULL,"FAILED",260.3,3
36949,"2026-07-28 00:35:20.46101+00","2026-07-28T00:35:11Z_0001_weather","LITTLEMOUNT_KILAMBAKKAM_014","Corridor_Littlemount_Kilambakkam",NULL,NULL,NULL,NULL,"FAILED",260.1,3
36950,"2026-07-28 00:35:20.46101+00","2026-07-28T00:35:11Z_0001_weather","BROADWAY_KOYEMBEDU_002","EVR Salai",NULL,NULL,NULL,NULL,"FAILED",267.9,3
36951,"2026-07-28 00:35:20.46101+00","2026-07-28T00:35:11Z_0001_weather","LITTLEMOUNT_KILAMBAKKAM_009","Corridor_Littlemount_Kilambakkam",NULL,NULL,NULL,NULL,"FAILED",270.2,3
36952,"2026-07-28 00:35:20.46101+00","2026-07-28T00:35:11Z_0001_weather","LITTLEMOUNT_KILAMBAKKAM_030","Corridor_Littlemount_Kilambakkam",NULL,NULL,NULL,NULL,"FAILED",276.7,3
36953,"2026-07-28 00:35:20.46101+00","2026-07-28T00:35:11Z_0001_weather","BROADWAY_KOYEMBEDU_016","EVR Salai",NULL,NULL,NULL,NULL,"FAILED",261.4,3
36954,"2026-07-28 00:35:20.46101+00","2026-07-28T00:35:11Z_0001_weather","BROADWAY_KOYEMBEDU_009","EVR Salai",NULL,NULL,NULL,NULL,"FAILED",260.4,3
36955,"2026-07-28 00:35:20.46101+00","2026-07-28T00:35:11Z_0001_weather","BROADWAY_KOYEMBEDU_018","EVR Salai",NULL,NULL,NULL,NULL,"FAILED",261.3,3
36956,"2026-07-28 00:35:20.46101+00","2026-07-28T00:35:11Z_0001_weather","BROADWAY_KOYEMBEDU_011","EVR Salai",NULL,NULL,NULL,NULL,"FAILED",261.2,3
36957,"2026-07-28 00:35:20.46101+00","2026-07-28T00:35:11Z_0001_weather","LITTLEMOUNT_KILAMBAKKAM_019","Corridor_Littlemount_Kilambakkam",NULL,NULL,NULL,NULL,"FAILED",261.0,3
36958,"2026-07-28 00:35:20.46101+00","2026-07-28T00:35:11Z_0001_weather","BROADWAY_KOYEMBEDU_021","EVR Salai",NULL,NULL,NULL,NULL,"FAILED",261.7,3
36959,"2026-07-28 00:35:20.46101+00","2026-07-28T00:35:11Z_0001_weather","LITTLEMOUNT_KILAMBAKKAM_032","Corridor_Littlemount_Kilambakkam",NULL,NULL,NULL,NULL,"FAILED",270.9,3
36960,"2026-07-28 00:35:20.46101+00","2026-07-28T00:35:11Z_0001_weather","BROADWAY_KOYEMBEDU_014","EVR Salai",NULL,NULL,NULL,NULL,"FAILED",300.9,3
36961,"2026-07-28 00:35:20.46101+00","2026-07-28T00:35:11Z_0001_weather","KOYEMBEDU_BROADWAY_001","EVR Salai",NULL,NULL,NULL,NULL,"FAILED",277.9,3
36962,"2026-07-28 00:35:20.46101+00","2026-07-28T00:35:11Z_0001_weather","LITTLEMOUNT_KILAMBAKKAM_016","Corridor_Littlemount_Kilambakkam",NULL,NULL,NULL,NULL,"FAILED",282.9,3
36963,"2026-07-28 00:35:20.46101+00","2026-07-28T00:35:11Z_0001_weather","KOYEMBEDU_BROADWAY_007","EVR Salai",NULL,NULL,NULL,NULL,"FAILED",288.6,3
36964,"2026-07-28 00:35:20.46101+00","2026-07-28T00:35:11Z_0001_weather","LITTLEMOUNT_KILAMBAKKAM_020","Corridor_Littlemount_Kilambakkam",NULL,NULL,NULL,NULL,"FAILED",270.9,3
36965,"2026-07-28 00:35:20.46101+00","2026-07-28T00:35:11Z_0001_weather","BROADWAY_KOYEMBEDU_001","EVR Salai",NULL,NULL,NULL,NULL,"FAILED",268.4,3
36966,"2026-07-28 00:35:20.46101+00","2026-07-28T00:35:11Z_0001_weather","KOYEMBEDU_BROADWAY_009","EVR Salai",NULL,NULL,NULL,NULL,"FAILED",298.5,3
36967,"2026-07-28 00:35:20.46101+00","2026-07-28T00:35:11Z_0001_weather","BROADWAY_KOYEMBEDU_023","EVR Salai",NULL,NULL,NULL,NULL,"FAILED",269.6,3
36968,"2026-07-28 00:35:20.46101+00","2026-07-28T00:35:11Z_0001_weather","LITTLEMOUNT_KILAMBAKKAM_017","Corridor_Littlemount_Kilambakkam",NULL,NULL,NULL,NULL,"FAILED",272.8,3
36969,"2026-07-28 00:35:20.46101+00","2026-07-28T00:35:11Z_0001_weather","KOYEMBEDU_BROADWAY_003","EVR Salai",NULL,NULL,NULL,NULL,"FAILED",298.4,3
36970,"2026-07-28 00:35:20.46101+00","2026-07-28T00:35:11Z_0001_weather","KOYEMBEDU_BROADWAY_006","EVR Salai",NULL,NULL,NULL,NULL,"FAILED",261.2,3
36971,"2026-07-28 00:35:20.46101+00","2026-07-28T00:35:11Z_0001_weather","BROADWAY_KOYEMBEDU_005","EVR Salai",NULL,NULL,NULL,NULL,"FAILED",260.6,3
36972,"2026-07-28 00:35:20.46101+00","2026-07-28T00:35:11Z_0001_weather","KOYEMBEDU_BROADWAY_018","EVR Salai",NULL,NULL,NULL,NULL,"FAILED",269.4,3
36973,"2026-07-28 00:35:20.46101+00","2026-07-28T00:35:11Z_0001_weather","BROADWAY_KOYEMBEDU_022","EVR Salai",NULL,NULL,NULL,NULL,"FAILED",286.3,3
36974,"2026-07-28 00:35:20.46101+00","2026-07-28T00:35:11Z_0001_weather","GUINDY_TAMBARAM_009","Guindy-Tambaram",NULL,NULL,NULL,NULL,"FAILED",290.2,3
36975,"2026-07-28 00:35:20.46101+00","2026-07-28T00:35:11Z_0001_weather","GUINDY_TAMBARAM_010","Guindy-Tambaram",NULL,NULL,NULL,NULL,"FAILED",295.2,3
36976,"2026-07-28 00:35:20.46101+00","2026-07-28T00:35:11Z_0001_weather","BROADWAY_KOYEMBEDU_025","EVR Salai",NULL,NULL,NULL,NULL,"FAILED",304.3,3
36977,"2026-07-28 00:35:20.46101+00","2026-07-28T00:35:11Z_0001_weather","KOYEMBEDU_BROADWAY_011","EVR Salai",NULL,NULL,NULL,NULL,"FAILED",298.6,3
36978,"2026-07-28 00:35:20.46101+00","2026-07-28T00:35:11Z_0001_weather","BROADWAY_KOYEMBEDU_006","EVR Salai",NULL,NULL,NULL,NULL,"FAILED",287.8,3
36979,"2026-07-28 00:35:20.46101+00","2026-07-28T00:35:11Z_0001_weather","BROADWAY_KOYEMBEDU_019","EVR Salai",NULL,NULL,NULL,NULL,"FAILED",312.9,3
36980,"2026-07-28 00:35:20.46101+00","2026-07-28T00:35:11Z_0001_weather","BROADWAY_KOYEMBEDU_024","EVR Salai",NULL,NULL,NULL,NULL,"FAILED",318.5,3
36981,"2026-07-28 00:35:20.46101+00","2026-07-28T00:35:11Z_0001_weather","KOYEMBEDU_BROADWAY_002","EVR Salai",NULL,NULL,NULL,NULL,"FAILED",312.6,3
36982,"2026-07-28 00:35:20.46101+00","2026-07-28T00:35:11Z_0001_weather","BROADWAY_KOYEMBEDU_008","EVR Salai",NULL,NULL,NULL,NULL,"FAILED",304.2,3
36983,"2026-07-28 00:35:20.46101+00","2026-07-28T00:35:11Z_0001_weather","KOYEMBEDU_BROADWAY_026","EVR Salai",NULL,NULL,NULL,NULL,"FAILED",299.3,3
36984,"2026-07-28 00:35:20.46101+00","2026-07-28T00:35:11Z_0001_weather","BROADWAY_KOYEMBEDU_020","EVR Salai",NULL,NULL,NULL,NULL,"FAILED",277.7,3
36985,"2026-07-28 00:35:20.46101+00","2026-07-28T00:35:11Z_0001_weather","KOYEMBEDU_BROADWAY_024","EVR Salai",NULL,NULL,NULL,NULL,"FAILED",265.0,3
36986,"2026-07-28 00:35:20.46101+00","2026-07-28T00:35:11Z_0001_weather","KOYEMBEDU_BROADWAY_020","EVR Salai",NULL,NULL,NULL,NULL,"FAILED",270.0,3
36987,"2026-07-28 00:35:20.46101+00","2026-07-28T00:35:11Z_0001_weather","GUINDY_TAMBARAM_014","Guindy-Tambaram",NULL,NULL,NULL,NULL,"FAILED",259.7,3
36988,"2026-07-28 00:35:20.46101+00","2026-07-28T00:35:11Z_0001_weather","BROADWAY_KOYEMBEDU_017","EVR Salai",NULL,NULL,NULL,NULL,"FAILED",261.3,3
36989,"2026-07-28 00:35:20.46101+00","2026-07-28T00:35:11Z_0001_weather","KOYEMBEDU_BROADWAY_023","EVR Salai",NULL,NULL,NULL,NULL,"FAILED",281.9,3
36990,"2026-07-28 00:35:20.46101+00","2026-07-28T00:35:11Z_0001_weather","GUINDY_TAMBARAM_004","Guindy-Tambaram",NULL,NULL,NULL,NULL,"FAILED",310.7,3
36991,"2026-07-28 00:35:20.46101+00","2026-07-28T00:35:11Z_0001_weather","GUINDY_TAMBARAM_006","Guindy-Tambaram",NULL,NULL,NULL,NULL,"FAILED",295.2,3
36992,"2026-07-28 00:35:20.46101+00","2026-07-28T00:35:11Z_0001_weather","BROADWAY_KOYEMBEDU_012","EVR Salai",NULL,NULL,NULL,NULL,"FAILED",295.4,3
36993,"2026-07-28 00:35:20.46101+00","2026-07-28T00:35:11Z_0001_weather","KOYEMBEDU_BROADWAY_010","EVR Salai",NULL,NULL,NULL,NULL,"FAILED",305.3,3
36994,"2026-07-28 00:35:20.46101+00","2026-07-28T00:35:11Z_0001_weather","BROADWAY_KOYEMBEDU_026","EVR Salai",NULL,NULL,NULL,NULL,"FAILED",306.1,3
36995,"2026-07-28 00:35:20.46101+00","2026-07-28T00:35:11Z_0001_weather","GUINDY_TAMBARAM_030","Guindy-Tambaram",NULL,NULL,NULL,NULL,"FAILED",309.6,3
36996,"2026-07-28 00:35:20.46101+00","2026-07-28T00:35:11Z_0001_weather","KOYEMBEDU_BROADWAY_004","EVR Salai",NULL,NULL,NULL,NULL,"FAILED",296.4,3
36997,"2026-07-28 00:35:20.46101+00","2026-07-28T00:35:11Z_0001_weather","KOYEMBEDU_BROADWAY_008","EVR Salai",NULL,NULL,NULL,NULL,"FAILED",278.5,3
36998,"2026-07-28 00:35:20.46101+00","2026-07-28T00:35:11Z_0001_weather","GUINDY_TAMBARAM_016","Guindy-Tambaram",NULL,NULL,NULL,NULL,"FAILED",276.7,3
36999,"2026-07-28 00:35:20.46101+00","2026-07-28T00:35:11Z_0001_weather","BROADWAY_KOYEMBEDU_007","EVR Salai",NULL,NULL,NULL,NULL,"FAILED",285.8,3
37000,"2026-07-28 00:35:20.46101+00","2026-07-28T00:35:11Z_0001_weather","KOYEMBEDU_BROADWAY_013","EVR Salai",NULL,NULL,NULL,NULL,"FAILED",260.6,3
37001,"2026-07-28 00:35:20.46101+00","2026-07-28T00:35:11Z_0001_weather","KOYEMBEDU_BROADWAY_016","EVR Salai",NULL,NULL,NULL,NULL,"FAILED",266.2,3
37002,"2026-07-28 00:35:20.46101+00","2026-07-28T00:35:11Z_0001_weather","GUINDY_TAMBARAM_025","Guindy-Tambaram",NULL,NULL,NULL,NULL,"FAILED",269.6,3
37003,"2026-07-28 00:35:20.46101+00","2026-07-28T00:35:11Z_0001_weather","KOYEMBEDU_BROADWAY_017","EVR Salai",NULL,NULL,NULL,NULL,"FAILED",265.9,3
37004,"2026-07-28 00:35:20.46101+00","2026-07-28T00:35:11Z_0001_weather","GUINDY_TAMBARAM_002","Guindy-Tambaram",NULL,NULL,NULL,NULL,"FAILED",259.4,3
37005,"2026-07-28 00:35:20.46101+00","2026-07-28T00:35:11Z_0001_weather","KOYEMBEDU_BROADWAY_014","EVR Salai",NULL,NULL,NULL,NULL,"FAILED",261.3,3
37006,"2026-07-28 00:35:20.46101+00","2026-07-28T00:35:11Z_0001_weather","GUINDY_TAMBARAM_019","Guindy-Tambaram",NULL,NULL,NULL,NULL,"FAILED",259.8,3
37007,"2026-07-28 00:35:20.46101+00","2026-07-28T00:35:11Z_0001_weather","GUINDY_TAMBARAM_018","Guindy-Tambaram",NULL,NULL,NULL,NULL,"FAILED",270.0,3
37008,"2026-07-28 00:35:20.46101+00","2026-07-28T00:35:11Z_0001_weather","GUINDY_TAMBARAM_005","Guindy-Tambaram",NULL,NULL,NULL,NULL,"FAILED",261.9,3
37009,"2026-07-28 00:35:20.46101+00","2026-07-28T00:35:11Z_0001_weather","KOYEMBEDU_BROADWAY_022","EVR Salai",NULL,NULL,NULL,NULL,"FAILED",260.1,3
37010,"2026-07-28 00:35:20.46101+00","2026-07-28T00:35:11Z_0001_weather","GUINDY_TAMBARAM_028","Guindy-Tambaram",NULL,NULL,NULL,NULL,"FAILED",262.1,3
37011,"2026-07-28 00:35:20.46101+00","2026-07-28T00:35:11Z_0001_weather","GUINDY_TAMBARAM_026","Guindy-Tambaram",NULL,NULL,NULL,NULL,"FAILED",262.1,3
37012,"2026-07-28 00:35:20.46101+00","2026-07-28T00:35:11Z_0001_weather","TAMBARAM_GUINDY_001","Guindy-Tambaram",NULL,NULL,NULL,NULL,"FAILED",260.9,3
37013,"2026-07-28 00:35:20.46101+00","2026-07-28T00:35:11Z_0001_weather","GUINDY_TAMBARAM_017","Guindy-Tambaram",NULL,NULL,NULL,NULL,"FAILED",266.9,3
37014,"2026-07-28 00:35:20.46101+00","2026-07-28T00:35:11Z_0001_weather","GUINDY_TAMBARAM_032","Guindy-Tambaram",NULL,NULL,NULL,NULL,"FAILED",260.5,3
37015,"2026-07-28 00:35:20.46101+00","2026-07-28T00:35:11Z_0001_weather","GUINDY_TAMBARAM_001","Guindy-Tambaram",NULL,NULL,NULL,NULL,"FAILED",260.9,3
37016,"2026-07-28 00:35:20.46101+00","2026-07-28T00:35:11Z_0001_weather","GUINDY_TAMBARAM_012","Guindy-Tambaram",NULL,NULL,NULL,NULL,"FAILED",260.7,3
37017,"2026-07-28 00:35:20.46101+00","2026-07-28T00:35:11Z_0001_weather","GUINDY_TAMBARAM_008","Guindy-Tambaram",NULL,NULL,NULL,NULL,"FAILED",262.0,3
37018,"2026-07-28 00:35:20.46101+00","2026-07-28T00:35:11Z_0001_weather","KOYEMBEDU_BROADWAY_015","EVR Salai",NULL,NULL,NULL,NULL,"FAILED",261.6,3
37019,"2026-07-28 00:35:20.46101+00","2026-07-28T00:35:11Z_0001_weather","GUINDY_TAMBARAM_021","Guindy-Tambaram",NULL,NULL,NULL,NULL,"FAILED",261.3,3
37020,"2026-07-28 00:35:20.46101+00","2026-07-28T00:35:11Z_0001_weather","KOYEMBEDU_BROADWAY_021","EVR Salai",NULL,NULL,NULL,NULL,"FAILED",271.4,3
37021,"2026-07-28 00:35:20.46101+00","2026-07-28T00:35:11Z_0001_weather","GUINDY_TAMBARAM_013","Guindy-Tambaram",NULL,NULL,NULL,NULL,"FAILED",311.9,3
37022,"2026-07-28 00:35:20.46101+00","2026-07-28T00:35:11Z_0001_weather","KOYEMBEDU_BROADWAY_025","EVR Salai",NULL,NULL,NULL,NULL,"FAILED",321.4,3
37023,"2026-07-28 00:35:20.46101+00","2026-07-28T00:35:11Z_0001_weather","GUINDY_TAMBARAM_011","Guindy-Tambaram",NULL,NULL,NULL,NULL,"FAILED",343.7,3
37024,"2026-07-28 00:35:20.46101+00","2026-07-28T00:35:11Z_0001_weather","TAMBARAM_GUINDY_012","Guindy-Tambaram",NULL,NULL,NULL,NULL,"FAILED",334.4,3
37025,"2026-07-28 00:35:20.46101+00","2026-07-28T00:35:11Z_0001_weather","KOYEMBEDU_BROADWAY_019","EVR Salai",NULL,NULL,NULL,NULL,"FAILED",351.5,3
37026,"2026-07-28 00:35:20.46101+00","2026-07-28T00:35:11Z_0001_weather","KOYEMBEDU_BROADWAY_005","EVR Salai",NULL,NULL,NULL,NULL,"FAILED",358.6,3
37027,"2026-07-28 00:35:20.46101+00","2026-07-28T00:35:11Z_0001_weather","GUINDY_TAMBARAM_020","Guindy-Tambaram",NULL,NULL,NULL,NULL,"FAILED",368.1,3
37028,"2026-07-28 00:35:20.46101+00","2026-07-28T00:35:11Z_0001_weather","TAMBARAM_GUINDY_023","Guindy-Tambaram",NULL,NULL,NULL,NULL,"FAILED",384.4,3
37029,"2026-07-28 00:35:20.46101+00","2026-07-28T00:35:11Z_0001_weather","GUINDY_TAMBARAM_029","Guindy-Tambaram",NULL,NULL,NULL,NULL,"FAILED",395.5,3
37030,"2026-07-28 00:35:20.46101+00","2026-07-28T00:35:11Z_0001_weather","GUINDY_TAMBARAM_023","Guindy-Tambaram",NULL,NULL,NULL,NULL,"FAILED",395.3,3
37031,"2026-07-28 00:35:20.46101+00","2026-07-28T00:35:11Z_0001_weather","KOYEMBEDU_BROADWAY_012","EVR Salai",NULL,NULL,NULL,NULL,"FAILED",403.5,3
37032,"2026-07-28 00:35:20.46101+00","2026-07-28T00:35:11Z_0001_weather","GUINDY_TAMBARAM_031","Guindy-Tambaram",NULL,NULL,NULL,NULL,"FAILED",403.9,3
37033,"2026-07-28 00:35:20.46101+00","2026-07-28T00:35:11Z_0001_weather","TAMBARAM_GUINDY_015","Guindy-Tambaram",NULL,NULL,NULL,NULL,"FAILED",334.9,3
37034,"2026-07-28 00:35:20.46101+00","2026-07-28T00:35:11Z_0001_weather","GUINDY_TAMBARAM_003","Guindy-Tambaram",NULL,NULL,NULL,NULL,"FAILED",314.9,3
37035,"2026-07-28 00:35:20.46101+00","2026-07-28T00:35:11Z_0001_weather","GUINDY_TAMBARAM_027","Guindy-Tambaram",NULL,NULL,NULL,NULL,"FAILED",314.8,3
37036,"2026-07-28 00:35:20.46101+00","2026-07-28T00:35:11Z_0001_weather","GUINDY_TAMBARAM_007","Guindy-Tambaram",NULL,NULL,NULL,NULL,"FAILED",370.6,3
37037,"2026-07-28 00:35:20.46101+00","2026-07-28T00:35:11Z_0001_weather","GUINDY_TAMBARAM_037","Guindy-Tambaram",NULL,NULL,NULL,NULL,"FAILED",330.2,3
37038,"2026-07-28 00:35:20.46101+00","2026-07-28T00:35:11Z_0001_weather","GUINDY_TAMBARAM_040","Guindy-Tambaram",NULL,NULL,NULL,NULL,"FAILED",328.7,3
37039,"2026-07-28 00:35:20.46101+00","2026-07-28T00:35:11Z_0001_weather","GUINDY_TAMBARAM_015","Guindy-Tambaram",NULL,NULL,NULL,NULL,"FAILED",345.5,3
37040,"2026-07-28 00:35:20.46101+00","2026-07-28T00:35:11Z_0001_weather","TAMBARAM_GUINDY_016","Guindy-Tambaram",NULL,NULL,NULL,NULL,"FAILED",337.7,3
37041,"2026-07-28 00:35:20.46101+00","2026-07-28T00:35:11Z_0001_weather","TAMBARAM_GUINDY_006","Guindy-Tambaram",NULL,NULL,NULL,NULL,"FAILED",394.2,3
37042,"2026-07-28 00:35:20.46101+00","2026-07-28T00:35:11Z_0001_weather","GUINDY_TAMBARAM_024","Guindy-Tambaram",NULL,NULL,NULL,NULL,"FAILED",374.5,3
37043,"2026-07-28 00:35:20.46101+00","2026-07-28T00:35:11Z_0001_weather","GUINDY_TAMBARAM_022","Guindy-Tambaram",NULL,NULL,NULL,NULL,"FAILED",391.9,3
37044,"2026-07-28 00:35:20.46101+00","2026-07-28T00:35:11Z_0001_weather","GUINDY_TAMBARAM_036","Guindy-Tambaram",NULL,NULL,NULL,NULL,"FAILED",365.5,3
37045,"2026-07-28 00:35:20.46101+00","2026-07-28T00:35:11Z_0001_weather","TAMBARAM_GUINDY_003","Guindy-Tambaram",NULL,NULL,NULL,NULL,"FAILED",364.7,3
37046,"2026-07-28 00:35:20.46101+00","2026-07-28T00:35:11Z_0001_weather","TAMBARAM_GUINDY_030","Guindy-Tambaram",NULL,NULL,NULL,NULL,"FAILED",348.4,3
37047,"2026-07-28 00:35:20.46101+00","2026-07-28T00:35:11Z_0001_weather","TAMBARAM_GUINDY_011","Guindy-Tambaram",NULL,NULL,NULL,NULL,"FAILED",349.7,3
37048,"2026-07-28 00:35:20.46101+00","2026-07-28T00:35:11Z_0001_weather","GUINDY_TAMBARAM_038","Guindy-Tambaram",NULL,NULL,NULL,NULL,"FAILED",360.7,3
37049,"2026-07-28 00:35:20.46101+00","2026-07-28T00:35:11Z_0001_weather","TAMBARAM_GUINDY_021","Guindy-Tambaram",NULL,NULL,NULL,NULL,"FAILED",367.6,3
37050,"2026-07-28 00:35:20.46101+00","2026-07-28T00:35:11Z_0001_weather","TAMBARAM_GUINDY_022","Guindy-Tambaram",NULL,NULL,NULL,NULL,"FAILED",367.9,3
37051,"2026-07-28 00:35:20.46101+00","2026-07-28T00:35:11Z_0001_weather","TAMBARAM_GUINDY_019","Guindy-Tambaram",NULL,NULL,NULL,NULL,"FAILED",306.2,3
37052,"2026-07-28 00:35:20.46101+00","2026-07-28T00:35:11Z_0001_weather","TAMBARAM_GUINDY_035","Guindy-Tambaram",NULL,NULL,NULL,NULL,"FAILED",269.0,3
37053,"2026-07-28 00:35:20.46101+00","2026-07-28T00:35:11Z_0001_weather","GUINDY_TAMBARAM_033","Guindy-Tambaram",NULL,NULL,NULL,NULL,"FAILED",263.8,3
37054,"2026-07-28 00:35:20.46101+00","2026-07-28T00:35:11Z_0001_weather","CENTRAL_PUZHAL_ATGRADE_002","Puzhal-Central",NULL,NULL,NULL,NULL,"FAILED",265.9,3
37055,"2026-07-28 00:35:20.46101+00","2026-07-28T00:35:11Z_0001_weather","GUINDY_TAMBARAM_035","Guindy-Tambaram",NULL,NULL,NULL,NULL,"FAILED",266.1,3
37056,"2026-07-28 00:35:20.46101+00","2026-07-28T00:35:11Z_0001_weather","TAMBARAM_GUINDY_025","Guindy-Tambaram",NULL,NULL,NULL,NULL,"FAILED",261.1,3
37057,"2026-07-28 00:35:20.46101+00","2026-07-28T00:35:11Z_0001_weather","TAMBARAM_GUINDY_024","Guindy-Tambaram",NULL,NULL,NULL,NULL,"FAILED",263.8,3
37058,"2026-07-28 00:35:20.46101+00","2026-07-28T00:35:11Z_0001_weather","TAMBARAM_GUINDY_005","Guindy-Tambaram",NULL,NULL,NULL,NULL,"FAILED",281.9,3
37059,"2026-07-28 00:35:20.46101+00","2026-07-28T00:35:11Z_0001_weather","TAMBARAM_GUINDY_018","Guindy-Tambaram",NULL,NULL,NULL,NULL,"FAILED",264.5,3
37060,"2026-07-28 00:35:20.46101+00","2026-07-28T00:35:11Z_0001_weather","TAMBARAM_GUINDY_027","Guindy-Tambaram",NULL,NULL,NULL,NULL,"FAILED",261.1,3
37061,"2026-07-28 00:35:20.46101+00","2026-07-28T00:35:11Z_0001_weather","TAMBARAM_GUINDY_026","Guindy-Tambaram",NULL,NULL,NULL,NULL,"FAILED",322.3,3
37062,"2026-07-28 00:35:20.46101+00","2026-07-28T00:35:11Z_0001_weather","CENTRAL_PUZHAL_017","Puzhal-Central",NULL,NULL,NULL,NULL,"FAILED",330.4,3
37063,"2026-07-28 00:35:20.46101+00","2026-07-28T00:35:11Z_0001_weather","TAMBARAM_GUINDY_004","Guindy-Tambaram",NULL,NULL,NULL,NULL,"FAILED",330.0,3
37064,"2026-07-28 00:35:20.46101+00","2026-07-28T00:35:11Z_0001_weather","CENTRAL_PUZHAL_007","Puzhal-Central",NULL,NULL,NULL,NULL,"FAILED",333.1,3
37065,"2026-07-28 00:35:20.46101+00","2026-07-28T00:35:11Z_0001_weather","GUINDY_TAMBARAM_039","Guindy-Tambaram",NULL,NULL,NULL,NULL,"FAILED",326.1,3
37066,"2026-07-28 00:35:20.46101+00","2026-07-28T00:35:11Z_0001_weather","CENTRAL_PUZHAL_003","Puzhal-Central",NULL,NULL,NULL,NULL,"FAILED",314.9,3
37067,"2026-07-28 00:35:20.46101+00","2026-07-28T00:35:11Z_0001_weather","GUINDY_TAMBARAM_034","Guindy-Tambaram",NULL,NULL,NULL,NULL,"FAILED",336.8,3
37068,"2026-07-28 00:35:20.46101+00","2026-07-28T00:35:11Z_0001_weather","TAMBARAM_GUINDY_009","Guindy-Tambaram",NULL,NULL,NULL,NULL,"FAILED",347.9,3
37069,"2026-07-28 00:35:20.46101+00","2026-07-28T00:35:11Z_0001_weather","GUINDY_TAMBARAM_041","Guindy-Tambaram",NULL,NULL,NULL,NULL,"FAILED",348.2,3
37070,"2026-07-28 00:35:20.46101+00","2026-07-28T00:35:11Z_0001_weather","TAMBARAM_GUINDY_007","Guindy-Tambaram",NULL,NULL,NULL,NULL,"FAILED",341.3,3
37071,"2026-07-28 00:35:20.46101+00","2026-07-28T00:35:11Z_0001_weather","TAMBARAM_GUINDY_039","Guindy-Tambaram",NULL,NULL,NULL,NULL,"FAILED",340.4,3
37072,"2026-07-28 00:35:20.46101+00","2026-07-28T00:35:11Z_0001_weather","TAMBARAM_GUINDY_031","Guindy-Tambaram",NULL,NULL,NULL,NULL,"FAILED",342.2,3
37073,"2026-07-28 00:35:20.46101+00","2026-07-28T00:35:11Z_0001_weather","TAMBARAM_GUINDY_014","Guindy-Tambaram",NULL,NULL,NULL,NULL,"FAILED",349.2,3
37074,"2026-07-28 00:35:20.46101+00","2026-07-28T00:35:11Z_0001_weather","PUZHAL_CENTRAL_006","Puzhal-Central",NULL,NULL,NULL,NULL,"FAILED",344.8,3
37075,"2026-07-28 00:35:20.46101+00","2026-07-28T00:35:11Z_0001_weather","TAMBARAM_GUINDY_034","Guindy-Tambaram",NULL,NULL,NULL,NULL,"FAILED",351.5,3
37076,"2026-07-28 00:35:20.46101+00","2026-07-28T00:35:11Z_0001_weather","CENTRAL_PUZHAL_002","Puzhal-Central",NULL,NULL,NULL,NULL,"FAILED",360.9,3
37077,"2026-07-28 00:35:20.46101+00","2026-07-28T00:35:11Z_0001_weather","TAMBARAM_GUINDY_020","Guindy-Tambaram",NULL,NULL,NULL,NULL,"FAILED",357.5,3
37078,"2026-07-28 00:35:20.46101+00","2026-07-28T00:35:11Z_0001_weather","TAMBARAM_GUINDY_028","Guindy-Tambaram",NULL,NULL,NULL,NULL,"FAILED",349.0,3
37079,"2026-07-28 00:35:20.46101+00","2026-07-28T00:35:11Z_0001_weather","TAMBARAM_GUINDY_017","Guindy-Tambaram",NULL,NULL,NULL,NULL,"FAILED",353.3,3
37080,"2026-07-28 00:35:20.46101+00","2026-07-28T00:35:11Z_0001_weather","TAMBARAM_GUINDY_038","Guindy-Tambaram",NULL,NULL,NULL,NULL,"FAILED",340.9,3
37081,"2026-07-28 00:35:20.46101+00","2026-07-28T00:35:11Z_0001_weather","TAMBARAM_GUINDY_008","Guindy-Tambaram",NULL,NULL,NULL,NULL,"FAILED",386.5,3
37082,"2026-07-28 00:35:20.46101+00","2026-07-28T00:35:11Z_0001_weather","CENTRAL_PUZHAL_020","Puzhal-Central",NULL,NULL,NULL,NULL,"FAILED",392.1,3
37083,"2026-07-28 00:35:20.46101+00","2026-07-28T00:35:11Z_0001_weather","CENTRAL_PUZHAL_004","Puzhal-Central",NULL,NULL,NULL,NULL,"FAILED",372.7,3
37084,"2026-07-28 00:35:20.46101+00","2026-07-28T00:35:11Z_0001_weather","CENTRAL_PUZHAL_001","Puzhal-Central",NULL,NULL,NULL,NULL,"FAILED",385.7,3
37085,"2026-07-28 00:35:20.46101+00","2026-07-28T00:35:11Z_0001_weather","CENTRAL_PUZHAL_011","Puzhal-Central",NULL,NULL,NULL,NULL,"FAILED",364.6,3
37086,"2026-07-28 00:35:20.46101+00","2026-07-28T00:35:11Z_0001_weather","CENTRAL_PUZHAL_006","Puzhal-Central",NULL,NULL,NULL,NULL,"FAILED",374.9,3
37087,"2026-07-28 00:35:20.46101+00","2026-07-28T00:35:11Z_0001_weather","TAMBARAM_GUINDY_010","Guindy-Tambaram",NULL,NULL,NULL,NULL,"FAILED",389.8,3
37088,"2026-07-28 00:35:20.46101+00","2026-07-28T00:35:11Z_0001_weather","TAMBARAM_GUINDY_002","Guindy-Tambaram",NULL,NULL,NULL,NULL,"FAILED",401.2,3
37089,"2026-07-28 00:35:20.46101+00","2026-07-28T00:35:11Z_0001_weather","CENTRAL_PUZHAL_009","Puzhal-Central",NULL,NULL,NULL,NULL,"FAILED",375.4,3
37090,"2026-07-28 00:35:20.46101+00","2026-07-28T00:35:11Z_0001_weather","CENTRAL_PUZHAL_026","Puzhal-Central",NULL,NULL,NULL,NULL,"FAILED",369.3,3
37091,"2026-07-28 00:35:20.46101+00","2026-07-28T00:35:11Z_0001_weather","CENTRAL_PUZHAL_024","Puzhal-Central",NULL,NULL,NULL,NULL,"FAILED",374.5,3
37092,"2026-07-28 00:35:20.46101+00","2026-07-28T00:35:11Z_0001_weather","CENTRAL_PUZHAL_023","Puzhal-Central",NULL,NULL,NULL,NULL,"FAILED",366.4,3
37093,"2026-07-28 00:35:20.46101+00","2026-07-28T00:35:11Z_0001_weather","CENTRAL_PUZHAL_016","Puzhal-Central",NULL,NULL,NULL,NULL,"FAILED",366.0,3
37094,"2026-07-28 00:35:20.46101+00","2026-07-28T00:35:11Z_0001_weather","TAMBARAM_GUINDY_037","Guindy-Tambaram",NULL,NULL,NULL,NULL,"FAILED",320.7,3
37095,"2026-07-28 00:35:20.46101+00","2026-07-28T00:35:11Z_0001_weather","CENTRAL_PUZHAL_015","Puzhal-Central",NULL,NULL,NULL,NULL,"FAILED",335.5,3
37096,"2026-07-28 00:35:20.46101+00","2026-07-28T00:35:11Z_0001_weather","TAMBARAM_GUINDY_036","Guindy-Tambaram",NULL,NULL,NULL,NULL,"FAILED",335.5,3
37097,"2026-07-28 00:35:20.46101+00","2026-07-28T00:35:11Z_0001_weather","CENTRAL_PUZHAL_013","Puzhal-Central",NULL,NULL,NULL,NULL,"FAILED",321.2,3
37098,"2026-07-28 00:35:20.46101+00","2026-07-28T00:35:11Z_0001_weather","CENTRAL_PUZHAL_018","Puzhal-Central",NULL,NULL,NULL,NULL,"FAILED",339.6,3
37099,"2026-07-28 00:35:20.46101+00","2026-07-28T00:35:11Z_0001_weather","PUZHAL_CENTRAL_008","Puzhal-Central",NULL,NULL,NULL,NULL,"FAILED",284.0,3
37100,"2026-07-28 00:35:20.46101+00","2026-07-28T00:35:11Z_0001_weather","TAMBARAM_GUINDY_029","Guindy-Tambaram",NULL,NULL,NULL,NULL,"FAILED",281.3,3
37101,"2026-07-28 00:35:20.46101+00","2026-07-28T00:35:11Z_0001_weather","CENTRAL_PUZHAL_027","Puzhal-Central",NULL,NULL,NULL,NULL,"FAILED",335.2,3
37102,"2026-07-28 00:35:20.46101+00","2026-07-28T00:35:11Z_0001_weather","TAMBARAM_GUINDY_013","Guindy-Tambaram",NULL,NULL,NULL,NULL,"FAILED",296.9,3
37103,"2026-07-28 00:35:20.46101+00","2026-07-28T00:35:11Z_0001_weather","PUZHAL_CENTRAL_002","Puzhal-Central",NULL,NULL,NULL,NULL,"FAILED",378.1,3
37104,"2026-07-28 00:35:20.46101+00","2026-07-28T00:35:11Z_0001_weather","TAMBARAM_GUINDY_032","Guindy-Tambaram",NULL,NULL,NULL,NULL,"FAILED",311.6,3
37105,"2026-07-28 00:35:20.46101+00","2026-07-28T00:35:11Z_0001_weather","TAMBARAM_GUINDY_033","Guindy-Tambaram",NULL,NULL,NULL,NULL,"FAILED",286.2,3
37106,"2026-07-28 00:35:20.46101+00","2026-07-28T00:35:11Z_0001_weather","PUZHAL_CENTRAL_003","Puzhal-Central",NULL,NULL,NULL,NULL,"FAILED",260.2,3
37107,"2026-07-28 00:35:20.46101+00","2026-07-28T00:35:11Z_0001_weather","CENTRAL_PUZHAL_010","Puzhal-Central",NULL,NULL,NULL,NULL,"FAILED",272.3,3
37108,"2026-07-28 00:35:20.46101+00","2026-07-28T00:35:11Z_0001_weather","PUZHAL_CENTRAL_013","Puzhal-Central",NULL,NULL,NULL,NULL,"FAILED",272.5,3
37109,"2026-07-28 00:35:20.46101+00","2026-07-28T00:35:11Z_0001_weather","CENTRAL_PUZHAL_ATGRADE_004","Puzhal-Central",NULL,NULL,NULL,NULL,"FAILED",273.6,3
37110,"2026-07-28 00:35:20.46101+00","2026-07-28T00:35:11Z_0001_weather","CENTRAL_PUZHAL_019","Puzhal-Central",NULL,NULL,NULL,NULL,"FAILED",295.9,3
37111,"2026-07-28 00:35:20.46101+00","2026-07-28T00:35:11Z_0001_weather","PUZHAL_CENTRAL_ATGRADE_004","Puzhal-Central",NULL,NULL,NULL,NULL,"FAILED",260.5,3
37112,"2026-07-28 00:35:20.46101+00","2026-07-28T00:35:11Z_0001_weather","PUZHAL_CENTRAL_004","Puzhal-Central",NULL,NULL,NULL,NULL,"FAILED",260.7,3
37113,"2026-07-28 00:35:20.46101+00","2026-07-28T00:35:11Z_0001_weather","CENTRAL_PUZHAL_014","Puzhal-Central",NULL,NULL,NULL,NULL,"FAILED",261.4,3
37114,"2026-07-28 00:35:20.46101+00","2026-07-28T00:35:11Z_0001_weather","PUZHAL_CENTRAL_001","Puzhal-Central",NULL,NULL,NULL,NULL,"FAILED",260.7,3
37115,"2026-07-28 00:35:20.46101+00","2026-07-28T00:35:11Z_0001_weather","CENTRAL_PUZHAL_012","Puzhal-Central",NULL,NULL,NULL,NULL,"FAILED",260.5,3
37116,"2026-07-28 00:35:20.46101+00","2026-07-28T00:35:11Z_0001_weather","CENTRAL_PUZHAL_022","Puzhal-Central",NULL,NULL,NULL,NULL,"FAILED",262.2,3
37117,"2026-07-28 00:35:20.46101+00","2026-07-28T00:35:11Z_0001_weather","PUZHAL_CENTRAL_017","Puzhal-Central",NULL,NULL,NULL,NULL,"FAILED",263.8,3
37118,"2026-07-28 00:35:20.46101+00","2026-07-28T00:35:11Z_0001_weather","PALLAVARAM_THORAIPAKKAM_003","Thoraipakkam-Pallavaram",NULL,NULL,NULL,NULL,"FAILED",261.6,3
37119,"2026-07-28 00:35:20.46101+00","2026-07-28T00:35:11Z_0001_weather","CENTRAL_PUZHAL_005","Puzhal-Central",NULL,NULL,NULL,NULL,"FAILED",282.2,3
37120,"2026-07-28 00:35:20.46101+00","2026-07-28T00:35:11Z_0001_weather","CENTRAL_PUZHAL_008","Puzhal-Central",NULL,NULL,NULL,NULL,"FAILED",260.7,3
37121,"2026-07-28 00:35:20.46101+00","2026-07-28T00:35:11Z_0001_weather","PUZHAL_CENTRAL_009","Puzhal-Central",NULL,NULL,NULL,NULL,"FAILED",288.4,3
37122,"2026-07-28 00:35:20.46101+00","2026-07-28T00:35:11Z_0001_weather","PUZHAL_CENTRAL_005","Puzhal-Central",NULL,NULL,NULL,NULL,"FAILED",287.2,3
37123,"2026-07-28 00:35:20.46101+00","2026-07-28T00:35:11Z_0001_weather","PUZHAL_CENTRAL_007","Puzhal-Central",NULL,NULL,NULL,NULL,"FAILED",301.1,3
37124,"2026-07-28 00:35:20.46101+00","2026-07-28T00:35:11Z_0001_weather","PUZHAL_CENTRAL_011","Puzhal-Central",NULL,NULL,NULL,NULL,"FAILED",282.2,3
37125,"2026-07-28 00:35:20.46101+00","2026-07-28T00:35:11Z_0001_weather","CENTRAL_PUZHAL_021","Puzhal-Central",NULL,NULL,NULL,NULL,"FAILED",289.8,3
37126,"2026-07-28 00:35:20.46101+00","2026-07-28T00:35:11Z_0001_weather","PUZHAL_CENTRAL_ATGRADE_002","Puzhal-Central",NULL,NULL,NULL,NULL,"FAILED",286.3,3
37127,"2026-07-28 00:35:20.46101+00","2026-07-28T00:35:11Z_0001_weather","CENTRAL_PUZHAL_ATGRADE_001","Puzhal-Central",NULL,NULL,NULL,NULL,"FAILED",260.4,3
37128,"2026-07-28 00:35:20.46101+00","2026-07-28T00:35:11Z_0001_weather","CENTRAL_PUZHAL_025","Puzhal-Central",NULL,NULL,NULL,NULL,"FAILED",269.9,3
37129,"2026-07-28 00:35:20.46101+00","2026-07-28T00:35:11Z_0001_weather","PUZHAL_CENTRAL_022","Puzhal-Central",NULL,NULL,NULL,NULL,"FAILED",266.5,3
37130,"2026-07-28 00:35:20.46101+00","2026-07-28T00:35:11Z_0001_weather","PUZHAL_CENTRAL_010","Puzhal-Central",NULL,NULL,NULL,NULL,"FAILED",270.1,3
37131,"2026-07-28 00:35:20.46101+00","2026-07-28T00:35:11Z_0001_weather","PUZHAL_CENTRAL_015","Puzhal-Central",NULL,NULL,NULL,NULL,"FAILED",262.0,3
37132,"2026-07-28 00:35:20.46101+00","2026-07-28T00:35:11Z_0001_weather","PUZHAL_CENTRAL_020","Puzhal-Central",NULL,NULL,NULL,NULL,"FAILED",261.8,3
37133,"2026-07-28 00:35:20.46101+00","2026-07-28T00:35:11Z_0001_weather","PUZHAL_CENTRAL_014","Puzhal-Central",NULL,NULL,NULL,NULL,"FAILED",266.7,3
37134,"2026-07-28 00:35:20.46101+00","2026-07-28T00:35:11Z_0001_weather","CENTRAL_PUZHAL_ATGRADE_003","Puzhal-Central",NULL,NULL,NULL,NULL,"FAILED",261.1,3
37135,"2026-07-28 00:35:20.46101+00","2026-07-28T00:35:11Z_0001_weather","PALLAVARAM_THORAIPAKKAM_001","Thoraipakkam-Pallavaram",NULL,NULL,NULL,NULL,"FAILED",261.7,3
37136,"2026-07-28 00:35:20.46101+00","2026-07-28T00:35:11Z_0001_weather","PUZHAL_CENTRAL_012","Puzhal-Central",NULL,NULL,NULL,NULL,"FAILED",261.6,3
37137,"2026-07-28 00:35:20.46101+00","2026-07-28T00:35:11Z_0001_weather","PALLAVARAM_THORAIPAKKAM_006","Thoraipakkam-Pallavaram",NULL,NULL,NULL,NULL,"FAILED",261.5,3
37138,"2026-07-28 00:35:20.46101+00","2026-07-28T00:35:11Z_0001_weather","PALLAVARAM_THORAIPAKKAM_007","Thoraipakkam-Pallavaram",NULL,NULL,NULL,NULL,"FAILED",261.4,3
37139,"2026-07-28 00:35:20.46101+00","2026-07-28T00:35:11Z_0001_weather","PUZHAL_CENTRAL_025","Puzhal-Central",NULL,NULL,NULL,NULL,"FAILED",266.7,3
37140,"2026-07-28 00:35:20.46101+00","2026-07-28T00:35:11Z_0001_weather","PUZHAL_CENTRAL_016","Puzhal-Central",NULL,NULL,NULL,NULL,"FAILED",260.8,3
37141,"2026-07-28 00:35:20.46101+00","2026-07-28T00:35:11Z_0001_weather","PALLAVARAM_THORAIPAKKAM_004","Thoraipakkam-Pallavaram",NULL,NULL,NULL,NULL,"FAILED",260.3,3
37142,"2026-07-28 00:35:20.46101+00","2026-07-28T00:35:11Z_0001_weather","PALLAVARAM_THORAIPAKKAM_002","Thoraipakkam-Pallavaram",NULL,NULL,NULL,NULL,"FAILED",260.1,3
37143,"2026-07-28 00:35:20.46101+00","2026-07-28T00:35:11Z_0001_weather","PUZHAL_CENTRAL_024","Puzhal-Central",NULL,NULL,NULL,NULL,"FAILED",274.7,3
37144,"2026-07-28 00:35:20.46101+00","2026-07-28T00:35:11Z_0001_weather","PUZHAL_CENTRAL_019","Puzhal-Central",NULL,NULL,NULL,NULL,"FAILED",275.8,3
37145,"2026-07-28 00:35:20.46101+00","2026-07-28T00:35:11Z_0001_weather","PUZHAL_CENTRAL_018","Puzhal-Central",NULL,NULL,NULL,NULL,"FAILED",282.0,3
37146,"2026-07-28 00:35:20.46101+00","2026-07-28T00:35:11Z_0001_weather","THORAIPAKKAM_PALLAVARM_004","Thoraipakkam-Pallavaram",NULL,NULL,NULL,NULL,"FAILED",275.5,3
37147,"2026-07-28 00:35:20.46101+00","2026-07-28T00:35:11Z_0001_weather","THORAIPAKKAM_PALLAVARM_AT_GRADE_001","Thoraipakkam-Pallavaram",NULL,NULL,NULL,NULL,"FAILED",280.5,3
37148,"2026-07-28 00:35:20.46101+00","2026-07-28T00:35:11Z_0001_weather","PALLAVARAM_THORAIPAKKAM_005","Thoraipakkam-Pallavaram",NULL,NULL,NULL,NULL,"FAILED",301.6,3
37149,"2026-07-28 00:35:20.46101+00","2026-07-28T00:35:11Z_0001_weather","THORAIPAKKAM_PALLAVARM_005","Thoraipakkam-Pallavaram",NULL,NULL,NULL,NULL,"FAILED",298.3,3
37150,"2026-07-28 00:35:20.46101+00","2026-07-28T00:35:11Z_0001_weather","THORAIPAKKAM_PALLAVARM_002","Thoraipakkam-Pallavaram",NULL,NULL,NULL,NULL,"FAILED",269.5,3
37151,"2026-07-28 00:35:20.46101+00","2026-07-28T00:35:11Z_0001_weather","PUZHAL_CENTRAL_ATGRADE_001","Puzhal-Central",NULL,NULL,NULL,NULL,"FAILED",267.5,3
37152,"2026-07-28 00:35:20.46101+00","2026-07-28T00:35:11Z_0001_weather","PUZHAL_CENTRAL_026","Puzhal-Central",NULL,NULL,NULL,NULL,"FAILED",293.3,3
37153,"2026-07-28 00:35:20.46101+00","2026-07-28T00:35:11Z_0001_weather","PALLAVARAM_THORAIPAKKAM_008","Thoraipakkam-Pallavaram",NULL,NULL,NULL,NULL,"FAILED",270.6,3
37154,"2026-07-28 00:35:20.46101+00","2026-07-28T00:35:11Z_0001_weather","PUZHAL_CENTRAL_ATGRADE_003","Puzhal-Central",NULL,NULL,NULL,NULL,"FAILED",289.9,3
37155,"2026-07-28 00:35:20.46101+00","2026-07-28T00:35:11Z_0001_weather","THORAIPAKKAM_PALLAVARM_009","Thoraipakkam-Pallavaram",NULL,NULL,NULL,NULL,"FAILED",271.9,3
37156,"2026-07-28 00:35:20.46101+00","2026-07-28T00:35:11Z_0001_weather","PUZHAL_CENTRAL_021","Puzhal-Central",NULL,NULL,NULL,NULL,"FAILED",279.9,3
37157,"2026-07-28 00:35:20.46101+00","2026-07-28T00:35:11Z_0001_weather","PALLAVARAM_THORAIPAKKAM_AT_GRADE_002","Thoraipakkam-Pallavaram",NULL,NULL,NULL,NULL,"FAILED",262.1,3
37158,"2026-07-28 00:35:20.46101+00","2026-07-28T00:35:11Z_0001_weather","THORAIPAKKAM_PALLAVARM_AT_GRADE_002","Thoraipakkam-Pallavaram",NULL,NULL,NULL,NULL,"FAILED",276.5,3
37159,"2026-07-28 00:35:20.46101+00","2026-07-28T00:35:11Z_0001_weather","PUZHAL_CENTRAL_027","Puzhal-Central",NULL,NULL,NULL,NULL,"FAILED",280.7,3
37160,"2026-07-28 00:35:20.46101+00","2026-07-28T00:35:11Z_0001_weather","THORAIPAKKAM_PALLAVARM_007","Thoraipakkam-Pallavaram",NULL,NULL,NULL,NULL,"FAILED",291.2,3
37161,"2026-07-28 00:35:20.46101+00","2026-07-28T00:35:11Z_0001_weather","THORAIPAKKAM_PALLAVARM_001","Thoraipakkam-Pallavaram",NULL,NULL,NULL,NULL,"FAILED",294.4,3
37162,"2026-07-28 00:35:20.46101+00","2026-07-28T00:35:11Z_0001_weather","PALLAVARAM_THORAIPAKKAM_010","Thoraipakkam-Pallavaram",NULL,NULL,NULL,NULL,"FAILED",292.1,3
37163,"2026-07-28 00:35:20.46101+00","2026-07-28T00:35:11Z_0001_weather","THORAIPAKKAM_PALLAVARM_008","Thoraipakkam-Pallavaram",NULL,NULL,NULL,NULL,"FAILED",307.2,3
37164,"2026-07-28 00:35:20.46101+00","2026-07-28T00:35:11Z_0001_weather","PUZHAL_CENTRAL_ATGRADE_005","Puzhal-Central",NULL,NULL,NULL,NULL,"FAILED",312.8,3
37165,"2026-07-28 00:35:20.46101+00","2026-07-28T00:35:11Z_0001_weather","PUZHAL_CENTRAL_023","Puzhal-Central",NULL,NULL,NULL,NULL,"FAILED",315.2,3
37166,"2026-07-28 00:35:20.46101+00","2026-07-28T00:35:11Z_0001_weather","THORAIPAKKAM_PALLAVARM_010","Thoraipakkam-Pallavaram",NULL,NULL,NULL,NULL,"FAILED",260.3,3
37167,"2026-07-28 00:35:20.46101+00","2026-07-28T00:35:11Z_0001_weather","PALLAVARAM_THORAIPAKKAM_009","Thoraipakkam-Pallavaram",NULL,NULL,NULL,NULL,"FAILED",261.1,3
37168,"2026-07-28 00:35:20.46101+00","2026-07-28T00:35:11Z_0001_weather","PALLAVARAM_THORAIPAKKAM_AT_GRADE_001","Thoraipakkam-Pallavaram",NULL,NULL,NULL,NULL,"FAILED",261.4,3
37169,"2026-07-28 00:35:20.46101+00","2026-07-28T00:35:11Z_0001_weather","THORAIPAKKAM_PALLAVARM_006","Thoraipakkam-Pallavaram",NULL,NULL,NULL,NULL,"FAILED",260.2,3
37170,"2026-07-28 00:35:20.46101+00","2026-07-28T00:35:11Z_0001_weather","THORAIPAKKAM_PALLAVARM_003","Thoraipakkam-Pallavaram",NULL,NULL,NULL,NULL,"FAILED",261.1,3
37171,"2026-07-28 03:35:21.215449+00","2026-07-28T03:35:12Z_0001_weather","KILAMBAKKAM_LITTLEMOUNT_010","Corridor_Littlemount_Kilambakkam",NULL,NULL,NULL,NULL,"FAILED",265.0,3
37172,"2026-07-28 03:35:21.215449+00","2026-07-28T03:35:12Z_0001_weather","KILAMBAKKAM_LITTLEMOUNT_028","Corridor_Littlemount_Kilambakkam",NULL,NULL,NULL,NULL,"FAILED",262.9,3
37173,"2026-07-28 03:35:21.215449+00","2026-07-28T03:35:12Z_0001_weather","KILAMBAKKAM_LITTLEMOUNT(AT_GRADE_BELOWFLYOVER)_006","Corridor_Littlemount_Kilambakkam",NULL,NULL,NULL,NULL,"FAILED",262.7,3
37174,"2026-07-28 03:35:21.215449+00","2026-07-28T03:35:12Z_0001_weather","KILAMBAKKAM_LITTLEMOUNT_005","Corridor_Littlemount_Kilambakkam",NULL,NULL,NULL,NULL,"FAILED",263.5,3
37175,"2026-07-28 03:35:21.215449+00","2026-07-28T03:35:12Z_0001_weather","KILAMBAKKAM_LITTLEMOUNT_002","Corridor_Littlemount_Kilambakkam",NULL,NULL,NULL,NULL,"FAILED",265.1,3
37176,"2026-07-28 03:35:21.215449+00","2026-07-28T03:35:12Z_0001_weather","KILAMBAKKAM_LITTLEMOUNT_013","Corridor_Littlemount_Kilambakkam",NULL,NULL,NULL,NULL,"FAILED",263.8,3
37177,"2026-07-28 03:35:21.215449+00","2026-07-28T03:35:12Z_0001_weather","KILAMBAKKAM_LITTLEMOUNT(AT_GRADE_BELOWFLYOVER)_002","Corridor_Littlemount_Kilambakkam",NULL,NULL,NULL,NULL,"FAILED",274.4,3
37178,"2026-07-28 03:35:21.215449+00","2026-07-28T03:35:12Z_0001_weather","KILAMBAKKAM_LITTLEMOUNT(AT_GRADE_BELOWFLYOVER)_005","Corridor_Littlemount_Kilambakkam",NULL,NULL,NULL,NULL,"FAILED",266.9,3
37179,"2026-07-28 03:35:21.215449+00","2026-07-28T03:35:12Z_0001_weather","KILAMBAKKAM_LITTLEMOUNT_014","Corridor_Littlemount_Kilambakkam",NULL,NULL,NULL,NULL,"FAILED",263.8,3
37180,"2026-07-28 03:35:21.215449+00","2026-07-28T03:35:12Z_0001_weather","KILAMBAKKAM_LITTLEMOUNT(AT_GRADE_BELOWFLYOVER)_009","Corridor_Littlemount_Kilambakkam",NULL,NULL,NULL,NULL,"FAILED",263.8,3
37181,"2026-07-28 03:35:21.215449+00","2026-07-28T03:35:12Z_0001_weather","KILAMBAKKAM_LITTLEMOUNT_019","Corridor_Littlemount_Kilambakkam",NULL,NULL,NULL,NULL,"FAILED",264.2,3
37182,"2026-07-28 03:35:21.215449+00","2026-07-28T03:35:12Z_0001_weather","KILAMBAKKAM_LITTLEMOUNT_021","Corridor_Littlemount_Kilambakkam",NULL,NULL,NULL,NULL,"FAILED",265.7,3
37183,"2026-07-28 03:35:21.215449+00","2026-07-28T03:35:12Z_0001_weather","KILAMBAKKAM_LITTLEMOUNT_012","Corridor_Littlemount_Kilambakkam",NULL,NULL,NULL,NULL,"FAILED",266.6,3
37184,"2026-07-28 03:35:21.215449+00","2026-07-28T03:35:12Z_0001_weather","KILAMBAKKAM_LITTLEMOUNT(AT_GRADE_BELOWFLYOVER)_007","Corridor_Littlemount_Kilambakkam",NULL,NULL,NULL,NULL,"FAILED",267.1,3
37185,"2026-07-28 03:35:21.215449+00","2026-07-28T03:35:12Z_0001_weather","KILAMBAKKAM_LITTLEMOUNT_008","Corridor_Littlemount_Kilambakkam",NULL,NULL,NULL,NULL,"FAILED",260.0,3
37186,"2026-07-28 03:35:21.215449+00","2026-07-28T03:35:12Z_0001_weather","KILAMBAKKAM_LITTLEMOUNT(AT_GRADE_BELOWFLYOVER)_001","Corridor_Littlemount_Kilambakkam",NULL,NULL,NULL,NULL,"FAILED",263.5,3
37187,"2026-07-28 03:35:21.215449+00","2026-07-28T03:35:12Z_0001_weather","KILAMBAKKAM_LITTLEMOUNT_018","Corridor_Littlemount_Kilambakkam",NULL,NULL,NULL,NULL,"FAILED",266.5,3
37188,"2026-07-28 03:35:21.215449+00","2026-07-28T03:35:12Z_0001_weather","KILAMBAKKAM_LITTLEMOUNT_016","Corridor_Littlemount_Kilambakkam",NULL,NULL,NULL,NULL,"FAILED",269.1,3
37189,"2026-07-28 03:35:21.215449+00","2026-07-28T03:35:12Z_0001_weather","LITTLEMOUNT_KILAMBAKKAM(AT_GRADE_BELOWFLYOVER)_004","Corridor_Littlemount_Kilambakkam",NULL,NULL,NULL,NULL,"FAILED",261.7,3
37190,"2026-07-28 03:35:21.215449+00","2026-07-28T03:35:12Z_0001_weather","KILAMBAKKAM_LITTLEMOUNT_006","Corridor_Littlemount_Kilambakkam",NULL,NULL,NULL,NULL,"FAILED",260.7,3
37191,"2026-07-28 03:35:21.215449+00","2026-07-28T03:35:12Z_0001_weather","KILAMBAKKAM_LITTLEMOUNT(AT_GRADE_BELOWFLYOVER)_003","Corridor_Littlemount_Kilambakkam",NULL,NULL,NULL,NULL,"FAILED",270.7,3
37192,"2026-07-28 03:35:21.215449+00","2026-07-28T03:35:12Z_0001_weather","KILAMBAKKAM_LITTLEMOUNT_020","Corridor_Littlemount_Kilambakkam",NULL,NULL,NULL,NULL,"FAILED",262.5,3
37193,"2026-07-28 03:35:21.215449+00","2026-07-28T03:35:12Z_0001_weather","KILAMBAKKAM_LITTLEMOUNT_025","Corridor_Littlemount_Kilambakkam",NULL,NULL,NULL,NULL,"FAILED",268.3,3
37194,"2026-07-28 03:35:21.215449+00","2026-07-28T03:35:12Z_0001_weather","KILAMBAKKAM_LITTLEMOUNT_011","Corridor_Littlemount_Kilambakkam",NULL,NULL,NULL,NULL,"FAILED",266.3,3
37195,"2026-07-28 03:35:21.215449+00","2026-07-28T03:35:12Z_0001_weather","LITTLEMOUNT_KILAMBAKKAM(AT_GRADE_BELOWFLYOVER)_006","Corridor_Littlemount_Kilambakkam",NULL,NULL,NULL,NULL,"FAILED",262.2,3
37196,"2026-07-28 03:35:21.215449+00","2026-07-28T03:35:12Z_0001_weather","KILAMBAKKAM_LITTLEMOUNT_029","Corridor_Littlemount_Kilambakkam",NULL,NULL,NULL,NULL,"FAILED",261.2,3
37197,"2026-07-28 03:35:21.215449+00","2026-07-28T03:35:12Z_0001_weather","KILAMBAKKAM_LITTLEMOUNT_022","Corridor_Littlemount_Kilambakkam",NULL,NULL,NULL,NULL,"FAILED",267.1,3
37198,"2026-07-28 03:35:21.215449+00","2026-07-28T03:35:12Z_0001_weather","KILAMBAKKAM_LITTLEMOUNT_007","Corridor_Littlemount_Kilambakkam",NULL,NULL,NULL,NULL,"FAILED",268.4,3
37199,"2026-07-28 03:35:21.215449+00","2026-07-28T03:35:12Z_0001_weather","LITTLEMOUNT_KILAMBAKKAM(AT_GRADE_BELOWFLYOVER)_001","Corridor_Littlemount_Kilambakkam",NULL,NULL,NULL,NULL,"FAILED",279.3,3
37200,"2026-07-28 03:35:21.215449+00","2026-07-28T03:35:12Z_0001_weather","LITTLEMOUNT_KILAMBAKKAM_006","Corridor_Littlemount_Kilambakkam",NULL,NULL,NULL,NULL,"FAILED",288.3,3
37201,"2026-07-28 03:35:21.215449+00","2026-07-28T03:35:12Z_0001_weather","LITTLEMOUNT_KILAMBAKKAM_003","Corridor_Littlemount_Kilambakkam",NULL,NULL,NULL,NULL,"FAILED",297.5,3
37202,"2026-07-28 03:35:21.215449+00","2026-07-28T03:35:12Z_0001_weather","KILAMBAKKAM_LITTLEMOUNT_003","Corridor_Littlemount_Kilambakkam",NULL,NULL,NULL,NULL,"FAILED",303.0,3
37203,"2026-07-28 03:35:21.215449+00","2026-07-28T03:35:12Z_0001_weather","LITTLEMOUNT_KILAMBAKKAM_015","Corridor_Littlemount_Kilambakkam",NULL,NULL,NULL,NULL,"FAILED",306.6,3
37204,"2026-07-28 03:35:21.215449+00","2026-07-28T03:35:12Z_0001_weather","LITTLEMOUNT_KILAMBAKKAM_004","Corridor_Littlemount_Kilambakkam",NULL,NULL,NULL,NULL,"FAILED",317.8,3
37205,"2026-07-28 03:35:21.215449+00","2026-07-28T03:35:12Z_0001_weather","KILAMBAKKAM_LITTLEMOUNT_009","Corridor_Littlemount_Kilambakkam",NULL,NULL,NULL,NULL,"FAILED",313.6,3
37206,"2026-07-28 03:35:21.215449+00","2026-07-28T03:35:12Z_0001_weather","LITTLEMOUNT_KILAMBAKKAM(AT_GRADE_BELOWFLYOVER)_003","Corridor_Littlemount_Kilambakkam",NULL,NULL,NULL,NULL,"FAILED",267.9,3
37207,"2026-07-28 03:35:21.215449+00","2026-07-28T03:35:12Z_0001_weather","KILAMBAKKAM_LITTLEMOUNT(AT_GRADE_BELOWFLYOVER)_004","Corridor_Littlemount_Kilambakkam",NULL,NULL,NULL,NULL,"FAILED",264.9,3
37208,"2026-07-28 03:35:21.215449+00","2026-07-28T03:35:12Z_0001_weather","KILAMBAKKAM_LITTLEMOUNT_024","Corridor_Littlemount_Kilambakkam",NULL,NULL,NULL,NULL,"FAILED",266.8,3
37209,"2026-07-28 03:35:21.215449+00","2026-07-28T03:35:12Z_0001_weather","KILAMBAKKAM_LITTLEMOUNT_015","Corridor_Littlemount_Kilambakkam",NULL,NULL,NULL,NULL,"FAILED",261.3,3
37210,"2026-07-28 03:35:21.215449+00","2026-07-28T03:35:12Z_0001_weather","LITTLEMOUNT_KILAMBAKKAM_014","Corridor_Littlemount_Kilambakkam",NULL,NULL,NULL,NULL,"FAILED",262.5,3
37211,"2026-07-28 03:35:21.215449+00","2026-07-28T03:35:12Z_0001_weather","KILAMBAKKAM_LITTLEMOUNT_023","Corridor_Littlemount_Kilambakkam",NULL,NULL,NULL,NULL,"FAILED",263.1,3
37212,"2026-07-28 03:35:21.215449+00","2026-07-28T03:35:12Z_0001_weather","KILAMBAKKAM_LITTLEMOUNT_004","Corridor_Littlemount_Kilambakkam",NULL,NULL,NULL,NULL,"FAILED",269.4,3
37213,"2026-07-28 03:35:21.215449+00","2026-07-28T03:35:12Z_0001_weather","LITTLEMOUNT_KILAMBAKKAM_009","Corridor_Littlemount_Kilambakkam",NULL,NULL,NULL,NULL,"FAILED",261.6,3
37214,"2026-07-28 03:35:21.215449+00","2026-07-28T03:35:12Z_0001_weather","LITTLEMOUNT_KILAMBAKKAM_023","Corridor_Littlemount_Kilambakkam",NULL,NULL,NULL,NULL,"FAILED",259.4,3
37215,"2026-07-28 03:35:21.215449+00","2026-07-28T03:35:12Z_0001_weather","BROADWAY_KOYEMBEDU_003","EVR Salai",NULL,NULL,NULL,NULL,"FAILED",262.3,3
37216,"2026-07-28 03:35:21.215449+00","2026-07-28T03:35:12Z_0001_weather","KILAMBAKKAM_LITTLEMOUNT_017","Corridor_Littlemount_Kilambakkam",NULL,NULL,NULL,NULL,"FAILED",265.9,3
37217,"2026-07-28 03:35:21.215449+00","2026-07-28T03:35:12Z_0001_weather","BROADWAY_KOYEMBEDU_002","EVR Salai",NULL,NULL,NULL,NULL,"FAILED",260.8,3
37218,"2026-07-28 03:35:21.215449+00","2026-07-28T03:35:12Z_0001_weather","LITTLEMOUNT_KILAMBAKKAM_012","Corridor_Littlemount_Kilambakkam",NULL,NULL,NULL,NULL,"FAILED",265.2,3
37219,"2026-07-28 03:35:21.215449+00","2026-07-28T03:35:12Z_0001_weather","LITTLEMOUNT_KILAMBAKKAM_017","Corridor_Littlemount_Kilambakkam",NULL,NULL,NULL,NULL,"FAILED",273.6,3
37220,"2026-07-28 03:35:21.215449+00","2026-07-28T03:35:12Z_0001_weather","BROADWAY_KOYEMBEDU_007","EVR Salai",NULL,NULL,NULL,NULL,"FAILED",261.4,3
37221,"2026-07-28 03:35:21.215449+00","2026-07-28T03:35:12Z_0001_weather","LITTLEMOUNT_KILAMBAKKAM(AT_GRADE_BELOWFLYOVER)_005","Corridor_Littlemount_Kilambakkam",NULL,NULL,NULL,NULL,"FAILED",264.5,3
37222,"2026-07-28 03:35:21.215449+00","2026-07-28T03:35:12Z_0001_weather","LITTLEMOUNT_KILAMBAKKAM_022","Corridor_Littlemount_Kilambakkam",NULL,NULL,NULL,NULL,"FAILED",262.3,3
37223,"2026-07-28 03:35:21.215449+00","2026-07-28T03:35:12Z_0001_weather","LITTLEMOUNT_KILAMBAKKAM_016","Corridor_Littlemount_Kilambakkam",NULL,NULL,NULL,NULL,"FAILED",262.2,3
37224,"2026-07-28 03:35:21.215449+00","2026-07-28T03:35:12Z_0001_weather","LITTLEMOUNT_KILAMBAKKAM_007","Corridor_Littlemount_Kilambakkam",NULL,NULL,NULL,NULL,"FAILED",264.4,3
37225,"2026-07-28 03:35:21.215449+00","2026-07-28T03:35:12Z_0001_weather","LITTLEMOUNT_KILAMBAKKAM_028","Corridor_Littlemount_Kilambakkam",NULL,NULL,NULL,NULL,"FAILED",266.9,3
37226,"2026-07-28 03:35:21.215449+00","2026-07-28T03:35:12Z_0001_weather","LITTLEMOUNT_KILAMBAKKAM(AT_GRADE_BELOWFLYOVER)_002","Corridor_Littlemount_Kilambakkam",NULL,NULL,NULL,NULL,"FAILED",261.8,3
37227,"2026-07-28 03:35:21.215449+00","2026-07-28T03:35:12Z_0001_weather","LITTLEMOUNT_KILAMBAKKAM_002","Corridor_Littlemount_Kilambakkam",NULL,NULL,NULL,NULL,"FAILED",261.9,3
37228,"2026-07-28 03:35:21.215449+00","2026-07-28T03:35:12Z_0001_weather","BROADWAY_KOYEMBEDU_005","EVR Salai",NULL,NULL,NULL,NULL,"FAILED",265.6,3
37229,"2026-07-28 03:35:21.215449+00","2026-07-28T03:35:12Z_0001_weather","KILAMBAKKAM_LITTLEMOUNT_001","Corridor_Littlemount_Kilambakkam",NULL,NULL,NULL,NULL,"FAILED",267.0,3
37230,"2026-07-28 03:35:21.215449+00","2026-07-28T03:35:12Z_0001_weather","LITTLEMOUNT_KILAMBAKKAM_018","Corridor_Littlemount_Kilambakkam",NULL,NULL,NULL,NULL,"FAILED",264.4,3
37231,"2026-07-28 03:35:21.215449+00","2026-07-28T03:35:12Z_0001_weather","LITTLEMOUNT_KILAMBAKKAM_001","Corridor_Littlemount_Kilambakkam",NULL,NULL,NULL,NULL,"FAILED",275.2,3
37232,"2026-07-28 03:35:21.215449+00","2026-07-28T03:35:12Z_0001_weather","KILAMBAKKAM_LITTLEMOUNT(AT_GRADE_BELOWFLYOVER)_008","Corridor_Littlemount_Kilambakkam",NULL,NULL,NULL,NULL,"FAILED",274.1,3
37233,"2026-07-28 03:35:21.215449+00","2026-07-28T03:35:12Z_0001_weather","LITTLEMOUNT_KILAMBAKKAM_032","Corridor_Littlemount_Kilambakkam",NULL,NULL,NULL,NULL,"FAILED",262.5,3
37234,"2026-07-28 03:35:21.215449+00","2026-07-28T03:35:12Z_0001_weather","LITTLEMOUNT_KILAMBAKKAM_019","Corridor_Littlemount_Kilambakkam",NULL,NULL,NULL,NULL,"FAILED",260.9,3
37235,"2026-07-28 03:35:21.215449+00","2026-07-28T03:35:12Z_0001_weather","KILAMBAKKAM_LITTLEMOUNT_027","Corridor_Littlemount_Kilambakkam",NULL,NULL,NULL,NULL,"FAILED",264.8,3
37236,"2026-07-28 03:35:21.215449+00","2026-07-28T03:35:12Z_0001_weather","LITTLEMOUNT_KILAMBAKKAM_010","Corridor_Littlemount_Kilambakkam",NULL,NULL,NULL,NULL,"FAILED",263.5,3
37237,"2026-07-28 03:35:21.215449+00","2026-07-28T03:35:12Z_0001_weather","LITTLEMOUNT_KILAMBAKKAM_029","Corridor_Littlemount_Kilambakkam",NULL,NULL,NULL,NULL,"FAILED",267.8,3
37238,"2026-07-28 03:35:21.215449+00","2026-07-28T03:35:12Z_0001_weather","LITTLEMOUNT_KILAMBAKKAM_030","Corridor_Littlemount_Kilambakkam",NULL,NULL,NULL,NULL,"FAILED",260.3,3
37239,"2026-07-28 03:35:21.215449+00","2026-07-28T03:35:12Z_0001_weather","LITTLEMOUNT_KILAMBAKKAM_027","Corridor_Littlemount_Kilambakkam",NULL,NULL,NULL,NULL,"FAILED",275.4,3
37240,"2026-07-28 03:35:21.215449+00","2026-07-28T03:35:12Z_0001_weather","LITTLEMOUNT_KILAMBAKKAM_021","Corridor_Littlemount_Kilambakkam",NULL,NULL,NULL,NULL,"FAILED",264.3,3
37241,"2026-07-28 03:35:21.215449+00","2026-07-28T03:35:12Z_0001_weather","BROADWAY_KOYEMBEDU_006","EVR Salai",NULL,NULL,NULL,NULL,"FAILED",265.0,3
37242,"2026-07-28 03:35:21.215449+00","2026-07-28T03:35:12Z_0001_weather","BROADWAY_KOYEMBEDU_004","EVR Salai",NULL,NULL,NULL,NULL,"FAILED",264.3,3
37243,"2026-07-28 03:35:21.215449+00","2026-07-28T03:35:12Z_0001_weather","BROADWAY_KOYEMBEDU_025","EVR Salai",NULL,NULL,NULL,NULL,"FAILED",260.5,3
37244,"2026-07-28 03:35:21.215449+00","2026-07-28T03:35:12Z_0001_weather","LITTLEMOUNT_KILAMBAKKAM_031","Corridor_Littlemount_Kilambakkam",NULL,NULL,NULL,NULL,"FAILED",266.3,3
37245,"2026-07-28 03:35:21.215449+00","2026-07-28T03:35:12Z_0001_weather","BROADWAY_KOYEMBEDU_001","EVR Salai",NULL,NULL,NULL,NULL,"FAILED",265.9,3
37246,"2026-07-28 03:35:21.215449+00","2026-07-28T03:35:12Z_0001_weather","KOYEMBEDU_BROADWAY_005","EVR Salai",NULL,NULL,NULL,NULL,"FAILED",264.6,3
37247,"2026-07-28 03:35:21.215449+00","2026-07-28T03:35:12Z_0001_weather","BROADWAY_KOYEMBEDU_012","EVR Salai",NULL,NULL,NULL,NULL,"FAILED",269.4,3
37248,"2026-07-28 03:35:21.215449+00","2026-07-28T03:35:12Z_0001_weather","LITTLEMOUNT_KILAMBAKKAM_013","Corridor_Littlemount_Kilambakkam",NULL,NULL,NULL,NULL,"FAILED",266.1,3
37249,"2026-07-28 03:35:21.215449+00","2026-07-28T03:35:12Z_0001_weather","BROADWAY_KOYEMBEDU_021","EVR Salai",NULL,NULL,NULL,NULL,"FAILED",262.0,3
37250,"2026-07-28 03:35:21.215449+00","2026-07-28T03:35:12Z_0001_weather","KOYEMBEDU_BROADWAY_020","EVR Salai",NULL,NULL,NULL,NULL,"FAILED",261.0,3
37251,"2026-07-28 03:35:21.215449+00","2026-07-28T03:35:12Z_0001_weather","LITTLEMOUNT_KILAMBAKKAM_011","Corridor_Littlemount_Kilambakkam",NULL,NULL,NULL,NULL,"FAILED",262.8,3
37252,"2026-07-28 03:35:21.215449+00","2026-07-28T03:35:12Z_0001_weather","BROADWAY_KOYEMBEDU_014","EVR Salai",NULL,NULL,NULL,NULL,"FAILED",280.1,3
37253,"2026-07-28 03:35:21.215449+00","2026-07-28T03:35:12Z_0001_weather","LITTLEMOUNT_KILAMBAKKAM_005","Corridor_Littlemount_Kilambakkam",NULL,NULL,NULL,NULL,"FAILED",277.6,3
37254,"2026-07-28 03:35:21.215449+00","2026-07-28T03:35:12Z_0001_weather","BROADWAY_KOYEMBEDU_022","EVR Salai",NULL,NULL,NULL,NULL,"FAILED",300.5,3
37255,"2026-07-28 03:35:21.215449+00","2026-07-28T03:35:12Z_0001_weather","KILAMBAKKAM_LITTLEMOUNT_026","Corridor_Littlemount_Kilambakkam",NULL,NULL,NULL,NULL,"FAILED",289.1,3
37256,"2026-07-28 03:35:21.215449+00","2026-07-28T03:35:12Z_0001_weather","BROADWAY_KOYEMBEDU_013","EVR Salai",NULL,NULL,NULL,NULL,"FAILED",259.9,3
37257,"2026-07-28 03:35:21.215449+00","2026-07-28T03:35:12Z_0001_weather","LITTLEMOUNT_KILAMBAKKAM_008","Corridor_Littlemount_Kilambakkam",NULL,NULL,NULL,NULL,"FAILED",277.9,3
37258,"2026-07-28 03:35:21.215449+00","2026-07-28T03:35:12Z_0001_weather","BROADWAY_KOYEMBEDU_018","EVR Salai",NULL,NULL,NULL,NULL,"FAILED",281.8,3
37259,"2026-07-28 03:35:21.215449+00","2026-07-28T03:35:12Z_0001_weather","KOYEMBEDU_BROADWAY_001","EVR Salai",NULL,NULL,NULL,NULL,"FAILED",320.7,3
37260,"2026-07-28 03:35:21.215449+00","2026-07-28T03:35:12Z_0001_weather","KOYEMBEDU_BROADWAY_013","EVR Salai",NULL,NULL,NULL,NULL,"FAILED",312.0,3
37261,"2026-07-28 03:35:21.215449+00","2026-07-28T03:35:12Z_0001_weather","BROADWAY_KOYEMBEDU_023","EVR Salai",NULL,NULL,NULL,NULL,"FAILED",316.1,3
37262,"2026-07-28 03:35:21.215449+00","2026-07-28T03:35:12Z_0001_weather","LITTLEMOUNT_KILAMBAKKAM_025","Corridor_Littlemount_Kilambakkam",NULL,NULL,NULL,NULL,"FAILED",275.3,3
37263,"2026-07-28 03:35:21.215449+00","2026-07-28T03:35:12Z_0001_weather","KOYEMBEDU_BROADWAY_004","EVR Salai",NULL,NULL,NULL,NULL,"FAILED",270.5,3
37264,"2026-07-28 03:35:21.215449+00","2026-07-28T03:35:12Z_0001_weather","BROADWAY_KOYEMBEDU_024","EVR Salai",NULL,NULL,NULL,NULL,"FAILED",269.3,3
37265,"2026-07-28 03:35:21.215449+00","2026-07-28T03:35:12Z_0001_weather","KOYEMBEDU_BROADWAY_007","EVR Salai",NULL,NULL,NULL,NULL,"FAILED",278.4,3
37266,"2026-07-28 03:35:21.215449+00","2026-07-28T03:35:12Z_0001_weather","LITTLEMOUNT_KILAMBAKKAM_026","Corridor_Littlemount_Kilambakkam",NULL,NULL,NULL,NULL,"FAILED",294.1,3
37267,"2026-07-28 03:35:21.215449+00","2026-07-28T03:35:12Z_0001_weather","BROADWAY_KOYEMBEDU_011","EVR Salai",NULL,NULL,NULL,NULL,"FAILED",278.9,3
37268,"2026-07-28 03:35:21.215449+00","2026-07-28T03:35:12Z_0001_weather","KOYEMBEDU_BROADWAY_003","EVR Salai",NULL,NULL,NULL,NULL,"FAILED",289.4,3
37269,"2026-07-28 03:35:21.215449+00","2026-07-28T03:35:12Z_0001_weather","LITTLEMOUNT_KILAMBAKKAM_024","Corridor_Littlemount_Kilambakkam",NULL,NULL,NULL,NULL,"FAILED",293.9,3
37270,"2026-07-28 03:35:21.215449+00","2026-07-28T03:35:12Z_0001_weather","BROADWAY_KOYEMBEDU_020","EVR Salai",NULL,NULL,NULL,NULL,"FAILED",277.1,3
37271,"2026-07-28 03:35:21.215449+00","2026-07-28T03:35:12Z_0001_weather","KOYEMBEDU_BROADWAY_019","EVR Salai",NULL,NULL,NULL,NULL,"FAILED",276.1,3
37272,"2026-07-28 03:35:21.215449+00","2026-07-28T03:35:12Z_0001_weather","KOYEMBEDU_BROADWAY_012","EVR Salai",NULL,NULL,NULL,NULL,"FAILED",303.8,3
37273,"2026-07-28 03:35:21.215449+00","2026-07-28T03:35:12Z_0001_weather","BROADWAY_KOYEMBEDU_026","EVR Salai",NULL,NULL,NULL,NULL,"FAILED",303.1,3
37274,"2026-07-28 03:35:21.215449+00","2026-07-28T03:35:12Z_0001_weather","GUINDY_TAMBARAM_001","Guindy-Tambaram",NULL,NULL,NULL,NULL,"FAILED",285.4,3
37275,"2026-07-28 03:35:21.215449+00","2026-07-28T03:35:12Z_0001_weather","BROADWAY_KOYEMBEDU_016","EVR Salai",NULL,NULL,NULL,NULL,"FAILED",280.5,3
37276,"2026-07-28 03:35:21.215449+00","2026-07-28T03:35:12Z_0001_weather","KOYEMBEDU_BROADWAY_006","EVR Salai",NULL,NULL,NULL,NULL,"FAILED",282.3,3
37277,"2026-07-28 03:35:21.215449+00","2026-07-28T03:35:12Z_0001_weather","KOYEMBEDU_BROADWAY_002","EVR Salai",NULL,NULL,NULL,NULL,"FAILED",301.6,3
37278,"2026-07-28 03:35:21.215449+00","2026-07-28T03:35:12Z_0001_weather","BROADWAY_KOYEMBEDU_015","EVR Salai",NULL,NULL,NULL,NULL,"FAILED",323.2,3
37279,"2026-07-28 03:35:21.215449+00","2026-07-28T03:35:12Z_0001_weather","LITTLEMOUNT_KILAMBAKKAM_020","Corridor_Littlemount_Kilambakkam",NULL,NULL,NULL,NULL,"FAILED",361.2,3
37280,"2026-07-28 03:35:21.215449+00","2026-07-28T03:35:12Z_0001_weather","GUINDY_TAMBARAM_020","Guindy-Tambaram",NULL,NULL,NULL,NULL,"FAILED",364.0,3
37281,"2026-07-28 03:35:21.215449+00","2026-07-28T03:35:12Z_0001_weather","KOYEMBEDU_BROADWAY_025","EVR Salai",NULL,NULL,NULL,NULL,"FAILED",377.3,3
37282,"2026-07-28 03:35:21.215449+00","2026-07-28T03:35:12Z_0001_weather","GUINDY_TAMBARAM_010","Guindy-Tambaram",NULL,NULL,NULL,NULL,"FAILED",336.7,3
37283,"2026-07-28 03:35:21.215449+00","2026-07-28T03:35:12Z_0001_weather","GUINDY_TAMBARAM_005","Guindy-Tambaram",NULL,NULL,NULL,NULL,"FAILED",322.2,3
37284,"2026-07-28 03:35:21.215449+00","2026-07-28T03:35:12Z_0001_weather","BROADWAY_KOYEMBEDU_019","EVR Salai",NULL,NULL,NULL,NULL,"FAILED",323.5,3
37285,"2026-07-28 03:35:21.215449+00","2026-07-28T03:35:12Z_0001_weather","BROADWAY_KOYEMBEDU_017","EVR Salai",NULL,NULL,NULL,NULL,"FAILED",327.7,3
37286,"2026-07-28 03:35:21.215449+00","2026-07-28T03:35:12Z_0001_weather","BROADWAY_KOYEMBEDU_009","EVR Salai",NULL,NULL,NULL,NULL,"FAILED",322.9,3
37287,"2026-07-28 03:35:21.215449+00","2026-07-28T03:35:12Z_0001_weather","GUINDY_TAMBARAM_011","Guindy-Tambaram",NULL,NULL,NULL,NULL,"FAILED",320.2,3
37288,"2026-07-28 03:35:21.215449+00","2026-07-28T03:35:12Z_0001_weather","KOYEMBEDU_BROADWAY_015","EVR Salai",NULL,NULL,NULL,NULL,"FAILED",284.6,3
37289,"2026-07-28 03:35:21.215449+00","2026-07-28T03:35:12Z_0001_weather","KOYEMBEDU_BROADWAY_011","EVR Salai",NULL,NULL,NULL,NULL,"FAILED",305.9,3
37290,"2026-07-28 03:35:21.215449+00","2026-07-28T03:35:12Z_0001_weather","KOYEMBEDU_BROADWAY_022","EVR Salai",NULL,NULL,NULL,NULL,"FAILED",269.1,3
37291,"2026-07-28 03:35:21.215449+00","2026-07-28T03:35:12Z_0001_weather","KOYEMBEDU_BROADWAY_010","EVR Salai",NULL,NULL,NULL,NULL,"FAILED",269.3,3
37292,"2026-07-28 03:35:21.215449+00","2026-07-28T03:35:12Z_0001_weather","BROADWAY_KOYEMBEDU_008","EVR Salai",NULL,NULL,NULL,NULL,"FAILED",298.6,3
37293,"2026-07-28 03:35:21.215449+00","2026-07-28T03:35:12Z_0001_weather","KOYEMBEDU_BROADWAY_008","EVR Salai",NULL,NULL,NULL,NULL,"FAILED",308.0,3
37294,"2026-07-28 03:35:21.215449+00","2026-07-28T03:35:12Z_0001_weather","KOYEMBEDU_BROADWAY_016","EVR Salai",NULL,NULL,NULL,NULL,"FAILED",310.0,3
37295,"2026-07-28 03:35:21.215449+00","2026-07-28T03:35:12Z_0001_weather","GUINDY_TAMBARAM_023","Guindy-Tambaram",NULL,NULL,NULL,NULL,"FAILED",317.8,3
37296,"2026-07-28 03:35:21.215449+00","2026-07-28T03:35:12Z_0001_weather","GUINDY_TAMBARAM_029","Guindy-Tambaram",NULL,NULL,NULL,NULL,"FAILED",296.9,3
37297,"2026-07-28 03:35:21.215449+00","2026-07-28T03:35:12Z_0001_weather","BROADWAY_KOYEMBEDU_010","EVR Salai",NULL,NULL,NULL,NULL,"FAILED",314.3,3
37298,"2026-07-28 03:35:21.215449+00","2026-07-28T03:35:12Z_0001_weather","KOYEMBEDU_BROADWAY_009","EVR Salai",NULL,NULL,NULL,NULL,"FAILED",322.0,3
37299,"2026-07-28 03:35:21.215449+00","2026-07-28T03:35:12Z_0001_weather","TAMBARAM_GUINDY_004","Guindy-Tambaram",NULL,NULL,NULL,NULL,"FAILED",362.9,3
37300,"2026-07-28 03:35:21.215449+00","2026-07-28T03:35:12Z_0001_weather","KOYEMBEDU_BROADWAY_023","EVR Salai",NULL,NULL,NULL,NULL,"FAILED",289.4,3
37301,"2026-07-28 03:35:21.215449+00","2026-07-28T03:35:12Z_0001_weather","KOYEMBEDU_BROADWAY_017","EVR Salai",NULL,NULL,NULL,NULL,"FAILED",370.1,3
37302,"2026-07-28 03:35:21.215449+00","2026-07-28T03:35:12Z_0001_weather","GUINDY_TAMBARAM_007","Guindy-Tambaram",NULL,NULL,NULL,NULL,"FAILED",296.1,3
37303,"2026-07-28 03:35:21.215449+00","2026-07-28T03:35:12Z_0001_weather","GUINDY_TAMBARAM_002","Guindy-Tambaram",NULL,NULL,NULL,NULL,"FAILED",334.8,3
37304,"2026-07-28 03:35:21.215449+00","2026-07-28T03:35:12Z_0001_weather","GUINDY_TAMBARAM_009","Guindy-Tambaram",NULL,NULL,NULL,NULL,"FAILED",300.7,3
37305,"2026-07-28 03:35:21.215449+00","2026-07-28T03:35:12Z_0001_weather","GUINDY_TAMBARAM_015","Guindy-Tambaram",NULL,NULL,NULL,NULL,"FAILED",304.1,3
37306,"2026-07-28 03:35:21.215449+00","2026-07-28T03:35:12Z_0001_weather","GUINDY_TAMBARAM_006","Guindy-Tambaram",NULL,NULL,NULL,NULL,"FAILED",286.3,3
37307,"2026-07-28 03:35:21.215449+00","2026-07-28T03:35:12Z_0001_weather","KOYEMBEDU_BROADWAY_018","EVR Salai",NULL,NULL,NULL,NULL,"FAILED",289.3,3
37308,"2026-07-28 03:35:21.215449+00","2026-07-28T03:35:12Z_0001_weather","GUINDY_TAMBARAM_013","Guindy-Tambaram",NULL,NULL,NULL,NULL,"FAILED",282.1,3
37309,"2026-07-28 03:35:21.215449+00","2026-07-28T03:35:12Z_0001_weather","GUINDY_TAMBARAM_017","Guindy-Tambaram",NULL,NULL,NULL,NULL,"FAILED",276.0,3
37310,"2026-07-28 03:35:21.215449+00","2026-07-28T03:35:12Z_0001_weather","KOYEMBEDU_BROADWAY_014","EVR Salai",NULL,NULL,NULL,NULL,"FAILED",285.5,3
37311,"2026-07-28 03:35:21.215449+00","2026-07-28T03:35:12Z_0001_weather","GUINDY_TAMBARAM_014","Guindy-Tambaram",NULL,NULL,NULL,NULL,"FAILED",293.8,3
37312,"2026-07-28 03:35:21.215449+00","2026-07-28T03:35:12Z_0001_weather","KOYEMBEDU_BROADWAY_021","EVR Salai",NULL,NULL,NULL,NULL,"FAILED",308.8,3
37313,"2026-07-28 03:35:21.215449+00","2026-07-28T03:35:12Z_0001_weather","KOYEMBEDU_BROADWAY_026","EVR Salai",NULL,NULL,NULL,NULL,"FAILED",334.2,3
37314,"2026-07-28 03:35:21.215449+00","2026-07-28T03:35:12Z_0001_weather","GUINDY_TAMBARAM_025","Guindy-Tambaram",NULL,NULL,NULL,NULL,"FAILED",286.5,3
37315,"2026-07-28 03:35:21.215449+00","2026-07-28T03:35:12Z_0001_weather","GUINDY_TAMBARAM_031","Guindy-Tambaram",NULL,NULL,NULL,NULL,"FAILED",262.7,3
37316,"2026-07-28 03:35:21.215449+00","2026-07-28T03:35:12Z_0001_weather","GUINDY_TAMBARAM_018","Guindy-Tambaram",NULL,NULL,NULL,NULL,"FAILED",259.8,3
37317,"2026-07-28 03:35:21.215449+00","2026-07-28T03:35:12Z_0001_weather","TAMBARAM_GUINDY_015","Guindy-Tambaram",NULL,NULL,NULL,NULL,"FAILED",270.5,3
37318,"2026-07-28 03:35:21.215449+00","2026-07-28T03:35:12Z_0001_weather","GUINDY_TAMBARAM_036","Guindy-Tambaram",NULL,NULL,NULL,NULL,"FAILED",285.3,3
37319,"2026-07-28 03:35:21.215449+00","2026-07-28T03:35:12Z_0001_weather","GUINDY_TAMBARAM_022","Guindy-Tambaram",NULL,NULL,NULL,NULL,"FAILED",333.7,3
37320,"2026-07-28 03:35:21.215449+00","2026-07-28T03:35:12Z_0001_weather","GUINDY_TAMBARAM_008","Guindy-Tambaram",NULL,NULL,NULL,NULL,"FAILED",340.5,3
37321,"2026-07-28 03:35:21.215449+00","2026-07-28T03:35:12Z_0001_weather","TAMBARAM_GUINDY_022","Guindy-Tambaram",NULL,NULL,NULL,NULL,"FAILED",341.1,3
37322,"2026-07-28 03:35:21.215449+00","2026-07-28T03:35:12Z_0001_weather","GUINDY_TAMBARAM_038","Guindy-Tambaram",NULL,NULL,NULL,NULL,"FAILED",328.3,3
37323,"2026-07-28 03:35:21.215449+00","2026-07-28T03:35:12Z_0001_weather","TAMBARAM_GUINDY_010","Guindy-Tambaram",NULL,NULL,NULL,NULL,"FAILED",322.7,3
37324,"2026-07-28 03:35:21.215449+00","2026-07-28T03:35:12Z_0001_weather","GUINDY_TAMBARAM_027","Guindy-Tambaram",NULL,NULL,NULL,NULL,"FAILED",344.1,3
37325,"2026-07-28 03:35:21.215449+00","2026-07-28T03:35:12Z_0001_weather","GUINDY_TAMBARAM_034","Guindy-Tambaram",NULL,NULL,NULL,NULL,"FAILED",332.4,3
37326,"2026-07-28 03:35:21.215449+00","2026-07-28T03:35:12Z_0001_weather","TAMBARAM_GUINDY_003","Guindy-Tambaram",NULL,NULL,NULL,NULL,"FAILED",337.3,3
37327,"2026-07-28 03:35:21.215449+00","2026-07-28T03:35:12Z_0001_weather","TAMBARAM_GUINDY_016","Guindy-Tambaram",NULL,NULL,NULL,NULL,"FAILED",327.3,3
37328,"2026-07-28 03:35:21.215449+00","2026-07-28T03:35:12Z_0001_weather","GUINDY_TAMBARAM_032","Guindy-Tambaram",NULL,NULL,NULL,NULL,"FAILED",301.4,3
37329,"2026-07-28 03:35:21.215449+00","2026-07-28T03:35:12Z_0001_weather","GUINDY_TAMBARAM_004","Guindy-Tambaram",NULL,NULL,NULL,NULL,"FAILED",294.2,3
37330,"2026-07-28 03:35:21.215449+00","2026-07-28T03:35:12Z_0001_weather","KOYEMBEDU_BROADWAY_024","EVR Salai",NULL,NULL,NULL,NULL,"FAILED",293.0,3
37331,"2026-07-28 03:35:21.215449+00","2026-07-28T03:35:12Z_0001_weather","GUINDY_TAMBARAM_026","Guindy-Tambaram",NULL,NULL,NULL,NULL,"FAILED",280.3,3
37332,"2026-07-28 03:35:21.215449+00","2026-07-28T03:35:12Z_0001_weather","GUINDY_TAMBARAM_019","Guindy-Tambaram",NULL,NULL,NULL,NULL,"FAILED",310.3,3
37333,"2026-07-28 03:35:21.215449+00","2026-07-28T03:35:12Z_0001_weather","GUINDY_TAMBARAM_012","Guindy-Tambaram",NULL,NULL,NULL,NULL,"FAILED",317.9,3
37334,"2026-07-28 03:35:21.215449+00","2026-07-28T03:35:12Z_0001_weather","GUINDY_TAMBARAM_037","Guindy-Tambaram",NULL,NULL,NULL,NULL,"FAILED",328.5,3
37335,"2026-07-28 03:35:21.215449+00","2026-07-28T03:35:12Z_0001_weather","GUINDY_TAMBARAM_039","Guindy-Tambaram",NULL,NULL,NULL,NULL,"FAILED",298.7,3
37336,"2026-07-28 03:35:21.215449+00","2026-07-28T03:35:12Z_0001_weather","GUINDY_TAMBARAM_041","Guindy-Tambaram",NULL,NULL,NULL,NULL,"FAILED",296.9,3
37337,"2026-07-28 03:35:21.215449+00","2026-07-28T03:35:12Z_0001_weather","TAMBARAM_GUINDY_005","Guindy-Tambaram",NULL,NULL,NULL,NULL,"FAILED",295.4,3
37338,"2026-07-28 03:35:21.215449+00","2026-07-28T03:35:12Z_0001_weather","GUINDY_TAMBARAM_003","Guindy-Tambaram",NULL,NULL,NULL,NULL,"FAILED",304.7,3
37339,"2026-07-28 03:35:21.215449+00","2026-07-28T03:35:12Z_0001_weather","GUINDY_TAMBARAM_024","Guindy-Tambaram",NULL,NULL,NULL,NULL,"FAILED",328.9,3
37340,"2026-07-28 03:35:21.215449+00","2026-07-28T03:35:12Z_0001_weather","TAMBARAM_GUINDY_021","Guindy-Tambaram",NULL,NULL,NULL,NULL,"FAILED",334.2,3
37341,"2026-07-28 03:35:21.215449+00","2026-07-28T03:35:12Z_0001_weather","GUINDY_TAMBARAM_033","Guindy-Tambaram",NULL,NULL,NULL,NULL,"FAILED",338.4,3
37342,"2026-07-28 03:35:21.215449+00","2026-07-28T03:35:12Z_0001_weather","GUINDY_TAMBARAM_016","Guindy-Tambaram",NULL,NULL,NULL,NULL,"FAILED",328.0,3
37343,"2026-07-28 03:35:21.215449+00","2026-07-28T03:35:12Z_0001_weather","GUINDY_TAMBARAM_021","Guindy-Tambaram",NULL,NULL,NULL,NULL,"FAILED",319.4,3
37344,"2026-07-28 03:35:21.215449+00","2026-07-28T03:35:12Z_0001_weather","TAMBARAM_GUINDY_001","Guindy-Tambaram",NULL,NULL,NULL,NULL,"FAILED",287.0,3
37345,"2026-07-28 03:35:21.215449+00","2026-07-28T03:35:12Z_0001_weather","TAMBARAM_GUINDY_006","Guindy-Tambaram",NULL,NULL,NULL,NULL,"FAILED",323.9,3
37346,"2026-07-28 03:35:21.215449+00","2026-07-28T03:35:12Z_0001_weather","TAMBARAM_GUINDY_028","Guindy-Tambaram",NULL,NULL,NULL,NULL,"FAILED",300.5,3
37347,"2026-07-28 03:35:21.215449+00","2026-07-28T03:35:12Z_0001_weather","TAMBARAM_GUINDY_035","Guindy-Tambaram",NULL,NULL,NULL,NULL,"FAILED",304.3,3
37348,"2026-07-28 03:35:21.215449+00","2026-07-28T03:35:12Z_0001_weather","TAMBARAM_GUINDY_011","Guindy-Tambaram",NULL,NULL,NULL,NULL,"FAILED",306.2,3
37349,"2026-07-28 03:35:21.215449+00","2026-07-28T03:35:12Z_0001_weather","GUINDY_TAMBARAM_028","Guindy-Tambaram",NULL,NULL,NULL,NULL,"FAILED",295.3,3
37350,"2026-07-28 03:35:21.215449+00","2026-07-28T03:35:12Z_0001_weather","TAMBARAM_GUINDY_033","Guindy-Tambaram",NULL,NULL,NULL,NULL,"FAILED",281.5,3
37351,"2026-07-28 03:35:21.215449+00","2026-07-28T03:35:12Z_0001_weather","TAMBARAM_GUINDY_017","Guindy-Tambaram",NULL,NULL,NULL,NULL,"FAILED",290.8,3
37352,"2026-07-28 03:35:21.215449+00","2026-07-28T03:35:12Z_0001_weather","GUINDY_TAMBARAM_030","Guindy-Tambaram",NULL,NULL,NULL,NULL,"FAILED",263.1,3
37353,"2026-07-28 03:35:21.215449+00","2026-07-28T03:35:12Z_0001_weather","TAMBARAM_GUINDY_019","Guindy-Tambaram",NULL,NULL,NULL,NULL,"FAILED",260.8,3
37354,"2026-07-28 03:35:21.215449+00","2026-07-28T03:35:12Z_0001_weather","TAMBARAM_GUINDY_012","Guindy-Tambaram",NULL,NULL,NULL,NULL,"FAILED",278.6,3
37355,"2026-07-28 03:35:21.215449+00","2026-07-28T03:35:12Z_0001_weather","CENTRAL_PUZHAL_014","Puzhal-Central",NULL,NULL,NULL,NULL,"FAILED",280.0,3
37356,"2026-07-28 03:35:21.215449+00","2026-07-28T03:35:12Z_0001_weather","TAMBARAM_GUINDY_018","Guindy-Tambaram",NULL,NULL,NULL,NULL,"FAILED",270.2,3
37357,"2026-07-28 03:35:21.215449+00","2026-07-28T03:35:12Z_0001_weather","CENTRAL_PUZHAL_019","Puzhal-Central",NULL,NULL,NULL,NULL,"FAILED",270.8,3
37358,"2026-07-28 03:35:21.215449+00","2026-07-28T03:35:12Z_0001_weather","CENTRAL_PUZHAL_012","Puzhal-Central",NULL,NULL,NULL,NULL,"FAILED",284.3,3
37359,"2026-07-28 03:35:21.215449+00","2026-07-28T03:35:12Z_0001_weather","TAMBARAM_GUINDY_008","Guindy-Tambaram",NULL,NULL,NULL,NULL,"FAILED",331.7,3
37360,"2026-07-28 03:35:21.215449+00","2026-07-28T03:35:12Z_0001_weather","TAMBARAM_GUINDY_026","Guindy-Tambaram",NULL,NULL,NULL,NULL,"FAILED",316.7,3
37361,"2026-07-28 03:35:21.215449+00","2026-07-28T03:35:12Z_0001_weather","GUINDY_TAMBARAM_040","Guindy-Tambaram",NULL,NULL,NULL,NULL,"FAILED",311.3,3
37362,"2026-07-28 03:35:21.215449+00","2026-07-28T03:35:12Z_0001_weather","TAMBARAM_GUINDY_027","Guindy-Tambaram",NULL,NULL,NULL,NULL,"FAILED",311.6,3
37363,"2026-07-28 03:35:21.215449+00","2026-07-28T03:35:12Z_0001_weather","TAMBARAM_GUINDY_023","Guindy-Tambaram",NULL,NULL,NULL,NULL,"FAILED",334.0,3
37364,"2026-07-28 03:35:21.215449+00","2026-07-28T03:35:12Z_0001_weather","TAMBARAM_GUINDY_031","Guindy-Tambaram",NULL,NULL,NULL,NULL,"FAILED",326.0,3
37365,"2026-07-28 03:35:21.215449+00","2026-07-28T03:35:12Z_0001_weather","TAMBARAM_GUINDY_009","Guindy-Tambaram",NULL,NULL,NULL,NULL,"FAILED",326.4,3
37366,"2026-07-28 03:35:21.215449+00","2026-07-28T03:35:12Z_0001_weather","TAMBARAM_GUINDY_029","Guindy-Tambaram",NULL,NULL,NULL,NULL,"FAILED",314.7,3
37367,"2026-07-28 03:35:21.215449+00","2026-07-28T03:35:12Z_0001_weather","TAMBARAM_GUINDY_030","Guindy-Tambaram",NULL,NULL,NULL,NULL,"FAILED",303.4,3
37368,"2026-07-28 03:35:21.215449+00","2026-07-28T03:35:12Z_0001_weather","TAMBARAM_GUINDY_014","Guindy-Tambaram",NULL,NULL,NULL,NULL,"FAILED",310.9,3
37369,"2026-07-28 03:35:21.215449+00","2026-07-28T03:35:12Z_0001_weather","CENTRAL_PUZHAL_008","Puzhal-Central",NULL,NULL,NULL,NULL,"FAILED",309.4,3
37370,"2026-07-28 03:35:21.215449+00","2026-07-28T03:35:12Z_0001_weather","TAMBARAM_GUINDY_020","Guindy-Tambaram",NULL,NULL,NULL,NULL,"FAILED",275.6,3
37371,"2026-07-28 03:35:21.215449+00","2026-07-28T03:35:12Z_0001_weather","TAMBARAM_GUINDY_013","Guindy-Tambaram",NULL,NULL,NULL,NULL,"FAILED",305.0,3
37372,"2026-07-28 03:35:21.215449+00","2026-07-28T03:35:12Z_0001_weather","TAMBARAM_GUINDY_007","Guindy-Tambaram",NULL,NULL,NULL,NULL,"FAILED",324.8,3
37373,"2026-07-28 03:35:21.215449+00","2026-07-28T03:35:12Z_0001_weather","TAMBARAM_GUINDY_002","Guindy-Tambaram",NULL,NULL,NULL,NULL,"FAILED",316.6,3
37374,"2026-07-28 03:35:21.215449+00","2026-07-28T03:35:12Z_0001_weather","CENTRAL_PUZHAL_013","Puzhal-Central",NULL,NULL,NULL,NULL,"FAILED",313.4,3
37375,"2026-07-28 03:35:21.215449+00","2026-07-28T03:35:12Z_0001_weather","CENTRAL_PUZHAL_016","Puzhal-Central",NULL,NULL,NULL,NULL,"FAILED",315.8,3
37376,"2026-07-28 03:35:21.215449+00","2026-07-28T03:35:12Z_0001_weather","CENTRAL_PUZHAL_005","Puzhal-Central",NULL,NULL,NULL,NULL,"FAILED",350.3,3
37377,"2026-07-28 03:35:21.215449+00","2026-07-28T03:35:12Z_0001_weather","TAMBARAM_GUINDY_037","Guindy-Tambaram",NULL,NULL,NULL,NULL,"FAILED",264.5,3
37378,"2026-07-28 03:35:21.215449+00","2026-07-28T03:35:12Z_0001_weather","TAMBARAM_GUINDY_034","Guindy-Tambaram",NULL,NULL,NULL,NULL,"FAILED",281.6,3
37379,"2026-07-28 03:35:21.215449+00","2026-07-28T03:35:12Z_0001_weather","GUINDY_TAMBARAM_035","Guindy-Tambaram",NULL,NULL,NULL,NULL,"FAILED",317.1,3
37380,"2026-07-28 03:35:21.215449+00","2026-07-28T03:35:12Z_0001_weather","TAMBARAM_GUINDY_036","Guindy-Tambaram",NULL,NULL,NULL,NULL,"FAILED",323.4,3
37381,"2026-07-28 03:35:21.215449+00","2026-07-28T03:35:12Z_0001_weather","CENTRAL_PUZHAL_007","Puzhal-Central",NULL,NULL,NULL,NULL,"FAILED",307.6,3
37382,"2026-07-28 03:35:21.215449+00","2026-07-28T03:35:12Z_0001_weather","PUZHAL_CENTRAL_009","Puzhal-Central",NULL,NULL,NULL,NULL,"FAILED",265.8,3
37383,"2026-07-28 03:35:21.215449+00","2026-07-28T03:35:12Z_0001_weather","CENTRAL_PUZHAL_015","Puzhal-Central",NULL,NULL,NULL,NULL,"FAILED",277.8,3
37384,"2026-07-28 03:35:21.215449+00","2026-07-28T03:35:12Z_0001_weather","CENTRAL_PUZHAL_006","Puzhal-Central",NULL,NULL,NULL,NULL,"FAILED",285.7,3
37385,"2026-07-28 03:35:21.215449+00","2026-07-28T03:35:12Z_0001_weather","TAMBARAM_GUINDY_038","Guindy-Tambaram",NULL,NULL,NULL,NULL,"FAILED",263.8,3
37386,"2026-07-28 03:35:21.215449+00","2026-07-28T03:35:12Z_0001_weather","CENTRAL_PUZHAL_ATGRADE_003","Puzhal-Central",NULL,NULL,NULL,NULL,"FAILED",297.0,3
37387,"2026-07-28 03:35:21.215449+00","2026-07-28T03:35:12Z_0001_weather","CENTRAL_PUZHAL_003","Puzhal-Central",NULL,NULL,NULL,NULL,"FAILED",260.8,3
37388,"2026-07-28 03:35:21.215449+00","2026-07-28T03:35:12Z_0001_weather","CENTRAL_PUZHAL_004","Puzhal-Central",NULL,NULL,NULL,NULL,"FAILED",261.0,3
37389,"2026-07-28 03:35:21.215449+00","2026-07-28T03:35:12Z_0001_weather","TAMBARAM_GUINDY_039","Guindy-Tambaram",NULL,NULL,NULL,NULL,"FAILED",262.5,3
37390,"2026-07-28 03:35:21.215449+00","2026-07-28T03:35:12Z_0001_weather","CENTRAL_PUZHAL_002","Puzhal-Central",NULL,NULL,NULL,NULL,"FAILED",264.6,3
37391,"2026-07-28 03:35:21.215449+00","2026-07-28T03:35:12Z_0001_weather","CENTRAL_PUZHAL_023","Puzhal-Central",NULL,NULL,NULL,NULL,"FAILED",266.5,3
37392,"2026-07-28 03:35:21.215449+00","2026-07-28T03:35:12Z_0001_weather","CENTRAL_PUZHAL_025","Puzhal-Central",NULL,NULL,NULL,NULL,"FAILED",286.2,3
37393,"2026-07-28 03:35:21.215449+00","2026-07-28T03:35:12Z_0001_weather","PUZHAL_CENTRAL_023","Puzhal-Central",NULL,NULL,NULL,NULL,"FAILED",259.6,3
37394,"2026-07-28 03:35:21.215449+00","2026-07-28T03:35:12Z_0001_weather","CENTRAL_PUZHAL_ATGRADE_002","Puzhal-Central",NULL,NULL,NULL,NULL,"FAILED",274.8,3
37395,"2026-07-28 03:35:21.215449+00","2026-07-28T03:35:12Z_0001_weather","PUZHAL_CENTRAL_003","Puzhal-Central",NULL,NULL,NULL,NULL,"FAILED",294.8,3
37396,"2026-07-28 03:35:21.215449+00","2026-07-28T03:35:12Z_0001_weather","CENTRAL_PUZHAL_009","Puzhal-Central",NULL,NULL,NULL,NULL,"FAILED",275.2,3
37397,"2026-07-28 03:35:21.215449+00","2026-07-28T03:35:12Z_0001_weather","TAMBARAM_GUINDY_024","Guindy-Tambaram",NULL,NULL,NULL,NULL,"FAILED",286.4,3
37398,"2026-07-28 03:35:21.215449+00","2026-07-28T03:35:12Z_0001_weather","CENTRAL_PUZHAL_020","Puzhal-Central",NULL,NULL,NULL,NULL,"FAILED",302.1,3
37399,"2026-07-28 03:35:21.215449+00","2026-07-28T03:35:12Z_0001_weather","TAMBARAM_GUINDY_032","Guindy-Tambaram",NULL,NULL,NULL,NULL,"FAILED",339.6,3
37400,"2026-07-28 03:35:21.215449+00","2026-07-28T03:35:12Z_0001_weather","CENTRAL_PUZHAL_ATGRADE_001","Puzhal-Central",NULL,NULL,NULL,NULL,"FAILED",311.4,3
37401,"2026-07-28 03:35:21.215449+00","2026-07-28T03:35:12Z_0001_weather","PUZHAL_CENTRAL_002","Puzhal-Central",NULL,NULL,NULL,NULL,"FAILED",323.1,3
37402,"2026-07-28 03:35:21.215449+00","2026-07-28T03:35:12Z_0001_weather","PUZHAL_CENTRAL_007","Puzhal-Central",NULL,NULL,NULL,NULL,"FAILED",323.3,3
37403,"2026-07-28 03:35:21.215449+00","2026-07-28T03:35:12Z_0001_weather","CENTRAL_PUZHAL_001","Puzhal-Central",NULL,NULL,NULL,NULL,"FAILED",329.7,3
37404,"2026-07-28 03:35:21.215449+00","2026-07-28T03:35:12Z_0001_weather","TAMBARAM_GUINDY_025","Guindy-Tambaram",NULL,NULL,NULL,NULL,"FAILED",330.8,3
37405,"2026-07-28 03:35:21.215449+00","2026-07-28T03:35:12Z_0001_weather","CENTRAL_PUZHAL_011","Puzhal-Central",NULL,NULL,NULL,NULL,"FAILED",339.9,3
37406,"2026-07-28 03:35:21.215449+00","2026-07-28T03:35:12Z_0001_weather","CENTRAL_PUZHAL_026","Puzhal-Central",NULL,NULL,NULL,NULL,"FAILED",320.2,3
37407,"2026-07-28 03:35:21.215449+00","2026-07-28T03:35:12Z_0001_weather","CENTRAL_PUZHAL_018","Puzhal-Central",NULL,NULL,NULL,NULL,"FAILED",310.0,3
37408,"2026-07-28 03:35:21.215449+00","2026-07-28T03:35:12Z_0001_weather","CENTRAL_PUZHAL_021","Puzhal-Central",NULL,NULL,NULL,NULL,"FAILED",295.0,3
37409,"2026-07-28 03:35:21.215449+00","2026-07-28T03:35:12Z_0001_weather","CENTRAL_PUZHAL_024","Puzhal-Central",NULL,NULL,NULL,NULL,"FAILED",334.4,3
37410,"2026-07-28 03:35:21.215449+00","2026-07-28T03:35:12Z_0001_weather","PUZHAL_CENTRAL_016","Puzhal-Central",NULL,NULL,NULL,NULL,"FAILED",265.1,3
37411,"2026-07-28 03:35:21.215449+00","2026-07-28T03:35:12Z_0001_weather","CENTRAL_PUZHAL_010","Puzhal-Central",NULL,NULL,NULL,NULL,"FAILED",277.5,3
37412,"2026-07-28 03:35:21.215449+00","2026-07-28T03:35:12Z_0001_weather","PUZHAL_CENTRAL_014","Puzhal-Central",NULL,NULL,NULL,NULL,"FAILED",299.8,3
37413,"2026-07-28 03:35:21.215449+00","2026-07-28T03:35:12Z_0001_weather","PUZHAL_CENTRAL_004","Puzhal-Central",NULL,NULL,NULL,NULL,"FAILED",295.2,3
37414,"2026-07-28 03:35:21.215449+00","2026-07-28T03:35:12Z_0001_weather","THORAIPAKKAM_PALLAVARM_001","Thoraipakkam-Pallavaram",NULL,NULL,NULL,NULL,"FAILED",322.3,3
37415,"2026-07-28 03:35:21.215449+00","2026-07-28T03:35:12Z_0001_weather","PUZHAL_CENTRAL_026","Puzhal-Central",NULL,NULL,NULL,NULL,"FAILED",310.2,3
37416,"2026-07-28 03:35:21.215449+00","2026-07-28T03:35:12Z_0001_weather","CENTRAL_PUZHAL_ATGRADE_004","Puzhal-Central",NULL,NULL,NULL,NULL,"FAILED",287.3,3
37417,"2026-07-28 03:35:21.215449+00","2026-07-28T03:35:12Z_0001_weather","PUZHAL_CENTRAL_ATGRADE_001","Puzhal-Central",NULL,NULL,NULL,NULL,"FAILED",284.6,3
37418,"2026-07-28 03:35:21.215449+00","2026-07-28T03:35:12Z_0001_weather","PALLAVARAM_THORAIPAKKAM_AT_GRADE_001","Thoraipakkam-Pallavaram",NULL,NULL,NULL,NULL,"FAILED",282.9,3
37419,"2026-07-28 03:35:21.215449+00","2026-07-28T03:35:12Z_0001_weather","CENTRAL_PUZHAL_017","Puzhal-Central",NULL,NULL,NULL,NULL,"FAILED",308.4,3
37420,"2026-07-28 03:35:21.215449+00","2026-07-28T03:35:12Z_0001_weather","PUZHAL_CENTRAL_017","Puzhal-Central",NULL,NULL,NULL,NULL,"FAILED",317.4,3
37421,"2026-07-28 03:35:21.215449+00","2026-07-28T03:35:12Z_0001_weather","PUZHAL_CENTRAL_006","Puzhal-Central",NULL,NULL,NULL,NULL,"FAILED",312.5,3
37422,"2026-07-28 03:35:21.215449+00","2026-07-28T03:35:12Z_0001_weather","PUZHAL_CENTRAL_020","Puzhal-Central",NULL,NULL,NULL,NULL,"FAILED",314.8,3
37423,"2026-07-28 03:35:21.215449+00","2026-07-28T03:35:12Z_0001_weather","PUZHAL_CENTRAL_015","Puzhal-Central",NULL,NULL,NULL,NULL,"FAILED",333.0,3
37424,"2026-07-28 03:35:21.215449+00","2026-07-28T03:35:12Z_0001_weather","PUZHAL_CENTRAL_021","Puzhal-Central",NULL,NULL,NULL,NULL,"FAILED",332.6,3
37425,"2026-07-28 03:35:21.215449+00","2026-07-28T03:35:12Z_0001_weather","CENTRAL_PUZHAL_022","Puzhal-Central",NULL,NULL,NULL,NULL,"FAILED",322.6,3
37426,"2026-07-28 03:35:21.215449+00","2026-07-28T03:35:12Z_0001_weather","THORAIPAKKAM_PALLAVARM_002","Thoraipakkam-Pallavaram",NULL,NULL,NULL,NULL,"FAILED",306.6,3
37427,"2026-07-28 03:35:21.215449+00","2026-07-28T03:35:12Z_0001_weather","PALLAVARAM_THORAIPAKKAM_010","Thoraipakkam-Pallavaram",NULL,NULL,NULL,NULL,"FAILED",293.2,3
37428,"2026-07-28 03:35:21.215449+00","2026-07-28T03:35:12Z_0001_weather","CENTRAL_PUZHAL_027","Puzhal-Central",NULL,NULL,NULL,NULL,"FAILED",279.5,3
37429,"2026-07-28 03:35:21.215449+00","2026-07-28T03:35:12Z_0001_weather","PUZHAL_CENTRAL_013","Puzhal-Central",NULL,NULL,NULL,NULL,"FAILED",281.6,3
37430,"2026-07-28 03:35:21.215449+00","2026-07-28T03:35:12Z_0001_weather","PUZHAL_CENTRAL_005","Puzhal-Central",NULL,NULL,NULL,NULL,"FAILED",288.3,3
37431,"2026-07-28 03:35:21.215449+00","2026-07-28T03:35:12Z_0001_weather","PUZHAL_CENTRAL_018","Puzhal-Central",NULL,NULL,NULL,NULL,"FAILED",293.9,3
37432,"2026-07-28 03:35:21.215449+00","2026-07-28T03:35:12Z_0001_weather","PALLAVARAM_THORAIPAKKAM_004","Thoraipakkam-Pallavaram",NULL,NULL,NULL,NULL,"FAILED",304.2,3
37433,"2026-07-28 03:35:21.215449+00","2026-07-28T03:35:12Z_0001_weather","PALLAVARAM_THORAIPAKKAM_006","Thoraipakkam-Pallavaram",NULL,NULL,NULL,NULL,"FAILED",279.9,3
37434,"2026-07-28 03:35:21.215449+00","2026-07-28T03:35:12Z_0001_weather","PUZHAL_CENTRAL_010","Puzhal-Central",NULL,NULL,NULL,NULL,"FAILED",279.6,3
37435,"2026-07-28 03:35:21.215449+00","2026-07-28T03:35:12Z_0001_weather","PALLAVARAM_THORAIPAKKAM_009","Thoraipakkam-Pallavaram",NULL,NULL,NULL,NULL,"FAILED",286.0,3
37436,"2026-07-28 03:35:21.215449+00","2026-07-28T03:35:12Z_0001_weather","PALLAVARAM_THORAIPAKKAM_002","Thoraipakkam-Pallavaram",NULL,NULL,NULL,NULL,"FAILED",290.4,3
37437,"2026-07-28 03:35:21.215449+00","2026-07-28T03:35:12Z_0001_weather","THORAIPAKKAM_PALLAVARM_007","Thoraipakkam-Pallavaram",NULL,NULL,NULL,NULL,"FAILED",295.6,3
37438,"2026-07-28 03:35:21.215449+00","2026-07-28T03:35:12Z_0001_weather","PALLAVARAM_THORAIPAKKAM_001","Thoraipakkam-Pallavaram",NULL,NULL,NULL,NULL,"FAILED",316.1,3
37439,"2026-07-28 03:35:21.215449+00","2026-07-28T03:35:12Z_0001_weather","PUZHAL_CENTRAL_008","Puzhal-Central",NULL,NULL,NULL,NULL,"FAILED",308.6,3
37440,"2026-07-28 03:35:21.215449+00","2026-07-28T03:35:12Z_0001_weather","PUZHAL_CENTRAL_027","Puzhal-Central",NULL,NULL,NULL,NULL,"FAILED",305.9,3
37441,"2026-07-28 03:35:21.215449+00","2026-07-28T03:35:12Z_0001_weather","PUZHAL_CENTRAL_012","Puzhal-Central",NULL,NULL,NULL,NULL,"FAILED",318.9,3
37442,"2026-07-28 03:35:21.215449+00","2026-07-28T03:35:12Z_0001_weather","PUZHAL_CENTRAL_024","Puzhal-Central",NULL,NULL,NULL,NULL,"FAILED",328.3,3
37443,"2026-07-28 03:35:21.215449+00","2026-07-28T03:35:12Z_0001_weather","THORAIPAKKAM_PALLAVARM_AT_GRADE_002","Thoraipakkam-Pallavaram",NULL,NULL,NULL,NULL,"FAILED",347.3,3
37444,"2026-07-28 03:35:21.215449+00","2026-07-28T03:35:12Z_0001_weather","PUZHAL_CENTRAL_001","Puzhal-Central",NULL,NULL,NULL,NULL,"FAILED",354.2,3
37445,"2026-07-28 03:35:21.215449+00","2026-07-28T03:35:12Z_0001_weather","PUZHAL_CENTRAL_025","Puzhal-Central",NULL,NULL,NULL,NULL,"FAILED",310.4,3
37446,"2026-07-28 03:35:21.215449+00","2026-07-28T03:35:12Z_0001_weather","PUZHAL_CENTRAL_ATGRADE_004","Puzhal-Central",NULL,NULL,NULL,NULL,"FAILED",291.2,3
37447,"2026-07-28 03:35:21.215449+00","2026-07-28T03:35:12Z_0001_weather","PUZHAL_CENTRAL_ATGRADE_002","Puzhal-Central",NULL,NULL,NULL,NULL,"FAILED",269.2,3
37448,"2026-07-28 03:35:21.215449+00","2026-07-28T03:35:12Z_0001_weather","THORAIPAKKAM_PALLAVARM_006","Thoraipakkam-Pallavaram",NULL,NULL,NULL,NULL,"FAILED",262.4,3
37449,"2026-07-28 03:35:21.215449+00","2026-07-28T03:35:12Z_0001_weather","PUZHAL_CENTRAL_011","Puzhal-Central",NULL,NULL,NULL,NULL,"FAILED",264.8,3
37450,"2026-07-28 03:35:21.215449+00","2026-07-28T03:35:12Z_0001_weather","PUZHAL_CENTRAL_019","Puzhal-Central",NULL,NULL,NULL,NULL,"FAILED",270.2,3
37451,"2026-07-28 03:35:21.215449+00","2026-07-28T03:35:12Z_0001_weather","PALLAVARAM_THORAIPAKKAM_008","Thoraipakkam-Pallavaram",NULL,NULL,NULL,NULL,"FAILED",267.9,3
37452,"2026-07-28 03:35:21.215449+00","2026-07-28T03:35:12Z_0001_weather","PUZHAL_CENTRAL_ATGRADE_005","Puzhal-Central",NULL,NULL,NULL,NULL,"FAILED",260.7,3
37453,"2026-07-28 03:35:21.215449+00","2026-07-28T03:35:12Z_0001_weather","THORAIPAKKAM_PALLAVARM_008","Thoraipakkam-Pallavaram",NULL,NULL,NULL,NULL,"FAILED",259.3,3
37454,"2026-07-28 03:35:21.215449+00","2026-07-28T03:35:12Z_0001_weather","PALLAVARAM_THORAIPAKKAM_AT_GRADE_002","Thoraipakkam-Pallavaram",NULL,NULL,NULL,NULL,"FAILED",269.8,3
37455,"2026-07-28 03:35:21.215449+00","2026-07-28T03:35:12Z_0001_weather","PUZHAL_CENTRAL_022","Puzhal-Central",NULL,NULL,NULL,NULL,"FAILED",280.7,3
37456,"2026-07-28 03:35:21.215449+00","2026-07-28T03:35:12Z_0001_weather","PALLAVARAM_THORAIPAKKAM_007","Thoraipakkam-Pallavaram",NULL,NULL,NULL,NULL,"FAILED",278.4,3
37457,"2026-07-28 03:35:21.215449+00","2026-07-28T03:35:12Z_0001_weather","THORAIPAKKAM_PALLAVARM_005","Thoraipakkam-Pallavaram",NULL,NULL,NULL,NULL,"FAILED",307.1,3
37458,"2026-07-28 03:35:21.215449+00","2026-07-28T03:35:12Z_0001_weather","THORAIPAKKAM_PALLAVARM_009","Thoraipakkam-Pallavaram",NULL,NULL,NULL,NULL,"FAILED",288.0,3
37459,"2026-07-28 03:35:21.215449+00","2026-07-28T03:35:12Z_0001_weather","THORAIPAKKAM_PALLAVARM_AT_GRADE_001","Thoraipakkam-Pallavaram",NULL,NULL,NULL,NULL,"FAILED",302.1,3
37460,"2026-07-28 03:35:21.215449+00","2026-07-28T03:35:12Z_0001_weather","THORAIPAKKAM_PALLAVARM_003","Thoraipakkam-Pallavaram",NULL,NULL,NULL,NULL,"FAILED",285.8,3
37461,"2026-07-28 03:35:21.215449+00","2026-07-28T03:35:12Z_0001_weather","THORAIPAKKAM_PALLAVARM_010","Thoraipakkam-Pallavaram",NULL,NULL,NULL,NULL,"FAILED",298.4,3
37462,"2026-07-28 03:35:21.215449+00","2026-07-28T03:35:12Z_0001_weather","THORAIPAKKAM_PALLAVARM_004","Thoraipakkam-Pallavaram",NULL,NULL,NULL,NULL,"FAILED",265.5,3
37463,"2026-07-28 03:35:21.215449+00","2026-07-28T03:35:12Z_0001_weather","PUZHAL_CENTRAL_ATGRADE_003","Puzhal-Central",NULL,NULL,NULL,NULL,"FAILED",279.4,3
37464,"2026-07-28 03:35:21.215449+00","2026-07-28T03:35:12Z_0001_weather","PALLAVARAM_THORAIPAKKAM_003","Thoraipakkam-Pallavaram",NULL,NULL,NULL,NULL,"FAILED",266.7,3
37465,"2026-07-28 03:35:21.215449+00","2026-07-28T03:35:12Z_0001_weather","PALLAVARAM_THORAIPAKKAM_005","Thoraipakkam-Pallavaram",NULL,NULL,NULL,NULL,"FAILED",261.3,3
37466,"2026-07-28 06:35:28.00222+00","2026-07-28T06:35:15Z_0001_weather","KILAMBAKKAM_LITTLEMOUNT_006","Corridor_Littlemount_Kilambakkam",NULL,NULL,NULL,NULL,"FAILED",269.9,3
37467,"2026-07-28 06:35:28.00222+00","2026-07-28T06:35:15Z_0001_weather","KILAMBAKKAM_LITTLEMOUNT(AT_GRADE_BELOWFLYOVER)_003","Corridor_Littlemount_Kilambakkam",NULL,NULL,NULL,NULL,"FAILED",270.7,3
37468,"2026-07-28 06:35:28.00222+00","2026-07-28T06:35:15Z_0001_weather","KILAMBAKKAM_LITTLEMOUNT(AT_GRADE_BELOWFLYOVER)_008","Corridor_Littlemount_Kilambakkam",NULL,NULL,NULL,NULL,"FAILED",270.0,3
37469,"2026-07-28 06:35:28.00222+00","2026-07-28T06:35:15Z_0001_weather","KILAMBAKKAM_LITTLEMOUNT(AT_GRADE_BELOWFLYOVER)_001","Corridor_Littlemount_Kilambakkam",NULL,NULL,NULL,NULL,"FAILED",270.9,3
37470,"2026-07-28 06:35:28.00222+00","2026-07-28T06:35:15Z_0001_weather","LITTLEMOUNT_KILAMBAKKAM(AT_GRADE_BELOWFLYOVER)_002","Corridor_Littlemount_Kilambakkam",NULL,NULL,NULL,NULL,"FAILED",270.6,3
37471,"2026-07-28 06:35:28.00222+00","2026-07-28T06:35:15Z_0001_weather","KILAMBAKKAM_LITTLEMOUNT_011","Corridor_Littlemount_Kilambakkam",NULL,NULL,NULL,NULL,"FAILED",260.5,3
37472,"2026-07-28 06:35:28.00222+00","2026-07-28T06:35:15Z_0001_weather","KILAMBAKKAM_LITTLEMOUNT_003","Corridor_Littlemount_Kilambakkam",NULL,NULL,NULL,NULL,"FAILED",261.1,3
37473,"2026-07-28 06:35:28.00222+00","2026-07-28T06:35:15Z_0001_weather","KILAMBAKKAM_LITTLEMOUNT_020","Corridor_Littlemount_Kilambakkam",NULL,NULL,NULL,NULL,"FAILED",262.1,3
37474,"2026-07-28 06:35:28.00222+00","2026-07-28T06:35:15Z_0001_weather","KILAMBAKKAM_LITTLEMOUNT_005","Corridor_Littlemount_Kilambakkam",NULL,NULL,NULL,NULL,"FAILED",260.9,3
37475,"2026-07-28 06:35:28.00222+00","2026-07-28T06:35:15Z_0001_weather","KILAMBAKKAM_LITTLEMOUNT_007","Corridor_Littlemount_Kilambakkam",NULL,NULL,NULL,NULL,"FAILED",260.7,3
37476,"2026-07-28 06:35:28.00222+00","2026-07-28T06:35:15Z_0001_weather","KILAMBAKKAM_LITTLEMOUNT(AT_GRADE_BELOWFLYOVER)_005","Corridor_Littlemount_Kilambakkam",NULL,NULL,NULL,NULL,"FAILED",262.0,3
37477,"2026-07-28 06:35:28.00222+00","2026-07-28T06:35:15Z_0001_weather","LITTLEMOUNT_KILAMBAKKAM(AT_GRADE_BELOWFLYOVER)_003","Corridor_Littlemount_Kilambakkam",NULL,NULL,NULL,NULL,"FAILED",270.2,3
37478,"2026-07-28 06:35:28.00222+00","2026-07-28T06:35:15Z_0001_weather","KILAMBAKKAM_LITTLEMOUNT_001","Corridor_Littlemount_Kilambakkam",NULL,NULL,NULL,NULL,"FAILED",260.9,3
37479,"2026-07-28 06:35:28.00222+00","2026-07-28T06:35:15Z_0001_weather","KILAMBAKKAM_LITTLEMOUNT_028","Corridor_Littlemount_Kilambakkam",NULL,NULL,NULL,NULL,"FAILED",262.7,3
37480,"2026-07-28 06:35:28.00222+00","2026-07-28T06:35:15Z_0001_weather","KILAMBAKKAM_LITTLEMOUNT_009","Corridor_Littlemount_Kilambakkam",NULL,NULL,NULL,NULL,"FAILED",261.7,3
37481,"2026-07-28 06:35:28.00222+00","2026-07-28T06:35:15Z_0001_weather","KILAMBAKKAM_LITTLEMOUNT_016","Corridor_Littlemount_Kilambakkam",NULL,NULL,NULL,NULL,"FAILED",262.0,3
37482,"2026-07-28 06:35:28.00222+00","2026-07-28T06:35:15Z_0001_weather","KILAMBAKKAM_LITTLEMOUNT(AT_GRADE_BELOWFLYOVER)_006","Corridor_Littlemount_Kilambakkam",NULL,NULL,NULL,NULL,"FAILED",265.1,3
37483,"2026-07-28 06:35:28.00222+00","2026-07-28T06:35:15Z_0001_weather","LITTLEMOUNT_KILAMBAKKAM_004","Corridor_Littlemount_Kilambakkam",NULL,NULL,NULL,NULL,"FAILED",265.6,3
37484,"2026-07-28 06:35:28.00222+00","2026-07-28T06:35:15Z_0001_weather","LITTLEMOUNT_KILAMBAKKAM_009","Corridor_Littlemount_Kilambakkam",NULL,NULL,NULL,NULL,"FAILED",271.8,3
37485,"2026-07-28 06:35:28.00222+00","2026-07-28T06:35:15Z_0001_weather","KILAMBAKKAM_LITTLEMOUNT_002","Corridor_Littlemount_Kilambakkam",NULL,NULL,NULL,NULL,"FAILED",280.3,3
37486,"2026-07-28 06:35:28.00222+00","2026-07-28T06:35:15Z_0001_weather","KILAMBAKKAM_LITTLEMOUNT_021","Corridor_Littlemount_Kilambakkam",NULL,NULL,NULL,NULL,"FAILED",269.0,3
37487,"2026-07-28 06:35:28.00222+00","2026-07-28T06:35:15Z_0001_weather","KILAMBAKKAM_LITTLEMOUNT_004","Corridor_Littlemount_Kilambakkam",NULL,NULL,NULL,NULL,"FAILED",269.0,3
37488,"2026-07-28 06:35:28.00222+00","2026-07-28T06:35:15Z_0001_weather","KILAMBAKKAM_LITTLEMOUNT_013","Corridor_Littlemount_Kilambakkam",NULL,NULL,NULL,NULL,"FAILED",270.6,3
37489,"2026-07-28 06:35:28.00222+00","2026-07-28T06:35:15Z_0001_weather","KILAMBAKKAM_LITTLEMOUNT_019","Corridor_Littlemount_Kilambakkam",NULL,NULL,NULL,NULL,"FAILED",271.6,3
37490,"2026-07-28 06:35:28.00222+00","2026-07-28T06:35:15Z_0001_weather","LITTLEMOUNT_KILAMBAKKAM(AT_GRADE_BELOWFLYOVER)_005","Corridor_Littlemount_Kilambakkam",NULL,NULL,NULL,NULL,"FAILED",293.6,3
37491,"2026-07-28 06:35:28.00222+00","2026-07-28T06:35:15Z_0001_weather","KILAMBAKKAM_LITTLEMOUNT(AT_GRADE_BELOWFLYOVER)_002","Corridor_Littlemount_Kilambakkam",NULL,NULL,NULL,NULL,"FAILED",288.3,3
37492,"2026-07-28 06:35:28.00222+00","2026-07-28T06:35:15Z_0001_weather","KILAMBAKKAM_LITTLEMOUNT_008","Corridor_Littlemount_Kilambakkam",NULL,NULL,NULL,NULL,"FAILED",298.8,3
37493,"2026-07-28 06:35:28.00222+00","2026-07-28T06:35:15Z_0001_weather","KILAMBAKKAM_LITTLEMOUNT(AT_GRADE_BELOWFLYOVER)_007","Corridor_Littlemount_Kilambakkam",NULL,NULL,NULL,NULL,"FAILED",290.4,3
37494,"2026-07-28 06:35:28.00222+00","2026-07-28T06:35:15Z_0001_weather","LITTLEMOUNT_KILAMBAKKAM_003","Corridor_Littlemount_Kilambakkam",NULL,NULL,NULL,NULL,"FAILED",295.4,3
37495,"2026-07-28 06:35:28.00222+00","2026-07-28T06:35:15Z_0001_weather","LITTLEMOUNT_KILAMBAKKAM_005","Corridor_Littlemount_Kilambakkam",NULL,NULL,NULL,NULL,"FAILED",292.9,3
37496,"2026-07-28 06:35:28.00222+00","2026-07-28T06:35:15Z_0001_weather","KILAMBAKKAM_LITTLEMOUNT_026","Corridor_Littlemount_Kilambakkam",NULL,NULL,NULL,NULL,"FAILED",296.4,3
37497,"2026-07-28 06:35:28.00222+00","2026-07-28T06:35:15Z_0001_weather","KILAMBAKKAM_LITTLEMOUNT(AT_GRADE_BELOWFLYOVER)_004","Corridor_Littlemount_Kilambakkam",NULL,NULL,NULL,NULL,"FAILED",279.6,3
37498,"2026-07-28 06:35:28.00222+00","2026-07-28T06:35:15Z_0001_weather","LITTLEMOUNT_KILAMBAKKAM(AT_GRADE_BELOWFLYOVER)_004","Corridor_Littlemount_Kilambakkam",NULL,NULL,NULL,NULL,"FAILED",281.9,3
37499,"2026-07-28 06:35:28.00222+00","2026-07-28T06:35:15Z_0001_weather","LITTLEMOUNT_KILAMBAKKAM_021","Corridor_Littlemount_Kilambakkam",NULL,NULL,NULL,NULL,"FAILED",317.4,3
37500,"2026-07-28 06:35:28.00222+00","2026-07-28T06:35:15Z_0001_weather","KILAMBAKKAM_LITTLEMOUNT_024","Corridor_Littlemount_Kilambakkam",NULL,NULL,NULL,NULL,"FAILED",282.9,3
37501,"2026-07-28 06:35:28.00222+00","2026-07-28T06:35:15Z_0001_weather","KILAMBAKKAM_LITTLEMOUNT(AT_GRADE_BELOWFLYOVER)_009","Corridor_Littlemount_Kilambakkam",NULL,NULL,NULL,NULL,"FAILED",287.5,3
37502,"2026-07-28 06:35:28.00222+00","2026-07-28T06:35:15Z_0001_weather","KILAMBAKKAM_LITTLEMOUNT_027","Corridor_Littlemount_Kilambakkam",NULL,NULL,NULL,NULL,"FAILED",286.6,3
37503,"2026-07-28 06:35:28.00222+00","2026-07-28T06:35:15Z_0001_weather","KILAMBAKKAM_LITTLEMOUNT_025","Corridor_Littlemount_Kilambakkam",NULL,NULL,NULL,NULL,"FAILED",261.9,3
37504,"2026-07-28 06:35:28.00222+00","2026-07-28T06:35:15Z_0001_weather","KILAMBAKKAM_LITTLEMOUNT_014","Corridor_Littlemount_Kilambakkam",NULL,NULL,NULL,NULL,"FAILED",272.6,3
37505,"2026-07-28 06:35:28.00222+00","2026-07-28T06:35:15Z_0001_weather","LITTLEMOUNT_KILAMBAKKAM_028","Corridor_Littlemount_Kilambakkam",NULL,NULL,NULL,NULL,"FAILED",278.8,3
37506,"2026-07-28 06:35:28.00222+00","2026-07-28T06:35:15Z_0001_weather","KILAMBAKKAM_LITTLEMOUNT_017","Corridor_Littlemount_Kilambakkam",NULL,NULL,NULL,NULL,"FAILED",269.5,3
37507,"2026-07-28 06:35:28.00222+00","2026-07-28T06:35:15Z_0001_weather","LITTLEMOUNT_KILAMBAKKAM_002","Corridor_Littlemount_Kilambakkam",NULL,NULL,NULL,NULL,"FAILED",269.6,3
37508,"2026-07-28 06:35:28.00222+00","2026-07-28T06:35:15Z_0001_weather","LITTLEMOUNT_KILAMBAKKAM(AT_GRADE_BELOWFLYOVER)_001","Corridor_Littlemount_Kilambakkam",NULL,NULL,NULL,NULL,"FAILED",269.4,3
37509,"2026-07-28 06:35:28.00222+00","2026-07-28T06:35:15Z_0001_weather","KILAMBAKKAM_LITTLEMOUNT_029","Corridor_Littlemount_Kilambakkam",NULL,NULL,NULL,NULL,"FAILED",277.7,3
37510,"2026-07-28 06:35:28.00222+00","2026-07-28T06:35:15Z_0001_weather","LITTLEMOUNT_KILAMBAKKAM_008","Corridor_Littlemount_Kilambakkam",NULL,NULL,NULL,NULL,"FAILED",354.0,3
37511,"2026-07-28 06:35:28.00222+00","2026-07-28T06:35:15Z_0001_weather","LITTLEMOUNT_KILAMBAKKAM_001","Corridor_Littlemount_Kilambakkam",NULL,NULL,NULL,NULL,"FAILED",351.3,3
37512,"2026-07-28 06:35:28.00222+00","2026-07-28T06:35:15Z_0001_weather","BROADWAY_KOYEMBEDU_003","EVR Salai",NULL,NULL,NULL,NULL,"FAILED",343.2,3
37513,"2026-07-28 06:35:28.00222+00","2026-07-28T06:35:15Z_0001_weather","LITTLEMOUNT_KILAMBAKKAM_020","Corridor_Littlemount_Kilambakkam",NULL,NULL,NULL,NULL,"FAILED",321.3,3
37514,"2026-07-28 06:35:28.00222+00","2026-07-28T06:35:15Z_0001_weather","LITTLEMOUNT_KILAMBAKKAM_031","Corridor_Littlemount_Kilambakkam",NULL,NULL,NULL,NULL,"FAILED",344.7,3
37515,"2026-07-28 06:35:28.00222+00","2026-07-28T06:35:15Z_0001_weather","LITTLEMOUNT_KILAMBAKKAM_022","Corridor_Littlemount_Kilambakkam",NULL,NULL,NULL,NULL,"FAILED",338.0,3
37516,"2026-07-28 06:35:28.00222+00","2026-07-28T06:35:15Z_0001_weather","KILAMBAKKAM_LITTLEMOUNT_023","Corridor_Littlemount_Kilambakkam",NULL,NULL,NULL,NULL,"FAILED",344.2,3
37517,"2026-07-28 06:35:28.00222+00","2026-07-28T06:35:15Z_0001_weather","KILAMBAKKAM_LITTLEMOUNT_012","Corridor_Littlemount_Kilambakkam",NULL,NULL,NULL,NULL,"FAILED",360.4,3
37518,"2026-07-28 06:35:28.00222+00","2026-07-28T06:35:15Z_0001_weather","KILAMBAKKAM_LITTLEMOUNT_010","Corridor_Littlemount_Kilambakkam",NULL,NULL,NULL,NULL,"FAILED",337.1,3
37519,"2026-07-28 06:35:28.00222+00","2026-07-28T06:35:15Z_0001_weather","LITTLEMOUNT_KILAMBAKKAM_007","Corridor_Littlemount_Kilambakkam",NULL,NULL,NULL,NULL,"FAILED",311.4,3
37520,"2026-07-28 06:35:28.00222+00","2026-07-28T06:35:15Z_0001_weather","LITTLEMOUNT_KILAMBAKKAM_015","Corridor_Littlemount_Kilambakkam",NULL,NULL,NULL,NULL,"FAILED",314.7,3
37521,"2026-07-28 06:35:28.00222+00","2026-07-28T06:35:15Z_0001_weather","KILAMBAKKAM_LITTLEMOUNT_018","Corridor_Littlemount_Kilambakkam",NULL,NULL,NULL,NULL,"FAILED",325.4,3
37522,"2026-07-28 06:35:28.00222+00","2026-07-28T06:35:15Z_0001_weather","BROADWAY_KOYEMBEDU_004","EVR Salai",NULL,NULL,NULL,NULL,"FAILED",337.0,3
37523,"2026-07-28 06:35:28.00222+00","2026-07-28T06:35:15Z_0001_weather","LITTLEMOUNT_KILAMBAKKAM_014","Corridor_Littlemount_Kilambakkam",NULL,NULL,NULL,NULL,"FAILED",341.9,3
37524,"2026-07-28 06:35:28.00222+00","2026-07-28T06:35:15Z_0001_weather","LITTLEMOUNT_KILAMBAKKAM_012","Corridor_Littlemount_Kilambakkam",NULL,NULL,NULL,NULL,"FAILED",357.9,3
37525,"2026-07-28 06:35:28.00222+00","2026-07-28T06:35:15Z_0001_weather","KILAMBAKKAM_LITTLEMOUNT_015","Corridor_Littlemount_Kilambakkam",NULL,NULL,NULL,NULL,"FAILED",323.0,3
37526,"2026-07-28 06:35:28.00222+00","2026-07-28T06:35:15Z_0001_weather","LITTLEMOUNT_KILAMBAKKAM_018","Corridor_Littlemount_Kilambakkam",NULL,NULL,NULL,NULL,"FAILED",381.5,3
37527,"2026-07-28 06:35:28.00222+00","2026-07-28T06:35:15Z_0001_weather","BROADWAY_KOYEMBEDU_024","EVR Salai",NULL,NULL,NULL,NULL,"FAILED",315.7,3
37528,"2026-07-28 06:35:28.00222+00","2026-07-28T06:35:15Z_0001_weather","LITTLEMOUNT_KILAMBAKKAM_010","Corridor_Littlemount_Kilambakkam",NULL,NULL,NULL,NULL,"FAILED",288.5,3
37529,"2026-07-28 06:35:28.00222+00","2026-07-28T06:35:15Z_0001_weather","LITTLEMOUNT_KILAMBAKKAM(AT_GRADE_BELOWFLYOVER)_006","Corridor_Littlemount_Kilambakkam",NULL,NULL,NULL,NULL,"FAILED",293.7,3
37530,"2026-07-28 06:35:28.00222+00","2026-07-28T06:35:15Z_0001_weather","LITTLEMOUNT_KILAMBAKKAM_032","Corridor_Littlemount_Kilambakkam",NULL,NULL,NULL,NULL,"FAILED",327.5,3
37531,"2026-07-28 06:35:28.00222+00","2026-07-28T06:35:15Z_0001_weather","LITTLEMOUNT_KILAMBAKKAM_027","Corridor_Littlemount_Kilambakkam",NULL,NULL,NULL,NULL,"FAILED",327.7,3
37532,"2026-07-28 06:35:28.00222+00","2026-07-28T06:35:15Z_0001_weather","BROADWAY_KOYEMBEDU_010","EVR Salai",NULL,NULL,NULL,NULL,"FAILED",319.2,3
37533,"2026-07-28 06:35:28.00222+00","2026-07-28T06:35:15Z_0001_weather","LITTLEMOUNT_KILAMBAKKAM_024","Corridor_Littlemount_Kilambakkam",NULL,NULL,NULL,NULL,"FAILED",347.1,3
37534,"2026-07-28 06:35:28.00222+00","2026-07-28T06:35:15Z_0001_weather","LITTLEMOUNT_KILAMBAKKAM_011","Corridor_Littlemount_Kilambakkam",NULL,NULL,NULL,NULL,"FAILED",345.9,3
37535,"2026-07-28 06:35:28.00222+00","2026-07-28T06:35:15Z_0001_weather","LITTLEMOUNT_KILAMBAKKAM_019","Corridor_Littlemount_Kilambakkam",NULL,NULL,NULL,NULL,"FAILED",334.3,3
37536,"2026-07-28 06:35:28.00222+00","2026-07-28T06:35:15Z_0001_weather","LITTLEMOUNT_KILAMBAKKAM_016","Corridor_Littlemount_Kilambakkam",NULL,NULL,NULL,NULL,"FAILED",325.2,3
37537,"2026-07-28 06:35:28.00222+00","2026-07-28T06:35:15Z_0001_weather","LITTLEMOUNT_KILAMBAKKAM_006","Corridor_Littlemount_Kilambakkam",NULL,NULL,NULL,NULL,"FAILED",343.0,3
37538,"2026-07-28 06:35:28.00222+00","2026-07-28T06:35:15Z_0001_weather","BROADWAY_KOYEMBEDU_001","EVR Salai",NULL,NULL,NULL,NULL,"FAILED",339.6,3
37539,"2026-07-28 06:35:28.00222+00","2026-07-28T06:35:15Z_0001_weather","BROADWAY_KOYEMBEDU_022","EVR Salai",NULL,NULL,NULL,NULL,"FAILED",317.4,3
37540,"2026-07-28 06:35:28.00222+00","2026-07-28T06:35:15Z_0001_weather","BROADWAY_KOYEMBEDU_002","EVR Salai",NULL,NULL,NULL,NULL,"FAILED",321.7,3
37541,"2026-07-28 06:35:28.00222+00","2026-07-28T06:35:15Z_0001_weather","LITTLEMOUNT_KILAMBAKKAM_013","Corridor_Littlemount_Kilambakkam",NULL,NULL,NULL,NULL,"FAILED",308.4,3
37542,"2026-07-28 06:35:28.00222+00","2026-07-28T06:35:15Z_0001_weather","KILAMBAKKAM_LITTLEMOUNT_022","Corridor_Littlemount_Kilambakkam",NULL,NULL,NULL,NULL,"FAILED",287.6,3
37543,"2026-07-28 06:35:28.00222+00","2026-07-28T06:35:15Z_0001_weather","BROADWAY_KOYEMBEDU_008","EVR Salai",NULL,NULL,NULL,NULL,"FAILED",280.7,3
37544,"2026-07-28 06:35:28.00222+00","2026-07-28T06:35:15Z_0001_weather","KOYEMBEDU_BROADWAY_016","EVR Salai",NULL,NULL,NULL,NULL,"FAILED",311.2,3
37545,"2026-07-28 06:35:28.00222+00","2026-07-28T06:35:15Z_0001_weather","BROADWAY_KOYEMBEDU_013","EVR Salai",NULL,NULL,NULL,NULL,"FAILED",320.2,3
37546,"2026-07-28 06:35:28.00222+00","2026-07-28T06:35:15Z_0001_weather","LITTLEMOUNT_KILAMBAKKAM_030","Corridor_Littlemount_Kilambakkam",NULL,NULL,NULL,NULL,"FAILED",292.5,3
37547,"2026-07-28 06:35:28.00222+00","2026-07-28T06:35:15Z_0001_weather","BROADWAY_KOYEMBEDU_026","EVR Salai",NULL,NULL,NULL,NULL,"FAILED",287.5,3
37548,"2026-07-28 06:35:28.00222+00","2026-07-28T06:35:15Z_0001_weather","LITTLEMOUNT_KILAMBAKKAM_017","Corridor_Littlemount_Kilambakkam",NULL,NULL,NULL,NULL,"FAILED",335.0,3
37549,"2026-07-28 06:35:28.00222+00","2026-07-28T06:35:15Z_0001_weather","BROADWAY_KOYEMBEDU_020","EVR Salai",NULL,NULL,NULL,NULL,"FAILED",274.8,3
37550,"2026-07-28 06:35:28.00222+00","2026-07-28T06:35:15Z_0001_weather","BROADWAY_KOYEMBEDU_011","EVR Salai",NULL,NULL,NULL,NULL,"FAILED",305.7,3
37551,"2026-07-28 06:35:28.00222+00","2026-07-28T06:35:15Z_0001_weather","LITTLEMOUNT_KILAMBAKKAM_029","Corridor_Littlemount_Kilambakkam",NULL,NULL,NULL,NULL,"FAILED",317.6,3
37552,"2026-07-28 06:35:28.00222+00","2026-07-28T06:35:15Z_0001_weather","BROADWAY_KOYEMBEDU_006","EVR Salai",NULL,NULL,NULL,NULL,"FAILED",299.6,3
37553,"2026-07-28 06:35:28.00222+00","2026-07-28T06:35:15Z_0001_weather","BROADWAY_KOYEMBEDU_015","EVR Salai",NULL,NULL,NULL,NULL,"FAILED",289.8,3
37554,"2026-07-28 06:35:28.00222+00","2026-07-28T06:35:15Z_0001_weather","BROADWAY_KOYEMBEDU_021","EVR Salai",NULL,NULL,NULL,NULL,"FAILED",281.1,3
37555,"2026-07-28 06:35:28.00222+00","2026-07-28T06:35:15Z_0001_weather","BROADWAY_KOYEMBEDU_016","EVR Salai",NULL,NULL,NULL,NULL,"FAILED",294.6,3
37556,"2026-07-28 06:35:28.00222+00","2026-07-28T06:35:15Z_0001_weather","LITTLEMOUNT_KILAMBAKKAM_025","Corridor_Littlemount_Kilambakkam",NULL,NULL,NULL,NULL,"FAILED",286.0,3
37557,"2026-07-28 06:35:28.00222+00","2026-07-28T06:35:15Z_0001_weather","KOYEMBEDU_BROADWAY_005","EVR Salai",NULL,NULL,NULL,NULL,"FAILED",282.4,3
37558,"2026-07-28 06:35:28.00222+00","2026-07-28T06:35:15Z_0001_weather","KOYEMBEDU_BROADWAY_007","EVR Salai",NULL,NULL,NULL,NULL,"FAILED",273.0,3
37559,"2026-07-28 06:35:28.00222+00","2026-07-28T06:35:15Z_0001_weather","KOYEMBEDU_BROADWAY_010","EVR Salai",NULL,NULL,NULL,NULL,"FAILED",262.3,3
37560,"2026-07-28 06:35:28.00222+00","2026-07-28T06:35:15Z_0001_weather","LITTLEMOUNT_KILAMBAKKAM_023","Corridor_Littlemount_Kilambakkam",NULL,NULL,NULL,NULL,"FAILED",263.6,3
37561,"2026-07-28 06:35:28.00222+00","2026-07-28T06:35:15Z_0001_weather","BROADWAY_KOYEMBEDU_014","EVR Salai",NULL,NULL,NULL,NULL,"FAILED",260.6,3
37562,"2026-07-28 06:35:28.00222+00","2026-07-28T06:35:15Z_0001_weather","KOYEMBEDU_BROADWAY_015","EVR Salai",NULL,NULL,NULL,NULL,"FAILED",261.7,3
37563,"2026-07-28 06:35:28.00222+00","2026-07-28T06:35:15Z_0001_weather","KOYEMBEDU_BROADWAY_009","EVR Salai",NULL,NULL,NULL,NULL,"FAILED",274.2,3
37564,"2026-07-28 06:35:28.00222+00","2026-07-28T06:35:15Z_0001_weather","BROADWAY_KOYEMBEDU_017","EVR Salai",NULL,NULL,NULL,NULL,"FAILED",273.5,3
37565,"2026-07-28 06:35:28.00222+00","2026-07-28T06:35:15Z_0001_weather","KOYEMBEDU_BROADWAY_013","EVR Salai",NULL,NULL,NULL,NULL,"FAILED",275.7,3
37566,"2026-07-28 06:35:28.00222+00","2026-07-28T06:35:15Z_0001_weather","KOYEMBEDU_BROADWAY_026","EVR Salai",NULL,NULL,NULL,NULL,"FAILED",281.6,3
37567,"2026-07-28 06:35:28.00222+00","2026-07-28T06:35:15Z_0001_weather","KOYEMBEDU_BROADWAY_018","EVR Salai",NULL,NULL,NULL,NULL,"FAILED",270.6,3
37568,"2026-07-28 06:35:28.00222+00","2026-07-28T06:35:15Z_0001_weather","LITTLEMOUNT_KILAMBAKKAM_026","Corridor_Littlemount_Kilambakkam",NULL,NULL,NULL,NULL,"FAILED",261.9,3
37569,"2026-07-28 06:35:28.00222+00","2026-07-28T06:35:15Z_0001_weather","GUINDY_TAMBARAM_001","Guindy-Tambaram",NULL,NULL,NULL,NULL,"FAILED",270.0,3
37570,"2026-07-28 06:35:28.00222+00","2026-07-28T06:35:15Z_0001_weather","KOYEMBEDU_BROADWAY_006","EVR Salai",NULL,NULL,NULL,NULL,"FAILED",279.3,3
37571,"2026-07-28 06:35:28.00222+00","2026-07-28T06:35:15Z_0001_weather","BROADWAY_KOYEMBEDU_018","EVR Salai",NULL,NULL,NULL,NULL,"FAILED",260.7,3
37572,"2026-07-28 06:35:28.00222+00","2026-07-28T06:35:15Z_0001_weather","BROADWAY_KOYEMBEDU_023","EVR Salai",NULL,NULL,NULL,NULL,"FAILED",261.7,3
37573,"2026-07-28 06:35:28.00222+00","2026-07-28T06:35:15Z_0001_weather","KOYEMBEDU_BROADWAY_025","EVR Salai",NULL,NULL,NULL,NULL,"FAILED",261.3,3
37574,"2026-07-28 06:35:28.00222+00","2026-07-28T06:35:15Z_0001_weather","KOYEMBEDU_BROADWAY_001","EVR Salai",NULL,NULL,NULL,NULL,"FAILED",260.8,3
37575,"2026-07-28 06:35:28.00222+00","2026-07-28T06:35:15Z_0001_weather","KOYEMBEDU_BROADWAY_014","EVR Salai",NULL,NULL,NULL,NULL,"FAILED",271.2,3
37576,"2026-07-28 06:35:28.00222+00","2026-07-28T06:35:15Z_0001_weather","BROADWAY_KOYEMBEDU_007","EVR Salai",NULL,NULL,NULL,NULL,"FAILED",259.9,3
37577,"2026-07-28 06:35:28.00222+00","2026-07-28T06:35:15Z_0001_weather","KOYEMBEDU_BROADWAY_003","EVR Salai",NULL,NULL,NULL,NULL,"FAILED",262.0,3
37578,"2026-07-28 06:35:28.00222+00","2026-07-28T06:35:15Z_0001_weather","KOYEMBEDU_BROADWAY_008","EVR Salai",NULL,NULL,NULL,NULL,"FAILED",275.0,3
37579,"2026-07-28 06:35:28.00222+00","2026-07-28T06:35:15Z_0001_weather","BROADWAY_KOYEMBEDU_009","EVR Salai",NULL,NULL,NULL,NULL,"FAILED",264.3,3
37580,"2026-07-28 06:35:28.00222+00","2026-07-28T06:35:15Z_0001_weather","GUINDY_TAMBARAM_002","Guindy-Tambaram",NULL,NULL,NULL,NULL,"FAILED",261.7,3
37581,"2026-07-28 06:35:28.00222+00","2026-07-28T06:35:15Z_0001_weather","GUINDY_TAMBARAM_010","Guindy-Tambaram",NULL,NULL,NULL,NULL,"FAILED",262.1,3
37582,"2026-07-28 06:35:28.00222+00","2026-07-28T06:35:15Z_0001_weather","BROADWAY_KOYEMBEDU_012","EVR Salai",NULL,NULL,NULL,NULL,"FAILED",268.3,3
37583,"2026-07-28 06:35:28.00222+00","2026-07-28T06:35:15Z_0001_weather","KOYEMBEDU_BROADWAY_011","EVR Salai",NULL,NULL,NULL,NULL,"FAILED",271.9,3
37584,"2026-07-28 06:35:28.00222+00","2026-07-28T06:35:15Z_0001_weather","GUINDY_TAMBARAM_011","Guindy-Tambaram",NULL,NULL,NULL,NULL,"FAILED",293.5,3
37585,"2026-07-28 06:35:28.00222+00","2026-07-28T06:35:15Z_0001_weather","GUINDY_TAMBARAM_028","Guindy-Tambaram",NULL,NULL,NULL,NULL,"FAILED",306.2,3
37586,"2026-07-28 06:35:28.00222+00","2026-07-28T06:35:15Z_0001_weather","BROADWAY_KOYEMBEDU_019","EVR Salai",NULL,NULL,NULL,NULL,"FAILED",311.4,3
37587,"2026-07-28 06:35:28.00222+00","2026-07-28T06:35:15Z_0001_weather","GUINDY_TAMBARAM_006","Guindy-Tambaram",NULL,NULL,NULL,NULL,"FAILED",342.9,3
37588,"2026-07-28 06:35:28.00222+00","2026-07-28T06:35:15Z_0001_weather","BROADWAY_KOYEMBEDU_005","EVR Salai",NULL,NULL,NULL,NULL,"FAILED",336.8,3
37589,"2026-07-28 06:35:28.00222+00","2026-07-28T06:35:15Z_0001_weather","GUINDY_TAMBARAM_009","Guindy-Tambaram",NULL,NULL,NULL,NULL,"FAILED",347.1,3
37590,"2026-07-28 06:35:28.00222+00","2026-07-28T06:35:15Z_0001_weather","GUINDY_TAMBARAM_022","Guindy-Tambaram",NULL,NULL,NULL,NULL,"FAILED",300.1,3
37591,"2026-07-28 06:35:28.00222+00","2026-07-28T06:35:15Z_0001_weather","GUINDY_TAMBARAM_004","Guindy-Tambaram",NULL,NULL,NULL,NULL,"FAILED",261.3,3
37592,"2026-07-28 06:35:28.00222+00","2026-07-28T06:35:15Z_0001_weather","KOYEMBEDU_BROADWAY_004","EVR Salai",NULL,NULL,NULL,NULL,"FAILED",272.0,3
37593,"2026-07-28 06:35:28.00222+00","2026-07-28T06:35:15Z_0001_weather","KOYEMBEDU_BROADWAY_017","EVR Salai",NULL,NULL,NULL,NULL,"FAILED",261.3,3
37594,"2026-07-28 06:35:28.00222+00","2026-07-28T06:35:15Z_0001_weather","KOYEMBEDU_BROADWAY_019","EVR Salai",NULL,NULL,NULL,NULL,"FAILED",261.0,3
37595,"2026-07-28 06:35:28.00222+00","2026-07-28T06:35:15Z_0001_weather","GUINDY_TAMBARAM_023","Guindy-Tambaram",NULL,NULL,NULL,NULL,"FAILED",261.7,3
37596,"2026-07-28 06:35:28.00222+00","2026-07-28T06:35:15Z_0001_weather","BROADWAY_KOYEMBEDU_025","EVR Salai",NULL,NULL,NULL,NULL,"FAILED",260.7,3
37597,"2026-07-28 06:35:28.00222+00","2026-07-28T06:35:15Z_0001_weather","KOYEMBEDU_BROADWAY_023","EVR Salai",NULL,NULL,NULL,NULL,"FAILED",270.3,3
37598,"2026-07-28 06:35:28.00222+00","2026-07-28T06:35:15Z_0001_weather","KOYEMBEDU_BROADWAY_022","EVR Salai",NULL,NULL,NULL,NULL,"FAILED",263.3,3
37599,"2026-07-28 06:35:28.00222+00","2026-07-28T06:35:15Z_0001_weather","KOYEMBEDU_BROADWAY_020","EVR Salai",NULL,NULL,NULL,NULL,"FAILED",262.6,3
37600,"2026-07-28 06:35:28.00222+00","2026-07-28T06:35:15Z_0001_weather","GUINDY_TAMBARAM_005","Guindy-Tambaram",NULL,NULL,NULL,NULL,"FAILED",261.6,3
37601,"2026-07-28 06:35:28.00222+00","2026-07-28T06:35:15Z_0001_weather","KOYEMBEDU_BROADWAY_012","EVR Salai",NULL,NULL,NULL,NULL,"FAILED",265.7,3
37602,"2026-07-28 06:35:28.00222+00","2026-07-28T06:35:15Z_0001_weather","TAMBARAM_GUINDY_004","Guindy-Tambaram",NULL,NULL,NULL,NULL,"FAILED",268.1,3
37603,"2026-07-28 06:35:28.00222+00","2026-07-28T06:35:15Z_0001_weather","KOYEMBEDU_BROADWAY_002","EVR Salai",NULL,NULL,NULL,NULL,"FAILED",268.9,3
37604,"2026-07-28 06:35:28.00222+00","2026-07-28T06:35:15Z_0001_weather","GUINDY_TAMBARAM_033","Guindy-Tambaram",NULL,NULL,NULL,NULL,"FAILED",270.9,3
37605,"2026-07-28 06:35:28.00222+00","2026-07-28T06:35:15Z_0001_weather","GUINDY_TAMBARAM_012","Guindy-Tambaram",NULL,NULL,NULL,NULL,"FAILED",269.3,3
37606,"2026-07-28 06:35:28.00222+00","2026-07-28T06:35:15Z_0001_weather","GUINDY_TAMBARAM_003","Guindy-Tambaram",NULL,NULL,NULL,NULL,"FAILED",269.5,3
37607,"2026-07-28 06:35:28.00222+00","2026-07-28T06:35:15Z_0001_weather","GUINDY_TAMBARAM_013","Guindy-Tambaram",NULL,NULL,NULL,NULL,"FAILED",260.4,3
37608,"2026-07-28 06:35:28.00222+00","2026-07-28T06:35:15Z_0001_weather","GUINDY_TAMBARAM_020","Guindy-Tambaram",NULL,NULL,NULL,NULL,"FAILED",270.1,3
37609,"2026-07-28 06:35:28.00222+00","2026-07-28T06:35:15Z_0001_weather","TAMBARAM_GUINDY_030","Guindy-Tambaram",NULL,NULL,NULL,NULL,"FAILED",270.8,3
37610,"2026-07-28 06:35:28.00222+00","2026-07-28T06:35:15Z_0001_weather","KOYEMBEDU_BROADWAY_021","EVR Salai",NULL,NULL,NULL,NULL,"FAILED",262.4,3
37611,"2026-07-28 06:35:28.00222+00","2026-07-28T06:35:15Z_0001_weather","GUINDY_TAMBARAM_032","Guindy-Tambaram",NULL,NULL,NULL,NULL,"FAILED",281.3,3
37612,"2026-07-28 06:35:28.00222+00","2026-07-28T06:35:15Z_0001_weather","GUINDY_TAMBARAM_007","Guindy-Tambaram",NULL,NULL,NULL,NULL,"FAILED",263.2,3
37613,"2026-07-28 06:35:28.00222+00","2026-07-28T06:35:15Z_0001_weather","GUINDY_TAMBARAM_026","Guindy-Tambaram",NULL,NULL,NULL,NULL,"FAILED",262.9,3
37614,"2026-07-28 06:35:28.00222+00","2026-07-28T06:35:15Z_0001_weather","TAMBARAM_GUINDY_010","Guindy-Tambaram",NULL,NULL,NULL,NULL,"FAILED",263.2,3
37615,"2026-07-28 06:35:28.00222+00","2026-07-28T06:35:15Z_0001_weather","GUINDY_TAMBARAM_021","Guindy-Tambaram",NULL,NULL,NULL,NULL,"FAILED",261.7,3
37616,"2026-07-28 06:35:28.00222+00","2026-07-28T06:35:15Z_0001_weather","GUINDY_TAMBARAM_027","Guindy-Tambaram",NULL,NULL,NULL,NULL,"FAILED",263.8,3
37617,"2026-07-28 06:35:28.00222+00","2026-07-28T06:35:15Z_0001_weather","TAMBARAM_GUINDY_016","Guindy-Tambaram",NULL,NULL,NULL,NULL,"FAILED",259.9,3
37618,"2026-07-28 06:35:28.00222+00","2026-07-28T06:35:15Z_0001_weather","GUINDY_TAMBARAM_024","Guindy-Tambaram",NULL,NULL,NULL,NULL,"FAILED",269.1,3
37619,"2026-07-28 06:35:28.00222+00","2026-07-28T06:35:15Z_0001_weather","TAMBARAM_GUINDY_026","Guindy-Tambaram",NULL,NULL,NULL,NULL,"FAILED",261.6,3
37620,"2026-07-28 06:35:28.00222+00","2026-07-28T06:35:15Z_0001_weather","GUINDY_TAMBARAM_025","Guindy-Tambaram",NULL,NULL,NULL,NULL,"FAILED",260.8,3
37621,"2026-07-28 06:35:28.00222+00","2026-07-28T06:35:15Z_0001_weather","GUINDY_TAMBARAM_041","Guindy-Tambaram",NULL,NULL,NULL,NULL,"FAILED",264.5,3
37622,"2026-07-28 06:35:28.00222+00","2026-07-28T06:35:15Z_0001_weather","GUINDY_TAMBARAM_018","Guindy-Tambaram",NULL,NULL,NULL,NULL,"FAILED",261.8,3
37623,"2026-07-28 06:35:28.00222+00","2026-07-28T06:35:15Z_0001_weather","GUINDY_TAMBARAM_015","Guindy-Tambaram",NULL,NULL,NULL,NULL,"FAILED",274.6,3
37624,"2026-07-28 06:35:28.00222+00","2026-07-28T06:35:15Z_0001_weather","GUINDY_TAMBARAM_016","Guindy-Tambaram",NULL,NULL,NULL,NULL,"FAILED",319.6,3
37625,"2026-07-28 06:35:28.00222+00","2026-07-28T06:35:15Z_0001_weather","GUINDY_TAMBARAM_031","Guindy-Tambaram",NULL,NULL,NULL,NULL,"FAILED",331.0,3
37626,"2026-07-28 06:35:28.00222+00","2026-07-28T06:35:15Z_0001_weather","GUINDY_TAMBARAM_017","Guindy-Tambaram",NULL,NULL,NULL,NULL,"FAILED",333.1,3
37627,"2026-07-28 06:35:28.00222+00","2026-07-28T06:35:15Z_0001_weather","GUINDY_TAMBARAM_008","Guindy-Tambaram",NULL,NULL,NULL,NULL,"FAILED",325.7,3
37628,"2026-07-28 06:35:28.00222+00","2026-07-28T06:35:15Z_0001_weather","GUINDY_TAMBARAM_040","Guindy-Tambaram",NULL,NULL,NULL,NULL,"FAILED",346.8,3
37629,"2026-07-28 06:35:28.00222+00","2026-07-28T06:35:15Z_0001_weather","TAMBARAM_GUINDY_006","Guindy-Tambaram",NULL,NULL,NULL,NULL,"FAILED",334.3,3
37630,"2026-07-28 06:35:28.00222+00","2026-07-28T06:35:15Z_0001_weather","TAMBARAM_GUINDY_002","Guindy-Tambaram",NULL,NULL,NULL,NULL,"FAILED",349.4,3
37631,"2026-07-28 06:35:28.00222+00","2026-07-28T06:35:15Z_0001_weather","GUINDY_TAMBARAM_029","Guindy-Tambaram",NULL,NULL,NULL,NULL,"FAILED",337.0,3
37632,"2026-07-28 06:35:28.00222+00","2026-07-28T06:35:15Z_0001_weather","TAMBARAM_GUINDY_015","Guindy-Tambaram",NULL,NULL,NULL,NULL,"FAILED",325.1,3
37633,"2026-07-28 06:35:28.00222+00","2026-07-28T06:35:15Z_0001_weather","GUINDY_TAMBARAM_036","Guindy-Tambaram",NULL,NULL,NULL,NULL,"FAILED",339.1,3
37634,"2026-07-28 06:35:28.00222+00","2026-07-28T06:35:15Z_0001_weather","TAMBARAM_GUINDY_023","Guindy-Tambaram",NULL,NULL,NULL,NULL,"FAILED",317.3,3
37635,"2026-07-28 06:35:28.00222+00","2026-07-28T06:35:15Z_0001_weather","TAMBARAM_GUINDY_011","Guindy-Tambaram",NULL,NULL,NULL,NULL,"FAILED",311.1,3
37636,"2026-07-28 06:35:28.00222+00","2026-07-28T06:35:15Z_0001_weather","KOYEMBEDU_BROADWAY_024","EVR Salai",NULL,NULL,NULL,NULL,"FAILED",329.5,3
37637,"2026-07-28 06:35:28.00222+00","2026-07-28T06:35:15Z_0001_weather","TAMBARAM_GUINDY_001","Guindy-Tambaram",NULL,NULL,NULL,NULL,"FAILED",331.8,3
37638,"2026-07-28 06:35:28.00222+00","2026-07-28T06:35:15Z_0001_weather","TAMBARAM_GUINDY_007","Guindy-Tambaram",NULL,NULL,NULL,NULL,"FAILED",338.1,3
37639,"2026-07-28 06:35:28.00222+00","2026-07-28T06:35:15Z_0001_weather","GUINDY_TAMBARAM_019","Guindy-Tambaram",NULL,NULL,NULL,NULL,"FAILED",343.5,3
37640,"2026-07-28 06:35:28.00222+00","2026-07-28T06:35:15Z_0001_weather","TAMBARAM_GUINDY_003","Guindy-Tambaram",NULL,NULL,NULL,NULL,"FAILED",350.6,3
37641,"2026-07-28 06:35:28.00222+00","2026-07-28T06:35:15Z_0001_weather","GUINDY_TAMBARAM_014","Guindy-Tambaram",NULL,NULL,NULL,NULL,"FAILED",314.2,3
37642,"2026-07-28 06:35:28.00222+00","2026-07-28T06:35:15Z_0001_weather","TAMBARAM_GUINDY_036","Guindy-Tambaram",NULL,NULL,NULL,NULL,"FAILED",325.4,3
37643,"2026-07-28 06:35:28.00222+00","2026-07-28T06:35:15Z_0001_weather","TAMBARAM_GUINDY_018","Guindy-Tambaram",NULL,NULL,NULL,NULL,"FAILED",333.2,3
37644,"2026-07-28 06:35:28.00222+00","2026-07-28T06:35:15Z_0001_weather","TAMBARAM_GUINDY_031","Guindy-Tambaram",NULL,NULL,NULL,NULL,"FAILED",386.5,3
37645,"2026-07-28 06:35:28.00222+00","2026-07-28T06:35:15Z_0001_weather","TAMBARAM_GUINDY_014","Guindy-Tambaram",NULL,NULL,NULL,NULL,"FAILED",366.0,3
37646,"2026-07-28 06:35:28.00222+00","2026-07-28T06:35:15Z_0001_weather","TAMBARAM_GUINDY_021","Guindy-Tambaram",NULL,NULL,NULL,NULL,"FAILED",393.5,3
37647,"2026-07-28 06:35:28.00222+00","2026-07-28T06:35:15Z_0001_weather","TAMBARAM_GUINDY_005","Guindy-Tambaram",NULL,NULL,NULL,NULL,"FAILED",382.3,3
37648,"2026-07-28 06:35:28.00222+00","2026-07-28T06:35:15Z_0001_weather","GUINDY_TAMBARAM_038","Guindy-Tambaram",NULL,NULL,NULL,NULL,"FAILED",372.7,3
37649,"2026-07-28 06:35:28.00222+00","2026-07-28T06:35:15Z_0001_weather","GUINDY_TAMBARAM_030","Guindy-Tambaram",NULL,NULL,NULL,NULL,"FAILED",390.5,3
37650,"2026-07-28 06:35:28.00222+00","2026-07-28T06:35:15Z_0001_weather","TAMBARAM_GUINDY_009","Guindy-Tambaram",NULL,NULL,NULL,NULL,"FAILED",367.8,3
37651,"2026-07-28 06:35:28.00222+00","2026-07-28T06:35:15Z_0001_weather","GUINDY_TAMBARAM_034","Guindy-Tambaram",NULL,NULL,NULL,NULL,"FAILED",329.5,3
37652,"2026-07-28 06:35:28.00222+00","2026-07-28T06:35:15Z_0001_weather","TAMBARAM_GUINDY_024","Guindy-Tambaram",NULL,NULL,NULL,NULL,"FAILED",323.3,3
37653,"2026-07-28 06:35:28.00222+00","2026-07-28T06:35:15Z_0001_weather","TAMBARAM_GUINDY_022","Guindy-Tambaram",NULL,NULL,NULL,NULL,"FAILED",357.0,3
37654,"2026-07-28 06:35:28.00222+00","2026-07-28T06:35:15Z_0001_weather","TAMBARAM_GUINDY_039","Guindy-Tambaram",NULL,NULL,NULL,NULL,"FAILED",326.7,3
37655,"2026-07-28 06:35:28.00222+00","2026-07-28T06:35:15Z_0001_weather","TAMBARAM_GUINDY_027","Guindy-Tambaram",NULL,NULL,NULL,NULL,"FAILED",323.6,3
37656,"2026-07-28 06:35:28.00222+00","2026-07-28T06:35:15Z_0001_weather","TAMBARAM_GUINDY_020","Guindy-Tambaram",NULL,NULL,NULL,NULL,"FAILED",327.1,3
37657,"2026-07-28 06:35:28.00222+00","2026-07-28T06:35:15Z_0001_weather","GUINDY_TAMBARAM_037","Guindy-Tambaram",NULL,NULL,NULL,NULL,"FAILED",320.3,3
37658,"2026-07-28 06:35:28.00222+00","2026-07-28T06:35:15Z_0001_weather","GUINDY_TAMBARAM_035","Guindy-Tambaram",NULL,NULL,NULL,NULL,"FAILED",310.5,3
37659,"2026-07-28 06:35:28.00222+00","2026-07-28T06:35:15Z_0001_weather","GUINDY_TAMBARAM_039","Guindy-Tambaram",NULL,NULL,NULL,NULL,"FAILED",344.7,3
37660,"2026-07-28 06:35:28.00222+00","2026-07-28T06:35:15Z_0001_weather","TAMBARAM_GUINDY_028","Guindy-Tambaram",NULL,NULL,NULL,NULL,"FAILED",308.7,3
37661,"2026-07-28 06:35:28.00222+00","2026-07-28T06:35:15Z_0001_weather","CENTRAL_PUZHAL_012","Puzhal-Central",NULL,NULL,NULL,NULL,"FAILED",315.8,3
37662,"2026-07-28 06:35:28.00222+00","2026-07-28T06:35:15Z_0001_weather","TAMBARAM_GUINDY_012","Guindy-Tambaram",NULL,NULL,NULL,NULL,"FAILED",316.4,3
37663,"2026-07-28 06:35:28.00222+00","2026-07-28T06:35:15Z_0001_weather","TAMBARAM_GUINDY_032","Guindy-Tambaram",NULL,NULL,NULL,NULL,"FAILED",336.9,3
37664,"2026-07-28 06:35:28.00222+00","2026-07-28T06:35:15Z_0001_weather","CENTRAL_PUZHAL_024","Puzhal-Central",NULL,NULL,NULL,NULL,"FAILED",367.9,3
37665,"2026-07-28 06:35:28.00222+00","2026-07-28T06:35:15Z_0001_weather","PUZHAL_CENTRAL_001","Puzhal-Central",NULL,NULL,NULL,NULL,"FAILED",378.4,3
37666,"2026-07-28 06:35:28.00222+00","2026-07-28T06:35:15Z_0001_weather","CENTRAL_PUZHAL_001","Puzhal-Central",NULL,NULL,NULL,NULL,"FAILED",370.9,3
37667,"2026-07-28 06:35:28.00222+00","2026-07-28T06:35:15Z_0001_weather","CENTRAL_PUZHAL_007","Puzhal-Central",NULL,NULL,NULL,NULL,"FAILED",342.0,3
37668,"2026-07-28 06:35:28.00222+00","2026-07-28T06:35:15Z_0001_weather","CENTRAL_PUZHAL_002","Puzhal-Central",NULL,NULL,NULL,NULL,"FAILED",354.1,3
37669,"2026-07-28 06:35:28.00222+00","2026-07-28T06:35:15Z_0001_weather","TAMBARAM_GUINDY_008","Guindy-Tambaram",NULL,NULL,NULL,NULL,"FAILED",368.2,3
37670,"2026-07-28 06:35:28.00222+00","2026-07-28T06:35:15Z_0001_weather","CENTRAL_PUZHAL_020","Puzhal-Central",NULL,NULL,NULL,NULL,"FAILED",373.2,3
37671,"2026-07-28 06:35:28.00222+00","2026-07-28T06:35:15Z_0001_weather","CENTRAL_PUZHAL_003","Puzhal-Central",NULL,NULL,NULL,NULL,"FAILED",373.0,3
37672,"2026-07-28 06:35:28.00222+00","2026-07-28T06:35:15Z_0001_weather","TAMBARAM_GUINDY_017","Guindy-Tambaram",NULL,NULL,NULL,NULL,"FAILED",385.1,3
37673,"2026-07-28 06:35:28.00222+00","2026-07-28T06:35:15Z_0001_weather","CENTRAL_PUZHAL_005","Puzhal-Central",NULL,NULL,NULL,NULL,"FAILED",394.2,3
37674,"2026-07-28 06:35:28.00222+00","2026-07-28T06:35:15Z_0001_weather","CENTRAL_PUZHAL_010","Puzhal-Central",NULL,NULL,NULL,NULL,"FAILED",384.9,3
37675,"2026-07-28 06:35:28.00222+00","2026-07-28T06:35:15Z_0001_weather","CENTRAL_PUZHAL_004","Puzhal-Central",NULL,NULL,NULL,NULL,"FAILED",382.5,3
37676,"2026-07-28 06:35:28.00222+00","2026-07-28T06:35:15Z_0001_weather","TAMBARAM_GUINDY_013","Guindy-Tambaram",NULL,NULL,NULL,NULL,"FAILED",383.6,3
37677,"2026-07-28 06:35:28.00222+00","2026-07-28T06:35:15Z_0001_weather","TAMBARAM_GUINDY_037","Guindy-Tambaram",NULL,NULL,NULL,NULL,"FAILED",400.0,3
37678,"2026-07-28 06:35:28.00222+00","2026-07-28T06:35:15Z_0001_weather","CENTRAL_PUZHAL_021","Puzhal-Central",NULL,NULL,NULL,NULL,"FAILED",401.0,3
37679,"2026-07-28 06:35:28.00222+00","2026-07-28T06:35:15Z_0001_weather","CENTRAL_PUZHAL_ATGRADE_003","Puzhal-Central",NULL,NULL,NULL,NULL,"FAILED",405.6,3
37680,"2026-07-28 06:35:28.00222+00","2026-07-28T06:35:15Z_0001_weather","TAMBARAM_GUINDY_019","Guindy-Tambaram",NULL,NULL,NULL,NULL,"FAILED",412.7,3
37681,"2026-07-28 06:35:28.00222+00","2026-07-28T06:35:15Z_0001_weather","CENTRAL_PUZHAL_008","Puzhal-Central",NULL,NULL,NULL,NULL,"FAILED",486.9,3
37682,"2026-07-28 06:35:28.00222+00","2026-07-28T06:35:15Z_0001_weather","CENTRAL_PUZHAL_017","Puzhal-Central",NULL,NULL,NULL,NULL,"FAILED",396.7,3
37683,"2026-07-28 06:35:28.00222+00","2026-07-28T06:35:15Z_0001_weather","CENTRAL_PUZHAL_011","Puzhal-Central",NULL,NULL,NULL,NULL,"FAILED",401.3,3
37684,"2026-07-28 06:35:28.00222+00","2026-07-28T06:35:15Z_0001_weather","CENTRAL_PUZHAL_018","Puzhal-Central",NULL,NULL,NULL,NULL,"FAILED",432.9,3
37685,"2026-07-28 06:35:28.00222+00","2026-07-28T06:35:15Z_0001_weather","CENTRAL_PUZHAL_006","Puzhal-Central",NULL,NULL,NULL,NULL,"FAILED",435.1,3
37686,"2026-07-28 06:35:28.00222+00","2026-07-28T06:35:15Z_0001_weather","TAMBARAM_GUINDY_034","Guindy-Tambaram",NULL,NULL,NULL,NULL,"FAILED",426.7,3
37687,"2026-07-28 06:35:28.00222+00","2026-07-28T06:35:15Z_0001_weather","TAMBARAM_GUINDY_025","Guindy-Tambaram",NULL,NULL,NULL,NULL,"FAILED",407.1,3
37688,"2026-07-28 06:35:28.00222+00","2026-07-28T06:35:15Z_0001_weather","CENTRAL_PUZHAL_015","Puzhal-Central",NULL,NULL,NULL,NULL,"FAILED",407.2,3
37689,"2026-07-28 06:35:28.00222+00","2026-07-28T06:35:15Z_0001_weather","PUZHAL_CENTRAL_021","Puzhal-Central",NULL,NULL,NULL,NULL,"FAILED",388.5,3
37690,"2026-07-28 06:35:28.00222+00","2026-07-28T06:35:15Z_0001_weather","TAMBARAM_GUINDY_033","Guindy-Tambaram",NULL,NULL,NULL,NULL,"FAILED",430.7,3
37691,"2026-07-28 06:35:28.00222+00","2026-07-28T06:35:15Z_0001_weather","PUZHAL_CENTRAL_014","Puzhal-Central",NULL,NULL,NULL,NULL,"FAILED",365.3,3
37692,"2026-07-28 06:35:28.00222+00","2026-07-28T06:35:15Z_0001_weather","PUZHAL_CENTRAL_012","Puzhal-Central",NULL,NULL,NULL,NULL,"FAILED",367.1,3
37693,"2026-07-28 06:35:28.00222+00","2026-07-28T06:35:15Z_0001_weather","CENTRAL_PUZHAL_014","Puzhal-Central",NULL,NULL,NULL,NULL,"FAILED",373.9,3
37694,"2026-07-28 06:35:28.00222+00","2026-07-28T06:35:15Z_0001_weather","TAMBARAM_GUINDY_035","Guindy-Tambaram",NULL,NULL,NULL,NULL,"FAILED",374.5,3
37695,"2026-07-28 06:35:28.00222+00","2026-07-28T06:35:15Z_0001_weather","TAMBARAM_GUINDY_029","Guindy-Tambaram",NULL,NULL,NULL,NULL,"FAILED",394.3,3
37696,"2026-07-28 06:35:28.00222+00","2026-07-28T06:35:15Z_0001_weather","CENTRAL_PUZHAL_ATGRADE_001","Puzhal-Central",NULL,NULL,NULL,NULL,"FAILED",366.2,3
37697,"2026-07-28 06:35:28.00222+00","2026-07-28T06:35:15Z_0001_weather","PUZHAL_CENTRAL_ATGRADE_002","Puzhal-Central",NULL,NULL,NULL,NULL,"FAILED",386.3,3
37698,"2026-07-28 06:35:28.00222+00","2026-07-28T06:35:15Z_0001_weather","CENTRAL_PUZHAL_ATGRADE_004","Puzhal-Central",NULL,NULL,NULL,NULL,"FAILED",393.9,3
37699,"2026-07-28 06:35:28.00222+00","2026-07-28T06:35:15Z_0001_weather","PUZHAL_CENTRAL_025","Puzhal-Central",NULL,NULL,NULL,NULL,"FAILED",387.9,3
37700,"2026-07-28 06:35:28.00222+00","2026-07-28T06:35:15Z_0001_weather","PUZHAL_CENTRAL_022","Puzhal-Central",NULL,NULL,NULL,NULL,"FAILED",385.8,3
37701,"2026-07-28 06:35:28.00222+00","2026-07-28T06:35:15Z_0001_weather","PUZHAL_CENTRAL_008","Puzhal-Central",NULL,NULL,NULL,NULL,"FAILED",370.6,3
37702,"2026-07-28 06:35:28.00222+00","2026-07-28T06:35:15Z_0001_weather","CENTRAL_PUZHAL_027","Puzhal-Central",NULL,NULL,NULL,NULL,"FAILED",399.4,3
37703,"2026-07-28 06:35:28.00222+00","2026-07-28T06:35:15Z_0001_weather","CENTRAL_PUZHAL_ATGRADE_002","Puzhal-Central",NULL,NULL,NULL,NULL,"FAILED",408.2,3
37704,"2026-07-28 06:35:28.00222+00","2026-07-28T06:35:15Z_0001_weather","PUZHAL_CENTRAL_002","Puzhal-Central",NULL,NULL,NULL,NULL,"FAILED",430.5,3
37705,"2026-07-28 06:35:28.00222+00","2026-07-28T06:35:15Z_0001_weather","PUZHAL_CENTRAL_023","Puzhal-Central",NULL,NULL,NULL,NULL,"FAILED",409.4,3
37706,"2026-07-28 06:35:28.00222+00","2026-07-28T06:35:15Z_0001_weather","CENTRAL_PUZHAL_022","Puzhal-Central",NULL,NULL,NULL,NULL,"FAILED",425.4,3
37707,"2026-07-28 06:35:28.00222+00","2026-07-28T06:35:15Z_0001_weather","TAMBARAM_GUINDY_038","Guindy-Tambaram",NULL,NULL,NULL,NULL,"FAILED",418.4,3
37708,"2026-07-28 06:35:28.00222+00","2026-07-28T06:35:15Z_0001_weather","PUZHAL_CENTRAL_011","Puzhal-Central",NULL,NULL,NULL,NULL,"FAILED",411.0,3
37709,"2026-07-28 06:35:28.00222+00","2026-07-28T06:35:15Z_0001_weather","CENTRAL_PUZHAL_019","Puzhal-Central",NULL,NULL,NULL,NULL,"FAILED",419.8,3
37710,"2026-07-28 06:35:28.00222+00","2026-07-28T06:35:15Z_0001_weather","CENTRAL_PUZHAL_026","Puzhal-Central",NULL,NULL,NULL,NULL,"FAILED",413.4,3
37711,"2026-07-28 06:35:28.00222+00","2026-07-28T06:35:15Z_0001_weather","CENTRAL_PUZHAL_009","Puzhal-Central",NULL,NULL,NULL,NULL,"FAILED",422.8,3
37712,"2026-07-28 06:35:28.00222+00","2026-07-28T06:35:15Z_0001_weather","PUZHAL_CENTRAL_004","Puzhal-Central",NULL,NULL,NULL,NULL,"FAILED",406.4,3
37713,"2026-07-28 06:35:28.00222+00","2026-07-28T06:35:15Z_0001_weather","PUZHAL_CENTRAL_020","Puzhal-Central",NULL,NULL,NULL,NULL,"FAILED",409.5,3
37714,"2026-07-28 06:35:28.00222+00","2026-07-28T06:35:15Z_0001_weather","CENTRAL_PUZHAL_023","Puzhal-Central",NULL,NULL,NULL,NULL,"FAILED",372.8,3
37715,"2026-07-28 06:35:28.00222+00","2026-07-28T06:35:15Z_0001_weather","PUZHAL_CENTRAL_018","Puzhal-Central",NULL,NULL,NULL,NULL,"FAILED",383.4,3
37716,"2026-07-28 06:35:28.00222+00","2026-07-28T06:35:15Z_0001_weather","PUZHAL_CENTRAL_016","Puzhal-Central",NULL,NULL,NULL,NULL,"FAILED",375.0,3
37717,"2026-07-28 06:35:28.00222+00","2026-07-28T06:35:15Z_0001_weather","PUZHAL_CENTRAL_013","Puzhal-Central",NULL,NULL,NULL,NULL,"FAILED",394.5,3
37718,"2026-07-28 06:35:28.00222+00","2026-07-28T06:35:15Z_0001_weather","CENTRAL_PUZHAL_025","Puzhal-Central",NULL,NULL,NULL,NULL,"FAILED",398.6,3
37719,"2026-07-28 06:35:28.00222+00","2026-07-28T06:35:15Z_0001_weather","PUZHAL_CENTRAL_003","Puzhal-Central",NULL,NULL,NULL,NULL,"FAILED",402.9,3
37720,"2026-07-28 06:35:28.00222+00","2026-07-28T06:35:15Z_0001_weather","PALLAVARAM_THORAIPAKKAM_005","Thoraipakkam-Pallavaram",NULL,NULL,NULL,NULL,"FAILED",426.7,3
37721,"2026-07-28 06:35:28.00222+00","2026-07-28T06:35:15Z_0001_weather","CENTRAL_PUZHAL_016","Puzhal-Central",NULL,NULL,NULL,NULL,"FAILED",439.0,3
37722,"2026-07-28 06:35:28.00222+00","2026-07-28T06:35:15Z_0001_weather","PALLAVARAM_THORAIPAKKAM_003","Thoraipakkam-Pallavaram",NULL,NULL,NULL,NULL,"FAILED",424.0,3
37723,"2026-07-28 06:35:28.00222+00","2026-07-28T06:35:15Z_0001_weather","PUZHAL_CENTRAL_010","Puzhal-Central",NULL,NULL,NULL,NULL,"FAILED",456.7,3
37724,"2026-07-28 06:35:28.00222+00","2026-07-28T06:35:15Z_0001_weather","PUZHAL_CENTRAL_017","Puzhal-Central",NULL,NULL,NULL,NULL,"FAILED",469.0,3
37725,"2026-07-28 06:35:28.00222+00","2026-07-28T06:35:15Z_0001_weather","PUZHAL_CENTRAL_024","Puzhal-Central",NULL,NULL,NULL,NULL,"FAILED",477.4,3
37726,"2026-07-28 06:35:28.00222+00","2026-07-28T06:35:15Z_0001_weather","PUZHAL_CENTRAL_ATGRADE_004","Puzhal-Central",NULL,NULL,NULL,NULL,"FAILED",469.8,3
37727,"2026-07-28 06:35:28.00222+00","2026-07-28T06:35:15Z_0001_weather","PUZHAL_CENTRAL_009","Puzhal-Central",NULL,NULL,NULL,NULL,"FAILED",469.8,3
37728,"2026-07-28 06:35:28.00222+00","2026-07-28T06:35:15Z_0001_weather","PUZHAL_CENTRAL_005","Puzhal-Central",NULL,NULL,NULL,NULL,"FAILED",436.0,3
37729,"2026-07-28 06:35:28.00222+00","2026-07-28T06:35:15Z_0001_weather","PUZHAL_CENTRAL_019","Puzhal-Central",NULL,NULL,NULL,NULL,"FAILED",436.0,3
37730,"2026-07-28 06:35:28.00222+00","2026-07-28T06:35:15Z_0001_weather","PUZHAL_CENTRAL_ATGRADE_003","Puzhal-Central",NULL,NULL,NULL,NULL,"FAILED",444.1,3
37731,"2026-07-28 06:35:28.00222+00","2026-07-28T06:35:15Z_0001_weather","CENTRAL_PUZHAL_013","Puzhal-Central",NULL,NULL,NULL,NULL,"FAILED",447.1,3
37732,"2026-07-28 06:35:28.00222+00","2026-07-28T06:35:15Z_0001_weather","THORAIPAKKAM_PALLAVARM_008","Thoraipakkam-Pallavaram",NULL,NULL,NULL,NULL,"FAILED",456.8,3
37733,"2026-07-28 06:35:28.00222+00","2026-07-28T06:35:15Z_0001_weather","PALLAVARAM_THORAIPAKKAM_AT_GRADE_001","Thoraipakkam-Pallavaram",NULL,NULL,NULL,NULL,"FAILED",345.1,3
37734,"2026-07-28 06:35:28.00222+00","2026-07-28T06:35:15Z_0001_weather","PUZHAL_CENTRAL_007","Puzhal-Central",NULL,NULL,NULL,NULL,"FAILED",411.6,3
37735,"2026-07-28 06:35:28.00222+00","2026-07-28T06:35:15Z_0001_weather","PUZHAL_CENTRAL_026","Puzhal-Central",NULL,NULL,NULL,NULL,"FAILED",349.7,3
37736,"2026-07-28 06:35:28.00222+00","2026-07-28T06:35:15Z_0001_weather","PALLAVARAM_THORAIPAKKAM_008","Thoraipakkam-Pallavaram",NULL,NULL,NULL,NULL,"FAILED",353.3,3
37737,"2026-07-28 06:35:28.00222+00","2026-07-28T06:35:15Z_0001_weather","PALLAVARAM_THORAIPAKKAM_AT_GRADE_002","Thoraipakkam-Pallavaram",NULL,NULL,NULL,NULL,"FAILED",359.5,3
37738,"2026-07-28 06:35:28.00222+00","2026-07-28T06:35:15Z_0001_weather","PALLAVARAM_THORAIPAKKAM_009","Thoraipakkam-Pallavaram",NULL,NULL,NULL,NULL,"FAILED",364.3,3
37739,"2026-07-28 06:35:28.00222+00","2026-07-28T06:35:15Z_0001_weather","PUZHAL_CENTRAL_027","Puzhal-Central",NULL,NULL,NULL,NULL,"FAILED",373.0,3
37740,"2026-07-28 06:35:28.00222+00","2026-07-28T06:35:15Z_0001_weather","PUZHAL_CENTRAL_ATGRADE_005","Puzhal-Central",NULL,NULL,NULL,NULL,"FAILED",339.4,3
37741,"2026-07-28 06:35:28.00222+00","2026-07-28T06:35:15Z_0001_weather","THORAIPAKKAM_PALLAVARM_002","Thoraipakkam-Pallavaram",NULL,NULL,NULL,NULL,"FAILED",387.9,3
37742,"2026-07-28 06:35:28.00222+00","2026-07-28T06:35:15Z_0001_weather","THORAIPAKKAM_PALLAVARM_009","Thoraipakkam-Pallavaram",NULL,NULL,NULL,NULL,"FAILED",370.8,3
37743,"2026-07-28 06:35:28.00222+00","2026-07-28T06:35:15Z_0001_weather","PALLAVARAM_THORAIPAKKAM_004","Thoraipakkam-Pallavaram",NULL,NULL,NULL,NULL,"FAILED",362.8,3
37744,"2026-07-28 06:35:28.00222+00","2026-07-28T06:35:15Z_0001_weather","PUZHAL_CENTRAL_015","Puzhal-Central",NULL,NULL,NULL,NULL,"FAILED",337.2,3
37745,"2026-07-28 06:35:28.00222+00","2026-07-28T06:35:15Z_0001_weather","THORAIPAKKAM_PALLAVARM_AT_GRADE_002","Thoraipakkam-Pallavaram",NULL,NULL,NULL,NULL,"FAILED",362.5,3
37746,"2026-07-28 06:35:28.00222+00","2026-07-28T06:35:15Z_0001_weather","THORAIPAKKAM_PALLAVARM_010","Thoraipakkam-Pallavaram",NULL,NULL,NULL,NULL,"FAILED",362.0,3
37747,"2026-07-28 06:35:28.00222+00","2026-07-28T06:35:15Z_0001_weather","PALLAVARAM_THORAIPAKKAM_001","Thoraipakkam-Pallavaram",NULL,NULL,NULL,NULL,"FAILED",387.4,3
37748,"2026-07-28 06:35:28.00222+00","2026-07-28T06:35:15Z_0001_weather","THORAIPAKKAM_PALLAVARM_003","Thoraipakkam-Pallavaram",NULL,NULL,NULL,NULL,"FAILED",386.1,3
37749,"2026-07-28 06:35:28.00222+00","2026-07-28T06:35:15Z_0001_weather","PALLAVARAM_THORAIPAKKAM_002","Thoraipakkam-Pallavaram",NULL,NULL,NULL,NULL,"FAILED",378.5,3
37750,"2026-07-28 06:35:28.00222+00","2026-07-28T06:35:15Z_0001_weather","PALLAVARAM_THORAIPAKKAM_010","Thoraipakkam-Pallavaram",NULL,NULL,NULL,NULL,"FAILED",331.7,3
37751,"2026-07-28 06:35:28.00222+00","2026-07-28T06:35:15Z_0001_weather","PALLAVARAM_THORAIPAKKAM_007","Thoraipakkam-Pallavaram",NULL,NULL,NULL,NULL,"FAILED",336.7,3
37752,"2026-07-28 06:35:28.00222+00","2026-07-28T06:35:15Z_0001_weather","THORAIPAKKAM_PALLAVARM_005","Thoraipakkam-Pallavaram",NULL,NULL,NULL,NULL,"FAILED",274.3,3
37753,"2026-07-28 06:35:28.00222+00","2026-07-28T06:35:15Z_0001_weather","THORAIPAKKAM_PALLAVARM_006","Thoraipakkam-Pallavaram",NULL,NULL,NULL,NULL,"FAILED",315.6,3
37754,"2026-07-28 06:35:28.00222+00","2026-07-28T06:35:15Z_0001_weather","PUZHAL_CENTRAL_006","Puzhal-Central",NULL,NULL,NULL,NULL,"FAILED",286.6,3
37755,"2026-07-28 06:35:28.00222+00","2026-07-28T06:35:15Z_0001_weather","PUZHAL_CENTRAL_ATGRADE_001","Puzhal-Central",NULL,NULL,NULL,NULL,"FAILED",285.5,3
37756,"2026-07-28 06:35:28.00222+00","2026-07-28T06:35:15Z_0001_weather","THORAIPAKKAM_PALLAVARM_007","Thoraipakkam-Pallavaram",NULL,NULL,NULL,NULL,"FAILED",285.7,3
37757,"2026-07-28 06:35:28.00222+00","2026-07-28T06:35:15Z_0001_weather","THORAIPAKKAM_PALLAVARM_AT_GRADE_001","Thoraipakkam-Pallavaram",NULL,NULL,NULL,NULL,"FAILED",282.5,3
37758,"2026-07-28 06:35:28.00222+00","2026-07-28T06:35:15Z_0001_weather","PALLAVARAM_THORAIPAKKAM_006","Thoraipakkam-Pallavaram",NULL,NULL,NULL,NULL,"FAILED",286.6,3
37759,"2026-07-28 06:35:28.00222+00","2026-07-28T06:35:15Z_0001_weather","THORAIPAKKAM_PALLAVARM_004","Thoraipakkam-Pallavaram",NULL,NULL,NULL,NULL,"FAILED",260.8,3
37760,"2026-07-28 06:35:28.00222+00","2026-07-28T06:35:15Z_0001_weather","THORAIPAKKAM_PALLAVARM_001","Thoraipakkam-Pallavaram",NULL,NULL,NULL,NULL,"FAILED",266.8,3
37761,"2026-07-28 09:35:05.735099+00","2026-07-28T09:35:03Z_0001_weather","KILAMBAKKAM_LITTLEMOUNT(AT_GRADE_BELOWFLYOVER)_007","Corridor_Littlemount_Kilambakkam",35.80,NULL,16.00,"Cloudy","OK",1651.0,0
37762,"2026-07-28 09:35:05.735099+00","2026-07-28T09:35:03Z_0001_weather","KILAMBAKKAM_LITTLEMOUNT_003","Corridor_Littlemount_Kilambakkam",35.40,NULL,16.00,"Cloudy","OK",1652.8,0
37763,"2026-07-28 09:35:05.735099+00","2026-07-28T09:35:03Z_0001_weather","KILAMBAKKAM_LITTLEMOUNT_009","Corridor_Littlemount_Kilambakkam",35.40,NULL,16.00,"Cloudy","OK",1653.3,0
37764,"2026-07-28 09:35:05.735099+00","2026-07-28T09:35:03Z_0001_weather","KILAMBAKKAM_LITTLEMOUNT(AT_GRADE_BELOWFLYOVER)_006","Corridor_Littlemount_Kilambakkam",35.80,NULL,16.00,"Cloudy","OK",1654.7,0
37765,"2026-07-28 09:35:05.735099+00","2026-07-28T09:35:03Z_0001_weather","KILAMBAKKAM_LITTLEMOUNT(AT_GRADE_BELOWFLYOVER)_004","Corridor_Littlemount_Kilambakkam",35.80,NULL,16.00,"Cloudy","OK",1655.6,0
37766,"2026-07-28 09:35:05.735099+00","2026-07-28T09:35:03Z_0001_weather","KILAMBAKKAM_LITTLEMOUNT_002","Corridor_Littlemount_Kilambakkam",35.40,NULL,16.00,"Cloudy","OK",1659.5,0
37767,"2026-07-28 09:35:05.735099+00","2026-07-28T09:35:03Z_0001_weather","KILAMBAKKAM_LITTLEMOUNT_005","Corridor_Littlemount_Kilambakkam",35.40,NULL,16.00,"Cloudy","OK",1660.1,0
37768,"2026-07-28 09:35:05.735099+00","2026-07-28T09:35:03Z_0001_weather","KILAMBAKKAM_LITTLEMOUNT(AT_GRADE_BELOWFLYOVER)_005","Corridor_Littlemount_Kilambakkam",35.80,NULL,16.00,"Cloudy","OK",1660.9,0
37769,"2026-07-28 09:35:05.735099+00","2026-07-28T09:35:03Z_0001_weather","KILAMBAKKAM_LITTLEMOUNT(AT_GRADE_BELOWFLYOVER)_003","Corridor_Littlemount_Kilambakkam",35.80,NULL,16.00,"Cloudy","OK",1662.4,0
37770,"2026-07-28 09:35:05.735099+00","2026-07-28T09:35:03Z_0001_weather","KILAMBAKKAM_LITTLEMOUNT(AT_GRADE_BELOWFLYOVER)_008","Corridor_Littlemount_Kilambakkam",35.40,NULL,16.00,"Cloudy","OK",1663.2,0
37771,"2026-07-28 09:35:05.735099+00","2026-07-28T09:35:03Z_0001_weather","KILAMBAKKAM_LITTLEMOUNT_011","Corridor_Littlemount_Kilambakkam",35.80,NULL,16.00,"Cloudy","OK",1663.2,0
37772,"2026-07-28 09:35:05.735099+00","2026-07-28T09:35:03Z_0001_weather","KILAMBAKKAM_LITTLEMOUNT_007","Corridor_Littlemount_Kilambakkam",35.40,NULL,16.00,"Cloudy","OK",1660.7,0
37773,"2026-07-28 09:35:05.735099+00","2026-07-28T09:35:03Z_0001_weather","KILAMBAKKAM_LITTLEMOUNT(AT_GRADE_BELOWFLYOVER)_001","Corridor_Littlemount_Kilambakkam",35.80,NULL,16.00,"Cloudy","OK",1667.7,0
37774,"2026-07-28 09:35:05.735099+00","2026-07-28T09:35:03Z_0001_weather","KILAMBAKKAM_LITTLEMOUNT_008","Corridor_Littlemount_Kilambakkam",35.40,NULL,16.00,"Cloudy","OK",1667.8,0
37775,"2026-07-28 09:35:05.735099+00","2026-07-28T09:35:03Z_0001_weather","KILAMBAKKAM_LITTLEMOUNT_010","Corridor_Littlemount_Kilambakkam",35.40,NULL,16.00,"Cloudy","OK",1668.3,0
37776,"2026-07-28 09:35:05.735099+00","2026-07-28T09:35:03Z_0001_weather","KILAMBAKKAM_LITTLEMOUNT_004","Corridor_Littlemount_Kilambakkam",35.40,NULL,16.00,"Cloudy","OK",1669.1,0
37777,"2026-07-28 09:35:05.735099+00","2026-07-28T09:35:03Z_0001_weather","KILAMBAKKAM_LITTLEMOUNT_006","Corridor_Littlemount_Kilambakkam",35.40,NULL,16.00,"Cloudy","OK",1659.0,0
37778,"2026-07-28 09:35:05.735099+00","2026-07-28T09:35:03Z_0001_weather","KILAMBAKKAM_LITTLEMOUNT_001","Corridor_Littlemount_Kilambakkam",35.40,NULL,16.00,"Cloudy","OK",1670.1,0
37779,"2026-07-28 09:35:05.735099+00","2026-07-28T09:35:03Z_0001_weather","KILAMBAKKAM_LITTLEMOUNT(AT_GRADE_BELOWFLYOVER)_009","Corridor_Littlemount_Kilambakkam",35.40,NULL,16.00,"Cloudy","OK",1667.0,0
37780,"2026-07-28 09:35:05.735099+00","2026-07-28T09:35:03Z_0001_weather","KILAMBAKKAM_LITTLEMOUNT(AT_GRADE_BELOWFLYOVER)_002","Corridor_Littlemount_Kilambakkam",35.80,NULL,16.00,"Cloudy","OK",1676.8,0
37781,"2026-07-28 09:35:05.735099+00","2026-07-28T09:35:03Z_0001_weather","KILAMBAKKAM_LITTLEMOUNT_012","Corridor_Littlemount_Kilambakkam",35.80,NULL,16.00,"Cloudy","OK",1925.1,0
37782,"2026-07-28 09:35:05.735099+00","2026-07-28T09:35:03Z_0001_weather","KILAMBAKKAM_LITTLEMOUNT_014","Corridor_Littlemount_Kilambakkam",35.80,NULL,16.00,"Cloudy","OK",1928.2,0
37783,"2026-07-28 09:35:05.735099+00","2026-07-28T09:35:03Z_0001_weather","KILAMBAKKAM_LITTLEMOUNT_016","Corridor_Littlemount_Kilambakkam",35.80,NULL,16.00,"Cloudy","OK",1927.9,0
37784,"2026-07-28 09:35:05.735099+00","2026-07-28T09:35:03Z_0001_weather","KILAMBAKKAM_LITTLEMOUNT_015","Corridor_Littlemount_Kilambakkam",35.80,NULL,16.00,"Cloudy","OK",1929.2,0
37785,"2026-07-28 09:35:05.735099+00","2026-07-28T09:35:03Z_0001_weather","KILAMBAKKAM_LITTLEMOUNT_018","Corridor_Littlemount_Kilambakkam",35.80,NULL,16.00,"Cloudy","OK",1934.4,0
37786,"2026-07-28 09:35:05.735099+00","2026-07-28T09:35:03Z_0001_weather","KILAMBAKKAM_LITTLEMOUNT_020","Corridor_Littlemount_Kilambakkam",35.80,NULL,16.00,"Cloudy","OK",1935.8,0
37787,"2026-07-28 09:35:05.735099+00","2026-07-28T09:35:03Z_0001_weather","KILAMBAKKAM_LITTLEMOUNT_019","Corridor_Littlemount_Kilambakkam",35.80,NULL,16.00,"Cloudy","OK",1936.7,0
37788,"2026-07-28 09:35:05.735099+00","2026-07-28T09:35:03Z_0001_weather","KILAMBAKKAM_LITTLEMOUNT_013","Corridor_Littlemount_Kilambakkam",35.80,NULL,16.00,"Cloudy","OK",1938.1,0
37789,"2026-07-28 09:35:05.735099+00","2026-07-28T09:35:03Z_0001_weather","KILAMBAKKAM_LITTLEMOUNT_021","Corridor_Littlemount_Kilambakkam",35.80,NULL,16.00,"Cloudy","OK",1938.8,0
37790,"2026-07-28 09:35:05.735099+00","2026-07-28T09:35:03Z_0001_weather","KILAMBAKKAM_LITTLEMOUNT_022","Corridor_Littlemount_Kilambakkam",35.80,NULL,16.00,"Cloudy","OK",1939.2,0
37791,"2026-07-28 09:35:05.735099+00","2026-07-28T09:35:03Z_0001_weather","KILAMBAKKAM_LITTLEMOUNT_026","Corridor_Littlemount_Kilambakkam",34.80,NULL,16.00,"Cloudy","OK",1943.3,0
37792,"2026-07-28 09:35:05.735099+00","2026-07-28T09:35:03Z_0001_weather","KILAMBAKKAM_LITTLEMOUNT_029","Corridor_Littlemount_Kilambakkam",34.80,NULL,16.00,"Cloudy","OK",1944.7,0
37793,"2026-07-28 09:35:05.735099+00","2026-07-28T09:35:03Z_0001_weather","KILAMBAKKAM_LITTLEMOUNT_024","Corridor_Littlemount_Kilambakkam",34.80,NULL,16.00,"Cloudy","OK",1945.3,0
37794,"2026-07-28 09:35:05.735099+00","2026-07-28T09:35:03Z_0001_weather","KILAMBAKKAM_LITTLEMOUNT_025","Corridor_Littlemount_Kilambakkam",34.80,NULL,16.00,"Cloudy","OK",1947.6,0
37795,"2026-07-28 09:35:05.735099+00","2026-07-28T09:35:03Z_0001_weather","KILAMBAKKAM_LITTLEMOUNT_027","Corridor_Littlemount_Kilambakkam",34.80,NULL,16.00,"Cloudy","OK",1948.8,0
37796,"2026-07-28 09:35:05.735099+00","2026-07-28T09:35:03Z_0001_weather","KILAMBAKKAM_LITTLEMOUNT_017","Corridor_Littlemount_Kilambakkam",35.80,NULL,16.00,"Cloudy","OK",1949.5,0
37797,"2026-07-28 09:35:05.735099+00","2026-07-28T09:35:03Z_0001_weather","LITTLEMOUNT_KILAMBAKKAM(AT_GRADE_BELOWFLYOVER)_002","Corridor_Littlemount_Kilambakkam",35.80,NULL,16.00,"Cloudy","OK",1949.9,0
37798,"2026-07-28 09:35:05.735099+00","2026-07-28T09:35:03Z_0001_weather","KILAMBAKKAM_LITTLEMOUNT_023","Corridor_Littlemount_Kilambakkam",34.80,NULL,16.00,"Cloudy","OK",1948.6,0
37799,"2026-07-28 09:35:05.735099+00","2026-07-28T09:35:03Z_0001_weather","LITTLEMOUNT_KILAMBAKKAM(AT_GRADE_BELOWFLYOVER)_001","Corridor_Littlemount_Kilambakkam",35.80,NULL,16.00,"Cloudy","OK",1959.7,0
37800,"2026-07-28 09:35:05.735099+00","2026-07-28T09:35:03Z_0001_weather","KILAMBAKKAM_LITTLEMOUNT_028","Corridor_Littlemount_Kilambakkam",34.80,NULL,16.00,"Cloudy","OK",1959.9,0
37801,"2026-07-28 09:35:05.735099+00","2026-07-28T09:35:03Z_0001_weather","LITTLEMOUNT_KILAMBAKKAM(AT_GRADE_BELOWFLYOVER)_004","Corridor_Littlemount_Kilambakkam",35.80,NULL,16.00,"Cloudy","OK",2202.9,0
37802,"2026-07-28 09:35:05.735099+00","2026-07-28T09:35:03Z_0001_weather","LITTLEMOUNT_KILAMBAKKAM(AT_GRADE_BELOWFLYOVER)_006","Corridor_Littlemount_Kilambakkam",35.40,NULL,16.00,"Cloudy","OK",2203.2,0
37803,"2026-07-28 09:35:05.735099+00","2026-07-28T09:35:03Z_0001_weather","LITTLEMOUNT_KILAMBAKKAM(AT_GRADE_BELOWFLYOVER)_005","Corridor_Littlemount_Kilambakkam",35.40,NULL,16.00,"Cloudy","OK",2203.4,0
37804,"2026-07-28 09:35:05.735099+00","2026-07-28T09:35:03Z_0001_weather","LITTLEMOUNT_KILAMBAKKAM(AT_GRADE_BELOWFLYOVER)_003","Corridor_Littlemount_Kilambakkam",35.80,NULL,16.00,"Cloudy","OK",2206.0,0
37805,"2026-07-28 09:35:05.735099+00","2026-07-28T09:35:03Z_0001_weather","LITTLEMOUNT_KILAMBAKKAM_001","Corridor_Littlemount_Kilambakkam",34.80,NULL,16.00,"Cloudy","OK",2211.6,0
37806,"2026-07-28 09:35:05.735099+00","2026-07-28T09:35:03Z_0001_weather","LITTLEMOUNT_KILAMBAKKAM_003","Corridor_Littlemount_Kilambakkam",34.80,NULL,16.00,"Cloudy","OK",2212.1,0
37807,"2026-07-28 09:35:05.735099+00","2026-07-28T09:35:03Z_0001_weather","LITTLEMOUNT_KILAMBAKKAM_002","Corridor_Littlemount_Kilambakkam",34.80,NULL,16.00,"Cloudy","OK",2212.3,0
37808,"2026-07-28 09:35:05.735099+00","2026-07-28T09:35:03Z_0001_weather","LITTLEMOUNT_KILAMBAKKAM_005","Corridor_Littlemount_Kilambakkam",34.80,NULL,16.00,"Cloudy","OK",2216.5,0
37809,"2026-07-28 09:35:05.735099+00","2026-07-28T09:35:03Z_0001_weather","LITTLEMOUNT_KILAMBAKKAM_006","Corridor_Littlemount_Kilambakkam",34.80,NULL,16.00,"Cloudy","OK",2217.3,0
37810,"2026-07-28 09:35:05.735099+00","2026-07-28T09:35:03Z_0001_weather","LITTLEMOUNT_KILAMBAKKAM_007","Corridor_Littlemount_Kilambakkam",34.80,NULL,16.00,"Cloudy","OK",2220.3,0
37811,"2026-07-28 09:35:05.735099+00","2026-07-28T09:35:03Z_0001_weather","LITTLEMOUNT_KILAMBAKKAM_009","Corridor_Littlemount_Kilambakkam",34.80,NULL,16.00,"Cloudy","OK",2220.8,0
37812,"2026-07-28 09:35:05.735099+00","2026-07-28T09:35:03Z_0001_weather","LITTLEMOUNT_KILAMBAKKAM_008","Corridor_Littlemount_Kilambakkam",34.80,NULL,16.00,"Cloudy","OK",2221.5,0
37813,"2026-07-28 09:35:05.735099+00","2026-07-28T09:35:03Z_0001_weather","LITTLEMOUNT_KILAMBAKKAM_013","Corridor_Littlemount_Kilambakkam",35.80,NULL,16.00,"Cloudy","OK",2225.2,0
37814,"2026-07-28 09:35:05.735099+00","2026-07-28T09:35:03Z_0001_weather","LITTLEMOUNT_KILAMBAKKAM_010","Corridor_Littlemount_Kilambakkam",34.80,NULL,16.00,"Cloudy","OK",2225.4,0
37815,"2026-07-28 09:35:05.735099+00","2026-07-28T09:35:03Z_0001_weather","LITTLEMOUNT_KILAMBAKKAM_004","Corridor_Littlemount_Kilambakkam",34.80,NULL,16.00,"Cloudy","OK",2221.7,0
37816,"2026-07-28 09:35:05.735099+00","2026-07-28T09:35:03Z_0001_weather","LITTLEMOUNT_KILAMBAKKAM_011","Corridor_Littlemount_Kilambakkam",34.80,NULL,16.00,"Cloudy","OK",2227.2,0
37817,"2026-07-28 09:35:05.735099+00","2026-07-28T09:35:03Z_0001_weather","LITTLEMOUNT_KILAMBAKKAM_012","Corridor_Littlemount_Kilambakkam",35.80,NULL,16.00,"Cloudy","OK",2240.4,0
37818,"2026-07-28 09:35:05.735099+00","2026-07-28T09:35:03Z_0001_weather","LITTLEMOUNT_KILAMBAKKAM_014","Corridor_Littlemount_Kilambakkam",35.80,NULL,16.00,"Cloudy","OK",2242.2,0
37819,"2026-07-28 09:35:05.735099+00","2026-07-28T09:35:03Z_0001_weather","LITTLEMOUNT_KILAMBAKKAM_016","Corridor_Littlemount_Kilambakkam",35.80,NULL,16.00,"Cloudy","OK",2251.8,0
37820,"2026-07-28 09:35:05.735099+00","2026-07-28T09:35:03Z_0001_weather","LITTLEMOUNT_KILAMBAKKAM_015","Corridor_Littlemount_Kilambakkam",35.80,NULL,16.00,"Cloudy","OK",2252.5,0
37821,"2026-07-28 09:35:05.735099+00","2026-07-28T09:35:03Z_0001_weather","LITTLEMOUNT_KILAMBAKKAM_018","Corridor_Littlemount_Kilambakkam",35.80,NULL,16.00,"Cloudy","OK",2480.8,0
37822,"2026-07-28 09:35:05.735099+00","2026-07-28T09:35:03Z_0001_weather","LITTLEMOUNT_KILAMBAKKAM_017","Corridor_Littlemount_Kilambakkam",35.80,NULL,16.00,"Cloudy","OK",2480.8,0
37823,"2026-07-28 09:35:05.735099+00","2026-07-28T09:35:03Z_0001_weather","LITTLEMOUNT_KILAMBAKKAM_020","Corridor_Littlemount_Kilambakkam",35.80,NULL,16.00,"Cloudy","OK",2481.0,0
37824,"2026-07-28 09:35:05.735099+00","2026-07-28T09:35:03Z_0001_weather","LITTLEMOUNT_KILAMBAKKAM_019","Corridor_Littlemount_Kilambakkam",35.80,NULL,16.00,"Cloudy","OK",2480.5,0
37825,"2026-07-28 09:35:05.735099+00","2026-07-28T09:35:03Z_0001_weather","LITTLEMOUNT_KILAMBAKKAM_021","Corridor_Littlemount_Kilambakkam",35.80,NULL,16.00,"Cloudy","OK",2489.0,0
37826,"2026-07-28 09:35:05.735099+00","2026-07-28T09:35:03Z_0001_weather","LITTLEMOUNT_KILAMBAKKAM_023","Corridor_Littlemount_Kilambakkam",35.40,NULL,16.00,"Cloudy","OK",2489.5,0
37827,"2026-07-28 09:35:05.735099+00","2026-07-28T09:35:03Z_0001_weather","LITTLEMOUNT_KILAMBAKKAM_022","Corridor_Littlemount_Kilambakkam",35.80,NULL,16.00,"Cloudy","OK",2490.4,0
37828,"2026-07-28 09:35:05.735099+00","2026-07-28T09:35:03Z_0001_weather","LITTLEMOUNT_KILAMBAKKAM_025","Corridor_Littlemount_Kilambakkam",35.40,NULL,16.00,"Cloudy","OK",2494.9,0
37829,"2026-07-28 09:35:05.735099+00","2026-07-28T09:35:03Z_0001_weather","LITTLEMOUNT_KILAMBAKKAM_024","Corridor_Littlemount_Kilambakkam",35.40,NULL,16.00,"Cloudy","OK",2495.2,0
37830,"2026-07-28 09:35:05.735099+00","2026-07-28T09:35:03Z_0001_weather","LITTLEMOUNT_KILAMBAKKAM_026","Corridor_Littlemount_Kilambakkam",35.40,NULL,16.00,"Cloudy","OK",2496.8,0
37831,"2026-07-28 09:35:05.735099+00","2026-07-28T09:35:03Z_0001_weather","LITTLEMOUNT_KILAMBAKKAM_027","Corridor_Littlemount_Kilambakkam",35.40,NULL,16.00,"Cloudy","OK",2496.9,0
37832,"2026-07-28 09:35:05.735099+00","2026-07-28T09:35:03Z_0001_weather","LITTLEMOUNT_KILAMBAKKAM_028","Corridor_Littlemount_Kilambakkam",35.40,NULL,16.00,"Cloudy","OK",2497.5,0
37833,"2026-07-28 09:35:05.735099+00","2026-07-28T09:35:03Z_0001_weather","LITTLEMOUNT_KILAMBAKKAM_030","Corridor_Littlemount_Kilambakkam",35.40,NULL,16.00,"Cloudy","OK",2502.8,0
37834,"2026-07-28 09:35:05.735099+00","2026-07-28T09:35:03Z_0001_weather","LITTLEMOUNT_KILAMBAKKAM_029","Corridor_Littlemount_Kilambakkam",35.40,NULL,16.00,"Cloudy","OK",2502.7,0
37835,"2026-07-28 09:35:05.735099+00","2026-07-28T09:35:03Z_0001_weather","LITTLEMOUNT_KILAMBAKKAM_032","Corridor_Littlemount_Kilambakkam",35.40,NULL,16.00,"Cloudy","OK",2507.0,0
37836,"2026-07-28 09:35:05.735099+00","2026-07-28T09:35:03Z_0001_weather","LITTLEMOUNT_KILAMBAKKAM_031","Corridor_Littlemount_Kilambakkam",35.40,NULL,16.00,"Cloudy","OK",2511.5,0
37837,"2026-07-28 09:35:05.735099+00","2026-07-28T09:35:03Z_0001_weather","BROADWAY_KOYEMBEDU_001","EVR Salai",35.30,NULL,16.00,"Cloudy","OK",2518.2,0
37838,"2026-07-28 09:35:05.735099+00","2026-07-28T09:35:03Z_0001_weather","BROADWAY_KOYEMBEDU_002","EVR Salai",35.30,NULL,16.00,"Cloudy","OK",2532.1,0
37839,"2026-07-28 09:35:05.735099+00","2026-07-28T09:35:03Z_0001_weather","BROADWAY_KOYEMBEDU_004","EVR Salai",35.30,NULL,16.00,"Cloudy","OK",2547.8,0
37840,"2026-07-28 09:35:05.735099+00","2026-07-28T09:35:03Z_0001_weather","BROADWAY_KOYEMBEDU_003","EVR Salai",35.30,NULL,16.00,"Cloudy","OK",2548.5,0
37841,"2026-07-28 09:35:05.735099+00","2026-07-28T09:35:03Z_0001_weather","BROADWAY_KOYEMBEDU_011","EVR Salai",35.30,NULL,16.00,"Cloudy","OK",3247.2,0
37842,"2026-07-28 09:35:05.735099+00","2026-07-28T09:35:03Z_0001_weather","BROADWAY_KOYEMBEDU_005","EVR Salai",35.30,NULL,16.00,"Cloudy","OK",3251.0,0
37843,"2026-07-28 09:35:05.735099+00","2026-07-28T09:35:03Z_0001_weather","BROADWAY_KOYEMBEDU_015","EVR Salai",35.30,NULL,16.00,"Cloudy","OK",3252.2,0
37844,"2026-07-28 09:35:05.735099+00","2026-07-28T09:35:03Z_0001_weather","BROADWAY_KOYEMBEDU_007","EVR Salai",35.30,NULL,16.00,"Cloudy","OK",3253.8,0
37845,"2026-07-28 09:35:05.735099+00","2026-07-28T09:35:03Z_0001_weather","BROADWAY_KOYEMBEDU_006","EVR Salai",35.30,NULL,16.00,"Cloudy","OK",3255.0,0
37846,"2026-07-28 09:35:05.735099+00","2026-07-28T09:35:03Z_0001_weather","BROADWAY_KOYEMBEDU_009","EVR Salai",35.30,NULL,16.00,"Cloudy","OK",3257.6,0
37847,"2026-07-28 09:35:05.735099+00","2026-07-28T09:35:03Z_0001_weather","BROADWAY_KOYEMBEDU_010","EVR Salai",35.30,NULL,16.00,"Cloudy","OK",3257.3,0
37848,"2026-07-28 09:35:05.735099+00","2026-07-28T09:35:03Z_0001_weather","BROADWAY_KOYEMBEDU_019","EVR Salai",35.30,NULL,16.00,"Cloudy","OK",3259.8,0
37849,"2026-07-28 09:35:05.735099+00","2026-07-28T09:35:03Z_0001_weather","BROADWAY_KOYEMBEDU_012","EVR Salai",35.30,NULL,16.00,"Cloudy","OK",3260.5,0
37850,"2026-07-28 09:35:05.735099+00","2026-07-28T09:35:03Z_0001_weather","BROADWAY_KOYEMBEDU_008","EVR Salai",35.30,NULL,16.00,"Cloudy","OK",3260.0,0
37851,"2026-07-28 09:35:05.735099+00","2026-07-28T09:35:03Z_0001_weather","BROADWAY_KOYEMBEDU_013","EVR Salai",35.30,NULL,16.00,"Cloudy","OK",3260.7,0
37852,"2026-07-28 09:35:05.735099+00","2026-07-28T09:35:03Z_0001_weather","BROADWAY_KOYEMBEDU_021","EVR Salai",35.30,NULL,16.00,"Cloudy","OK",3265.4,0
37853,"2026-07-28 09:35:05.735099+00","2026-07-28T09:35:03Z_0001_weather","BROADWAY_KOYEMBEDU_014","EVR Salai",35.30,NULL,16.00,"Cloudy","OK",3266.5,0
37854,"2026-07-28 09:35:05.735099+00","2026-07-28T09:35:03Z_0001_weather","BROADWAY_KOYEMBEDU_017","EVR Salai",35.30,NULL,16.00,"Cloudy","OK",3265.8,0
37855,"2026-07-28 09:35:05.735099+00","2026-07-28T09:35:03Z_0001_weather","BROADWAY_KOYEMBEDU_016","EVR Salai",35.30,NULL,16.00,"Cloudy","OK",3265.1,0
37856,"2026-07-28 09:35:05.735099+00","2026-07-28T09:35:03Z_0001_weather","BROADWAY_KOYEMBEDU_022","EVR Salai",35.30,NULL,16.00,"Cloudy","OK",3271.3,0
37857,"2026-07-28 09:35:05.735099+00","2026-07-28T09:35:03Z_0001_weather","BROADWAY_KOYEMBEDU_024","EVR Salai",35.30,NULL,16.00,"Cloudy","OK",3293.1,0
37858,"2026-07-28 09:35:05.735099+00","2026-07-28T09:35:03Z_0001_weather","BROADWAY_KOYEMBEDU_023","EVR Salai",35.30,NULL,16.00,"Cloudy","OK",3292.9,0
37859,"2026-07-28 09:35:05.735099+00","2026-07-28T09:35:03Z_0001_weather","BROADWAY_KOYEMBEDU_020","EVR Salai",35.30,NULL,16.00,"Cloudy","OK",3294.9,0
37860,"2026-07-28 09:35:05.735099+00","2026-07-28T09:35:03Z_0001_weather","BROADWAY_KOYEMBEDU_018","EVR Salai",35.30,NULL,16.00,"Cloudy","OK",3313.4,0
37861,"2026-07-28 09:35:05.735099+00","2026-07-28T09:35:03Z_0001_weather","BROADWAY_KOYEMBEDU_025","EVR Salai",35.30,NULL,16.00,"Cloudy","OK",3523.6,0
37862,"2026-07-28 09:35:05.735099+00","2026-07-28T09:35:03Z_0001_weather","BROADWAY_KOYEMBEDU_026","EVR Salai",35.30,NULL,16.00,"Cloudy","OK",3530.0,0
37863,"2026-07-28 09:35:05.735099+00","2026-07-28T09:35:03Z_0001_weather","KOYEMBEDU_BROADWAY_003","EVR Salai",35.30,NULL,16.00,"Cloudy","OK",3530.2,0
37864,"2026-07-28 09:35:05.735099+00","2026-07-28T09:35:03Z_0001_weather","KOYEMBEDU_BROADWAY_001","EVR Salai",35.30,NULL,16.00,"Cloudy","OK",3530.4,0
37865,"2026-07-28 09:35:05.735099+00","2026-07-28T09:35:03Z_0001_weather","KOYEMBEDU_BROADWAY_002","EVR Salai",35.30,NULL,16.00,"Cloudy","OK",3531.8,0
37866,"2026-07-28 09:35:05.735099+00","2026-07-28T09:35:03Z_0001_weather","KOYEMBEDU_BROADWAY_004","EVR Salai",35.30,NULL,16.00,"Cloudy","OK",3534.3,0
37867,"2026-07-28 09:35:05.735099+00","2026-07-28T09:35:03Z_0001_weather","KOYEMBEDU_BROADWAY_006","EVR Salai",35.30,NULL,16.00,"Cloudy","OK",3535.4,0
37868,"2026-07-28 09:35:05.735099+00","2026-07-28T09:35:03Z_0001_weather","KOYEMBEDU_BROADWAY_005","EVR Salai",35.30,NULL,16.00,"Cloudy","OK",3536.0,0
37869,"2026-07-28 09:35:05.735099+00","2026-07-28T09:35:03Z_0001_weather","KOYEMBEDU_BROADWAY_007","EVR Salai",35.30,NULL,16.00,"Cloudy","OK",3536.6,0
37870,"2026-07-28 09:35:05.735099+00","2026-07-28T09:35:03Z_0001_weather","KOYEMBEDU_BROADWAY_009","EVR Salai",35.30,NULL,16.00,"Cloudy","OK",3536.8,0
37871,"2026-07-28 09:35:05.735099+00","2026-07-28T09:35:03Z_0001_weather","KOYEMBEDU_BROADWAY_008","EVR Salai",35.30,NULL,16.00,"Cloudy","OK",3538.4,0
37872,"2026-07-28 09:35:05.735099+00","2026-07-28T09:35:03Z_0001_weather","KOYEMBEDU_BROADWAY_012","EVR Salai",35.30,NULL,16.00,"Cloudy","OK",3539.9,0
37873,"2026-07-28 09:35:05.735099+00","2026-07-28T09:35:03Z_0001_weather","KOYEMBEDU_BROADWAY_013","EVR Salai",35.30,NULL,16.00,"Cloudy","OK",3539.5,0
37874,"2026-07-28 09:35:05.735099+00","2026-07-28T09:35:03Z_0001_weather","KOYEMBEDU_BROADWAY_010","EVR Salai",35.30,NULL,16.00,"Cloudy","OK",3541.6,0
37875,"2026-07-28 09:35:05.735099+00","2026-07-28T09:35:03Z_0001_weather","KOYEMBEDU_BROADWAY_011","EVR Salai",35.30,NULL,16.00,"Cloudy","OK",3541.9,0
37876,"2026-07-28 09:35:05.735099+00","2026-07-28T09:35:03Z_0001_weather","KOYEMBEDU_BROADWAY_014","EVR Salai",35.30,NULL,16.00,"Cloudy","OK",3561.9,0
37877,"2026-07-28 09:35:05.735099+00","2026-07-28T09:35:03Z_0001_weather","KOYEMBEDU_BROADWAY_015","EVR Salai",35.30,NULL,16.00,"Cloudy","OK",3585.2,0
37878,"2026-07-28 09:35:05.735099+00","2026-07-28T09:35:03Z_0001_weather","KOYEMBEDU_BROADWAY_016","EVR Salai",35.30,NULL,16.00,"Cloudy","OK",3586.6,0
37879,"2026-07-28 09:35:05.735099+00","2026-07-28T09:35:03Z_0001_weather","KOYEMBEDU_BROADWAY_018","EVR Salai",35.30,NULL,16.00,"Cloudy","OK",3596.1,0
37880,"2026-07-28 09:35:05.735099+00","2026-07-28T09:35:03Z_0001_weather","KOYEMBEDU_BROADWAY_017","EVR Salai",35.30,NULL,16.00,"Cloudy","OK",3591.4,0
37881,"2026-07-28 09:35:05.735099+00","2026-07-28T09:35:03Z_0001_weather","KOYEMBEDU_BROADWAY_019","EVR Salai",35.30,NULL,16.00,"Cloudy","OK",3799.4,0
37882,"2026-07-28 09:35:05.735099+00","2026-07-28T09:35:03Z_0001_weather","KOYEMBEDU_BROADWAY_020","EVR Salai",35.30,NULL,16.00,"Cloudy","OK",3805.4,0
37883,"2026-07-28 09:35:05.735099+00","2026-07-28T09:35:03Z_0001_weather","KOYEMBEDU_BROADWAY_023","EVR Salai",35.30,NULL,16.00,"Cloudy","OK",3806.4,0
37884,"2026-07-28 09:35:05.735099+00","2026-07-28T09:35:03Z_0001_weather","KOYEMBEDU_BROADWAY_021","EVR Salai",35.30,NULL,16.00,"Cloudy","OK",3805.5,0
37885,"2026-07-28 09:35:05.735099+00","2026-07-28T09:35:03Z_0001_weather","KOYEMBEDU_BROADWAY_024","EVR Salai",35.30,NULL,16.00,"Cloudy","OK",3809.4,0
37886,"2026-07-28 09:35:05.735099+00","2026-07-28T09:35:03Z_0001_weather","KOYEMBEDU_BROADWAY_022","EVR Salai",35.30,NULL,16.00,"Cloudy","OK",3809.7,0
37887,"2026-07-28 09:35:05.735099+00","2026-07-28T09:35:03Z_0001_weather","GUINDY_TAMBARAM_003","Guindy-Tambaram",34.80,NULL,16.00,"Cloudy","OK",3813.1,0
37888,"2026-07-28 09:35:05.735099+00","2026-07-28T09:35:03Z_0001_weather","KOYEMBEDU_BROADWAY_026","EVR Salai",35.30,NULL,16.00,"Cloudy","OK",3813.2,0
37889,"2026-07-28 09:35:05.735099+00","2026-07-28T09:35:03Z_0001_weather","GUINDY_TAMBARAM_001","Guindy-Tambaram",34.80,NULL,16.00,"Cloudy","OK",3813.5,0
37890,"2026-07-28 09:35:05.735099+00","2026-07-28T09:35:03Z_0001_weather","GUINDY_TAMBARAM_002","Guindy-Tambaram",34.80,NULL,16.00,"Cloudy","OK",3814.0,0
37891,"2026-07-28 09:35:05.735099+00","2026-07-28T09:35:03Z_0001_weather","KOYEMBEDU_BROADWAY_025","EVR Salai",35.30,NULL,16.00,"Cloudy","OK",3814.2,0
37892,"2026-07-28 09:35:05.735099+00","2026-07-28T09:35:03Z_0001_weather","GUINDY_TAMBARAM_007","Guindy-Tambaram",34.80,NULL,16.00,"Cloudy","OK",3818.8,0
37893,"2026-07-28 09:35:05.735099+00","2026-07-28T09:35:03Z_0001_weather","GUINDY_TAMBARAM_004","Guindy-Tambaram",34.80,NULL,16.00,"Cloudy","OK",3819.0,0
37894,"2026-07-28 09:35:05.735099+00","2026-07-28T09:35:03Z_0001_weather","GUINDY_TAMBARAM_005","Guindy-Tambaram",34.80,NULL,16.00,"Cloudy","OK",3819.2,0
37895,"2026-07-28 09:35:05.735099+00","2026-07-28T09:35:03Z_0001_weather","GUINDY_TAMBARAM_006","Guindy-Tambaram",34.80,NULL,16.00,"Cloudy","OK",3834.4,0
37896,"2026-07-28 09:35:05.735099+00","2026-07-28T09:35:03Z_0001_weather","GUINDY_TAMBARAM_008","Guindy-Tambaram",34.80,NULL,16.00,"Cloudy","OK",3854.0,0
37897,"2026-07-28 09:35:05.735099+00","2026-07-28T09:35:03Z_0001_weather","GUINDY_TAMBARAM_011","Guindy-Tambaram",34.80,NULL,16.00,"Cloudy","OK",3875.0,0
37898,"2026-07-28 09:35:05.735099+00","2026-07-28T09:35:03Z_0001_weather","GUINDY_TAMBARAM_009","Guindy-Tambaram",34.80,NULL,16.00,"Cloudy","OK",3876.5,0
37899,"2026-07-28 09:35:05.735099+00","2026-07-28T09:35:03Z_0001_weather","GUINDY_TAMBARAM_010","Guindy-Tambaram",34.80,NULL,16.00,"Cloudy","OK",3877.3,0
37900,"2026-07-28 09:35:05.735099+00","2026-07-28T09:35:03Z_0001_weather","GUINDY_TAMBARAM_012","Guindy-Tambaram",34.80,NULL,16.00,"Cloudy","OK",3883.1,0
37901,"2026-07-28 09:35:05.735099+00","2026-07-28T09:35:03Z_0001_weather","GUINDY_TAMBARAM_013","Guindy-Tambaram",34.80,NULL,16.00,"Cloudy","OK",4077.7,0
37902,"2026-07-28 09:35:05.735099+00","2026-07-28T09:35:03Z_0001_weather","GUINDY_TAMBARAM_015","Guindy-Tambaram",33.80,NULL,16.00,"Cloudy","OK",4081.5,0
37903,"2026-07-28 09:35:05.735099+00","2026-07-28T09:35:03Z_0001_weather","GUINDY_TAMBARAM_016","Guindy-Tambaram",33.80,NULL,16.00,"Cloudy","OK",4083.9,0
37904,"2026-07-28 09:35:05.735099+00","2026-07-28T09:35:03Z_0001_weather","GUINDY_TAMBARAM_017","Guindy-Tambaram",33.80,NULL,16.00,"Cloudy","OK",4083.7,0
37905,"2026-07-28 09:35:05.735099+00","2026-07-28T09:35:03Z_0001_weather","GUINDY_TAMBARAM_018","Guindy-Tambaram",33.80,NULL,16.00,"Cloudy","OK",4089.3,0
37906,"2026-07-28 09:35:05.735099+00","2026-07-28T09:35:03Z_0001_weather","GUINDY_TAMBARAM_019","Guindy-Tambaram",33.80,NULL,16.00,"Cloudy","OK",4090.2,0
37907,"2026-07-28 09:35:05.735099+00","2026-07-28T09:35:03Z_0001_weather","GUINDY_TAMBARAM_021","Guindy-Tambaram",33.80,NULL,16.00,"Cloudy","OK",4091.3,0
37908,"2026-07-28 09:35:05.735099+00","2026-07-28T09:35:03Z_0001_weather","GUINDY_TAMBARAM_022","Guindy-Tambaram",33.80,NULL,16.00,"Cloudy","OK",4091.4,0
37909,"2026-07-28 09:35:05.735099+00","2026-07-28T09:35:03Z_0001_weather","GUINDY_TAMBARAM_023","Guindy-Tambaram",33.80,NULL,16.00,"Cloudy","OK",4091.9,0
37910,"2026-07-28 09:35:05.735099+00","2026-07-28T09:35:03Z_0001_weather","GUINDY_TAMBARAM_020","Guindy-Tambaram",33.80,NULL,16.00,"Cloudy","OK",4093.9,0
37911,"2026-07-28 09:35:05.735099+00","2026-07-28T09:35:03Z_0001_weather","GUINDY_TAMBARAM_025","Guindy-Tambaram",35.40,NULL,16.00,"Cloudy","OK",4093.2,0
37912,"2026-07-28 09:35:05.735099+00","2026-07-28T09:35:03Z_0001_weather","GUINDY_TAMBARAM_024","Guindy-Tambaram",35.40,NULL,16.00,"Cloudy","OK",4096.5,0
37913,"2026-07-28 09:35:05.735099+00","2026-07-28T09:35:03Z_0001_weather","GUINDY_TAMBARAM_014","Guindy-Tambaram",34.80,NULL,16.00,"Cloudy","OK",4098.2,0
37914,"2026-07-28 09:35:05.735099+00","2026-07-28T09:35:03Z_0001_weather","GUINDY_TAMBARAM_026","Guindy-Tambaram",35.40,NULL,16.00,"Cloudy","OK",4098.7,0
37915,"2026-07-28 09:35:05.735099+00","2026-07-28T09:35:03Z_0001_weather","GUINDY_TAMBARAM_027","Guindy-Tambaram",35.40,NULL,16.00,"Cloudy","OK",4112.7,0
37916,"2026-07-28 09:35:05.735099+00","2026-07-28T09:35:03Z_0001_weather","GUINDY_TAMBARAM_028","Guindy-Tambaram",35.40,NULL,16.00,"Cloudy","OK",4144.9,0
37917,"2026-07-28 09:35:05.735099+00","2026-07-28T09:35:03Z_0001_weather","GUINDY_TAMBARAM_029","Guindy-Tambaram",35.40,NULL,16.00,"Cloudy","OK",4153.5,0
37918,"2026-07-28 09:35:05.735099+00","2026-07-28T09:35:03Z_0001_weather","GUINDY_TAMBARAM_031","Guindy-Tambaram",35.40,NULL,16.00,"Cloudy","OK",4170.9,0
37919,"2026-07-28 09:35:05.735099+00","2026-07-28T09:35:03Z_0001_weather","GUINDY_TAMBARAM_032","Guindy-Tambaram",35.40,NULL,16.00,"Cloudy","OK",4174.5,0
37920,"2026-07-28 09:35:05.735099+00","2026-07-28T09:35:03Z_0001_weather","GUINDY_TAMBARAM_030","Guindy-Tambaram",35.40,NULL,16.00,"Cloudy","OK",4174.3,0
37921,"2026-07-28 09:35:05.735099+00","2026-07-28T09:35:03Z_0001_weather","GUINDY_TAMBARAM_033","Guindy-Tambaram",35.40,NULL,16.00,"Cloudy","OK",4354.0,0
37922,"2026-07-28 09:35:05.735099+00","2026-07-28T09:35:03Z_0001_weather","GUINDY_TAMBARAM_034","Guindy-Tambaram",35.40,NULL,16.00,"Cloudy","OK",4359.4,0
37923,"2026-07-28 09:35:05.735099+00","2026-07-28T09:35:03Z_0001_weather","GUINDY_TAMBARAM_036","Guindy-Tambaram",35.40,NULL,16.00,"Cloudy","OK",4361.3,0
37924,"2026-07-28 09:35:05.735099+00","2026-07-28T09:35:03Z_0001_weather","GUINDY_TAMBARAM_035","Guindy-Tambaram",35.40,NULL,16.00,"Cloudy","OK",4361.1,0
37925,"2026-07-28 09:35:05.735099+00","2026-07-28T09:35:03Z_0001_weather","GUINDY_TAMBARAM_037","Guindy-Tambaram",35.40,NULL,16.00,"Cloudy","OK",4364.2,0
37926,"2026-07-28 09:35:05.735099+00","2026-07-28T09:35:03Z_0001_weather","GUINDY_TAMBARAM_039","Guindy-Tambaram",35.40,NULL,16.00,"Cloudy","OK",4365.8,0
37927,"2026-07-28 09:35:05.735099+00","2026-07-28T09:35:03Z_0001_weather","GUINDY_TAMBARAM_040","Guindy-Tambaram",35.40,NULL,16.00,"Cloudy","OK",4366.5,0
37928,"2026-07-28 09:35:05.735099+00","2026-07-28T09:35:03Z_0001_weather","GUINDY_TAMBARAM_041","Guindy-Tambaram",35.40,NULL,16.00,"Cloudy","OK",4366.7,0
37929,"2026-07-28 09:35:05.735099+00","2026-07-28T09:35:03Z_0001_weather","GUINDY_TAMBARAM_038","Guindy-Tambaram",35.40,NULL,16.00,"Cloudy","OK",4367.5,0
37930,"2026-07-28 09:35:05.735099+00","2026-07-28T09:35:03Z_0001_weather","TAMBARAM_GUINDY_001","Guindy-Tambaram",35.40,NULL,16.00,"Cloudy","OK",4371.4,0
37931,"2026-07-28 09:35:05.735099+00","2026-07-28T09:35:03Z_0001_weather","TAMBARAM_GUINDY_002","Guindy-Tambaram",35.40,NULL,16.00,"Cloudy","OK",4371.2,0
37932,"2026-07-28 09:35:05.735099+00","2026-07-28T09:35:03Z_0001_weather","TAMBARAM_GUINDY_004","Guindy-Tambaram",35.40,NULL,16.00,"Cloudy","OK",4376.1,0
37933,"2026-07-28 09:35:05.735099+00","2026-07-28T09:35:03Z_0001_weather","TAMBARAM_GUINDY_003","Guindy-Tambaram",35.40,NULL,16.00,"Cloudy","OK",4376.2,0
37934,"2026-07-28 09:35:05.735099+00","2026-07-28T09:35:03Z_0001_weather","TAMBARAM_GUINDY_005","Guindy-Tambaram",35.40,NULL,16.00,"Cloudy","OK",4377.4,0
37935,"2026-07-28 09:35:05.735099+00","2026-07-28T09:35:03Z_0001_weather","TAMBARAM_GUINDY_006","Guindy-Tambaram",35.40,NULL,16.00,"Cloudy","OK",4392.0,0
37936,"2026-07-28 09:35:05.735099+00","2026-07-28T09:35:03Z_0001_weather","TAMBARAM_GUINDY_008","Guindy-Tambaram",35.40,NULL,16.00,"Cloudy","OK",4437.1,0
37937,"2026-07-28 09:35:05.735099+00","2026-07-28T09:35:03Z_0001_weather","TAMBARAM_GUINDY_007","Guindy-Tambaram",35.40,NULL,16.00,"Cloudy","OK",4433.7,0
37938,"2026-07-28 09:35:05.735099+00","2026-07-28T09:35:03Z_0001_weather","TAMBARAM_GUINDY_009","Guindy-Tambaram",35.40,NULL,16.00,"Cloudy","OK",4462.0,0
37939,"2026-07-28 09:35:05.735099+00","2026-07-28T09:35:03Z_0001_weather","TAMBARAM_GUINDY_011","Guindy-Tambaram",35.40,NULL,16.00,"Cloudy","OK",4465.6,0
37940,"2026-07-28 09:35:05.735099+00","2026-07-28T09:35:03Z_0001_weather","TAMBARAM_GUINDY_010","Guindy-Tambaram",35.40,NULL,16.00,"Cloudy","OK",4471.1,0
37941,"2026-07-28 09:35:05.735099+00","2026-07-28T09:35:03Z_0001_weather","TAMBARAM_GUINDY_012","Guindy-Tambaram",35.40,NULL,16.00,"Cloudy","OK",4631.1,0
37942,"2026-07-28 09:35:05.735099+00","2026-07-28T09:35:03Z_0001_weather","TAMBARAM_GUINDY_013","Guindy-Tambaram",35.40,NULL,16.00,"Cloudy","OK",4636.3,0
37943,"2026-07-28 09:35:05.735099+00","2026-07-28T09:35:03Z_0001_weather","TAMBARAM_GUINDY_014","Guindy-Tambaram",35.40,NULL,16.00,"Cloudy","OK",4637.5,0
37944,"2026-07-28 09:35:05.735099+00","2026-07-28T09:35:03Z_0001_weather","TAMBARAM_GUINDY_015","Guindy-Tambaram",35.40,NULL,16.00,"Cloudy","OK",4638.8,0
37945,"2026-07-28 09:35:05.735099+00","2026-07-28T09:35:03Z_0001_weather","TAMBARAM_GUINDY_016","Guindy-Tambaram",35.40,NULL,16.00,"Cloudy","OK",4643.0,0
37946,"2026-07-28 09:35:05.735099+00","2026-07-28T09:35:03Z_0001_weather","TAMBARAM_GUINDY_018","Guindy-Tambaram",33.80,NULL,16.00,"Cloudy","OK",4643.2,0
37947,"2026-07-28 09:35:05.735099+00","2026-07-28T09:35:03Z_0001_weather","TAMBARAM_GUINDY_020","Guindy-Tambaram",33.80,NULL,16.00,"Cloudy","OK",4643.4,0
37948,"2026-07-28 09:35:05.735099+00","2026-07-28T09:35:03Z_0001_weather","TAMBARAM_GUINDY_017","Guindy-Tambaram",35.40,NULL,16.00,"Cloudy","OK",4643.9,0
37949,"2026-07-28 09:35:05.735099+00","2026-07-28T09:35:03Z_0001_weather","TAMBARAM_GUINDY_019","Guindy-Tambaram",33.80,NULL,16.00,"Cloudy","OK",4644.7,0
37950,"2026-07-28 09:35:05.735099+00","2026-07-28T09:35:03Z_0001_weather","TAMBARAM_GUINDY_021","Guindy-Tambaram",33.80,NULL,16.00,"Cloudy","OK",4648.5,0
37951,"2026-07-28 09:35:05.735099+00","2026-07-28T09:35:03Z_0001_weather","TAMBARAM_GUINDY_023","Guindy-Tambaram",33.80,NULL,16.00,"Cloudy","OK",4650.7,0
37952,"2026-07-28 09:35:05.735099+00","2026-07-28T09:35:03Z_0001_weather","TAMBARAM_GUINDY_022","Guindy-Tambaram",33.80,NULL,16.00,"Cloudy","OK",4650.8,0
37953,"2026-07-28 09:35:05.735099+00","2026-07-28T09:35:03Z_0001_weather","TAMBARAM_GUINDY_024","Guindy-Tambaram",33.80,NULL,16.00,"Cloudy","OK",4658.1,0
37954,"2026-07-28 09:35:05.735099+00","2026-07-28T09:35:03Z_0001_weather","TAMBARAM_GUINDY_025","Guindy-Tambaram",34.80,NULL,16.00,"Cloudy","OK",4659.4,0
37955,"2026-07-28 09:35:05.735099+00","2026-07-28T09:35:03Z_0001_weather","TAMBARAM_GUINDY_026","Guindy-Tambaram",34.80,NULL,16.00,"Cloudy","OK",4687.1,0
37956,"2026-07-28 09:35:05.735099+00","2026-07-28T09:35:03Z_0001_weather","TAMBARAM_GUINDY_027","Guindy-Tambaram",34.80,NULL,16.00,"Cloudy","OK",4715.8,0
37957,"2026-07-28 09:35:05.735099+00","2026-07-28T09:35:03Z_0001_weather","TAMBARAM_GUINDY_028","Guindy-Tambaram",34.80,NULL,16.00,"Cloudy","OK",4722.5,0
37958,"2026-07-28 09:35:05.735099+00","2026-07-28T09:35:03Z_0001_weather","TAMBARAM_GUINDY_029","Guindy-Tambaram",34.80,NULL,16.00,"Cloudy","OK",4752.8,0
37959,"2026-07-28 09:35:05.735099+00","2026-07-28T09:35:03Z_0001_weather","TAMBARAM_GUINDY_030","Guindy-Tambaram",34.80,NULL,16.00,"Cloudy","OK",4756.4,0
37960,"2026-07-28 09:35:05.735099+00","2026-07-28T09:35:03Z_0001_weather","TAMBARAM_GUINDY_031","Guindy-Tambaram",34.80,NULL,16.00,"Cloudy","OK",4761.2,0
37961,"2026-07-28 09:35:05.735099+00","2026-07-28T09:35:03Z_0001_weather","TAMBARAM_GUINDY_032","Guindy-Tambaram",34.80,NULL,16.00,"Cloudy","OK",4910.0,0
37962,"2026-07-28 09:35:05.735099+00","2026-07-28T09:35:03Z_0001_weather","TAMBARAM_GUINDY_033","Guindy-Tambaram",34.80,NULL,16.00,"Cloudy","OK",4912.4,0
37963,"2026-07-28 09:35:05.735099+00","2026-07-28T09:35:03Z_0001_weather","TAMBARAM_GUINDY_034","Guindy-Tambaram",34.80,NULL,16.00,"Cloudy","OK",4912.6,0
37964,"2026-07-28 09:35:05.735099+00","2026-07-28T09:35:03Z_0001_weather","TAMBARAM_GUINDY_035","Guindy-Tambaram",34.80,NULL,16.00,"Cloudy","OK",4914.9,0
37965,"2026-07-28 09:35:05.735099+00","2026-07-28T09:35:03Z_0001_weather","TAMBARAM_GUINDY_036","Guindy-Tambaram",34.80,NULL,16.00,"Cloudy","OK",4919.9,0
37966,"2026-07-28 09:35:05.735099+00","2026-07-28T09:35:03Z_0001_weather","CENTRAL_PUZHAL_001","Puzhal-Central",35.30,NULL,16.00,"Cloudy","OK",4921.3,0
37967,"2026-07-28 09:35:05.735099+00","2026-07-28T09:35:03Z_0001_weather","TAMBARAM_GUINDY_038","Guindy-Tambaram",34.80,NULL,16.00,"Cloudy","OK",4921.8,0
37968,"2026-07-28 09:35:05.735099+00","2026-07-28T09:35:03Z_0001_weather","TAMBARAM_GUINDY_039","Guindy-Tambaram",34.80,NULL,16.00,"Cloudy","OK",4921.6,0
37969,"2026-07-28 09:35:05.735099+00","2026-07-28T09:35:03Z_0001_weather","TAMBARAM_GUINDY_037","Guindy-Tambaram",34.80,NULL,16.00,"Cloudy","OK",4922.4,0
37970,"2026-07-28 09:35:05.735099+00","2026-07-28T09:35:03Z_0001_weather","CENTRAL_PUZHAL_002","Puzhal-Central",35.30,NULL,16.00,"Cloudy","OK",4924.8,0
37971,"2026-07-28 09:35:05.735099+00","2026-07-28T09:35:03Z_0001_weather","CENTRAL_PUZHAL_003","Puzhal-Central",35.30,NULL,16.00,"Cloudy","OK",4926.5,0
37972,"2026-07-28 09:35:05.735099+00","2026-07-28T09:35:03Z_0001_weather","CENTRAL_PUZHAL_004","Puzhal-Central",35.30,NULL,16.00,"Cloudy","OK",4926.3,0
37973,"2026-07-28 09:35:05.735099+00","2026-07-28T09:35:03Z_0001_weather","CENTRAL_PUZHAL_005","Puzhal-Central",35.30,NULL,16.00,"Cloudy","OK",4935.3,0
37974,"2026-07-28 09:35:05.735099+00","2026-07-28T09:35:03Z_0001_weather","CENTRAL_PUZHAL_006","Puzhal-Central",35.30,NULL,16.00,"Cloudy","OK",4938.7,0
37975,"2026-07-28 09:35:05.735099+00","2026-07-28T09:35:03Z_0001_weather","CENTRAL_PUZHAL_007","Puzhal-Central",35.30,NULL,16.00,"Cloudy","OK",4964.1,0
37976,"2026-07-28 09:35:05.735099+00","2026-07-28T09:35:03Z_0001_weather","CENTRAL_PUZHAL_008","Puzhal-Central",35.30,NULL,16.00,"Cloudy","OK",4992.9,0
37977,"2026-07-28 09:35:05.735099+00","2026-07-28T09:35:03Z_0001_weather","CENTRAL_PUZHAL_009","Puzhal-Central",35.30,NULL,16.00,"Cloudy","OK",5013.1,0
37978,"2026-07-28 09:35:05.735099+00","2026-07-28T09:35:03Z_0001_weather","CENTRAL_PUZHAL_010","Puzhal-Central",35.30,NULL,16.00,"Cloudy","OK",5046.2,0
37979,"2026-07-28 09:35:05.735099+00","2026-07-28T09:35:03Z_0001_weather","CENTRAL_PUZHAL_012","Puzhal-Central",35.30,NULL,16.00,"Cloudy","OK",5051.1,0
37980,"2026-07-28 09:35:05.735099+00","2026-07-28T09:35:03Z_0001_weather","CENTRAL_PUZHAL_011","Puzhal-Central",35.30,NULL,16.00,"Cloudy","OK",5055.7,0
37981,"2026-07-28 09:35:05.735099+00","2026-07-28T09:35:03Z_0001_weather","CENTRAL_PUZHAL_013","Puzhal-Central",35.30,NULL,16.00,"Cloudy","OK",5185.0,0
37982,"2026-07-28 09:35:05.735099+00","2026-07-28T09:35:03Z_0001_weather","CENTRAL_PUZHAL_015","Puzhal-Central",35.30,NULL,16.00,"Cloudy","OK",5187.6,0
37983,"2026-07-28 09:35:05.735099+00","2026-07-28T09:35:03Z_0001_weather","CENTRAL_PUZHAL_014","Puzhal-Central",35.30,NULL,16.00,"Cloudy","OK",5190.7,0
37984,"2026-07-28 09:35:05.735099+00","2026-07-28T09:35:03Z_0001_weather","CENTRAL_PUZHAL_016","Puzhal-Central",35.30,NULL,16.00,"Cloudy","OK",5191.1,0
37985,"2026-07-28 09:35:05.735099+00","2026-07-28T09:35:03Z_0001_weather","CENTRAL_PUZHAL_017","Puzhal-Central",35.30,NULL,16.00,"Cloudy","OK",5195.0,0
37986,"2026-07-28 09:35:05.735099+00","2026-07-28T09:35:03Z_0001_weather","CENTRAL_PUZHAL_018","Puzhal-Central",35.30,NULL,16.00,"Cloudy","OK",5195.2,0
37987,"2026-07-28 09:35:05.735099+00","2026-07-28T09:35:03Z_0001_weather","CENTRAL_PUZHAL_020","Puzhal-Central",35.30,NULL,16.00,"Cloudy","OK",5197.1,0
37988,"2026-07-28 09:35:05.735099+00","2026-07-28T09:35:03Z_0001_weather","CENTRAL_PUZHAL_021","Puzhal-Central",35.30,NULL,16.00,"Cloudy","OK",5197.1,0
37989,"2026-07-28 09:35:05.735099+00","2026-07-28T09:35:03Z_0001_weather","CENTRAL_PUZHAL_023","Puzhal-Central",35.30,NULL,16.00,"Cloudy","OK",5200.0,0
37990,"2026-07-28 09:35:05.735099+00","2026-07-28T09:35:03Z_0001_weather","CENTRAL_PUZHAL_022","Puzhal-Central",35.30,NULL,16.00,"Cloudy","OK",5200.8,0
37991,"2026-07-28 09:35:05.735099+00","2026-07-28T09:35:03Z_0001_weather","CENTRAL_PUZHAL_019","Puzhal-Central",35.30,NULL,16.00,"Cloudy","OK",5200.8,0
37992,"2026-07-28 09:35:05.735099+00","2026-07-28T09:35:03Z_0001_weather","CENTRAL_PUZHAL_024","Puzhal-Central",35.30,NULL,16.00,"Cloudy","OK",5200.9,0
37993,"2026-07-28 09:35:05.735099+00","2026-07-28T09:35:03Z_0001_weather","CENTRAL_PUZHAL_025","Puzhal-Central",35.30,NULL,16.00,"Cloudy","OK",5209.6,0
37994,"2026-07-28 09:35:05.735099+00","2026-07-28T09:35:03Z_0001_weather","CENTRAL_PUZHAL_026","Puzhal-Central",35.30,NULL,16.00,"Cloudy","OK",5213.8,0
37995,"2026-07-28 09:35:05.735099+00","2026-07-28T09:35:03Z_0001_weather","CENTRAL_PUZHAL_027","Puzhal-Central",35.30,NULL,16.00,"Cloudy","OK",5246.2,0
37996,"2026-07-28 09:35:05.735099+00","2026-07-28T09:35:03Z_0001_weather","CENTRAL_PUZHAL_ATGRADE_001","Puzhal-Central",35.30,NULL,16.00,"Cloudy","OK",5276.7,0
37997,"2026-07-28 09:35:05.735099+00","2026-07-28T09:35:03Z_0001_weather","CENTRAL_PUZHAL_ATGRADE_002","Puzhal-Central",35.30,NULL,16.00,"Cloudy","OK",5300.3,0
37998,"2026-07-28 09:35:05.735099+00","2026-07-28T09:35:03Z_0001_weather","CENTRAL_PUZHAL_ATGRADE_003","Puzhal-Central",35.30,NULL,16.00,"Cloudy","OK",5336.2,0
37999,"2026-07-28 09:35:05.735099+00","2026-07-28T09:35:03Z_0001_weather","CENTRAL_PUZHAL_ATGRADE_004","Puzhal-Central",35.30,NULL,16.00,"Cloudy","OK",5345.8,0
38000,"2026-07-28 09:35:05.735099+00","2026-07-28T09:35:03Z_0001_weather","PUZHAL_CENTRAL_001","Puzhal-Central",35.30,NULL,16.00,"Cloudy","OK",5346.6,0
38001,"2026-07-28 09:35:05.735099+00","2026-07-28T09:35:03Z_0001_weather","PUZHAL_CENTRAL_002","Puzhal-Central",35.30,NULL,16.00,"Cloudy","OK",5460.5,0
38002,"2026-07-28 09:35:05.735099+00","2026-07-28T09:35:03Z_0001_weather","PUZHAL_CENTRAL_003","Puzhal-Central",35.30,NULL,16.00,"Cloudy","OK",5465.5,0
38003,"2026-07-28 09:35:05.735099+00","2026-07-28T09:35:03Z_0001_weather","PUZHAL_CENTRAL_005","Puzhal-Central",35.30,NULL,16.00,"Cloudy","OK",5466.2,0
38004,"2026-07-28 09:35:05.735099+00","2026-07-28T09:35:03Z_0001_weather","PUZHAL_CENTRAL_004","Puzhal-Central",35.30,NULL,16.00,"Cloudy","OK",5466.4,0
38005,"2026-07-28 09:35:05.735099+00","2026-07-28T09:35:03Z_0001_weather","PUZHAL_CENTRAL_006","Puzhal-Central",35.30,NULL,16.00,"Cloudy","OK",5472.8,0
38006,"2026-07-28 09:35:05.735099+00","2026-07-28T09:35:03Z_0001_weather","PUZHAL_CENTRAL_008","Puzhal-Central",35.30,NULL,16.00,"Cloudy","OK",5473.8,0
38007,"2026-07-28 09:35:05.735099+00","2026-07-28T09:35:03Z_0001_weather","PUZHAL_CENTRAL_007","Puzhal-Central",35.30,NULL,16.00,"Cloudy","OK",5474.6,0
38008,"2026-07-28 09:35:05.735099+00","2026-07-28T09:35:03Z_0001_weather","PUZHAL_CENTRAL_012","Puzhal-Central",35.30,NULL,16.00,"Cloudy","OK",5475.4,0
38009,"2026-07-28 09:35:05.735099+00","2026-07-28T09:35:03Z_0001_weather","PUZHAL_CENTRAL_010","Puzhal-Central",35.30,NULL,16.00,"Cloudy","OK",5473.8,0
38010,"2026-07-28 09:35:05.735099+00","2026-07-28T09:35:03Z_0001_weather","PUZHAL_CENTRAL_009","Puzhal-Central",35.30,NULL,16.00,"Cloudy","OK",5475.0,0
38011,"2026-07-28 09:35:05.735099+00","2026-07-28T09:35:03Z_0001_weather","PUZHAL_CENTRAL_011","Puzhal-Central",35.30,NULL,16.00,"Cloudy","OK",5476.1,0
38012,"2026-07-28 09:35:05.735099+00","2026-07-28T09:35:03Z_0001_weather","PUZHAL_CENTRAL_013","Puzhal-Central",35.30,NULL,16.00,"Cloudy","OK",5481.0,0
38013,"2026-07-28 09:35:05.735099+00","2026-07-28T09:35:03Z_0001_weather","PUZHAL_CENTRAL_014","Puzhal-Central",35.30,NULL,16.00,"Cloudy","OK",5485.4,0
38014,"2026-07-28 09:35:05.735099+00","2026-07-28T09:35:03Z_0001_weather","PUZHAL_CENTRAL_015","Puzhal-Central",35.30,NULL,16.00,"Cloudy","OK",5491.7,0
38015,"2026-07-28 09:35:05.735099+00","2026-07-28T09:35:03Z_0001_weather","PUZHAL_CENTRAL_016","Puzhal-Central",35.30,NULL,16.00,"Cloudy","OK",5523.0,0
38016,"2026-07-28 09:35:05.735099+00","2026-07-28T09:35:03Z_0001_weather","PUZHAL_CENTRAL_017","Puzhal-Central",35.30,NULL,16.00,"Cloudy","OK",5554.4,0
38017,"2026-07-28 09:35:05.735099+00","2026-07-28T09:35:03Z_0001_weather","PUZHAL_CENTRAL_018","Puzhal-Central",35.30,NULL,16.00,"Cloudy","OK",5591.2,0
38018,"2026-07-28 09:35:05.735099+00","2026-07-28T09:35:03Z_0001_weather","PUZHAL_CENTRAL_019","Puzhal-Central",35.30,NULL,16.00,"Cloudy","OK",5625.1,0
38019,"2026-07-28 09:35:05.735099+00","2026-07-28T09:35:03Z_0001_weather","PUZHAL_CENTRAL_021","Puzhal-Central",35.30,NULL,16.00,"Cloudy","OK",5634.8,0
38020,"2026-07-28 09:35:05.735099+00","2026-07-28T09:35:03Z_0001_weather","PUZHAL_CENTRAL_020","Puzhal-Central",35.30,NULL,16.00,"Cloudy","OK",5636.9,0
38021,"2026-07-28 09:35:05.735099+00","2026-07-28T09:35:03Z_0001_weather","PUZHAL_CENTRAL_022","Puzhal-Central",35.30,NULL,16.00,"Cloudy","OK",5739.1,0
38022,"2026-07-28 09:35:05.735099+00","2026-07-28T09:35:03Z_0001_weather","PUZHAL_CENTRAL_025","Puzhal-Central",35.30,NULL,16.00,"Cloudy","OK",5740.6,0
38023,"2026-07-28 09:35:05.735099+00","2026-07-28T09:35:03Z_0001_weather","PUZHAL_CENTRAL_023","Puzhal-Central",35.30,NULL,16.00,"Cloudy","OK",5741.9,0
38024,"2026-07-28 09:35:05.735099+00","2026-07-28T09:35:03Z_0001_weather","PUZHAL_CENTRAL_024","Puzhal-Central",35.30,NULL,16.00,"Cloudy","OK",5743.0,0
38025,"2026-07-28 09:35:05.735099+00","2026-07-28T09:35:03Z_0001_weather","PUZHAL_CENTRAL_026","Puzhal-Central",35.30,NULL,16.00,"Cloudy","OK",5750.3,0
38026,"2026-07-28 09:35:05.735099+00","2026-07-28T09:35:03Z_0001_weather","PUZHAL_CENTRAL_027","Puzhal-Central",35.30,NULL,16.00,"Cloudy","OK",5751.2,0
38027,"2026-07-28 09:35:05.735099+00","2026-07-28T09:35:03Z_0001_weather","PUZHAL_CENTRAL_ATGRADE_003","Puzhal-Central",35.30,NULL,16.00,"Cloudy","OK",5751.5,0
38028,"2026-07-28 09:35:05.735099+00","2026-07-28T09:35:03Z_0001_weather","PUZHAL_CENTRAL_ATGRADE_002","Puzhal-Central",35.30,NULL,16.00,"Cloudy","OK",5751.7,0
38029,"2026-07-28 09:35:05.735099+00","2026-07-28T09:35:03Z_0001_weather","PUZHAL_CENTRAL_ATGRADE_001","Puzhal-Central",35.30,NULL,16.00,"Cloudy","OK",5751.9,0
38030,"2026-07-28 09:35:05.735099+00","2026-07-28T09:35:03Z_0001_weather","PUZHAL_CENTRAL_ATGRADE_005","Puzhal-Central",35.30,NULL,16.00,"Cloudy","OK",5752.1,0
38031,"2026-07-28 09:35:05.735099+00","2026-07-28T09:35:03Z_0001_weather","PUZHAL_CENTRAL_ATGRADE_004","Puzhal-Central",35.30,NULL,16.00,"Cloudy","OK",5753.3,0
38032,"2026-07-28 09:35:05.735099+00","2026-07-28T09:35:03Z_0001_weather","PALLAVARAM_THORAIPAKKAM_001","Thoraipakkam-Pallavaram",35.80,NULL,16.00,"Cloudy","OK",5757.9,0
38033,"2026-07-28 09:35:05.735099+00","2026-07-28T09:35:03Z_0001_weather","PALLAVARAM_THORAIPAKKAM_002","Thoraipakkam-Pallavaram",35.80,NULL,16.00,"Cloudy","OK",5761.2,0
38034,"2026-07-28 09:35:05.735099+00","2026-07-28T09:35:03Z_0001_weather","PALLAVARAM_THORAIPAKKAM_003","Thoraipakkam-Pallavaram",35.80,NULL,16.00,"Cloudy","OK",5770.8,0
38035,"2026-07-28 09:35:05.735099+00","2026-07-28T09:35:03Z_0001_weather","PALLAVARAM_THORAIPAKKAM_004","Thoraipakkam-Pallavaram",35.80,NULL,16.00,"Cloudy","OK",5801.4,0
38036,"2026-07-28 09:35:05.735099+00","2026-07-28T09:35:03Z_0001_weather","PALLAVARAM_THORAIPAKKAM_005","Thoraipakkam-Pallavaram",35.80,NULL,16.00,"Cloudy","OK",5831.2,0
38037,"2026-07-28 09:35:05.735099+00","2026-07-28T09:35:03Z_0001_weather","PALLAVARAM_THORAIPAKKAM_006","Thoraipakkam-Pallavaram",34.80,NULL,16.00,"Cloudy","OK",5882.6,0
38038,"2026-07-28 09:35:05.735099+00","2026-07-28T09:35:03Z_0001_weather","PALLAVARAM_THORAIPAKKAM_007","Thoraipakkam-Pallavaram",34.80,NULL,16.00,"Cloudy","OK",5918.7,0
38039,"2026-07-28 09:35:05.735099+00","2026-07-28T09:35:03Z_0001_weather","PALLAVARAM_THORAIPAKKAM_009","Thoraipakkam-Pallavaram",34.80,NULL,16.00,"Cloudy","OK",5928.3,0
38040,"2026-07-28 09:35:05.735099+00","2026-07-28T09:35:03Z_0001_weather","PALLAVARAM_THORAIPAKKAM_008","Thoraipakkam-Pallavaram",34.80,NULL,16.00,"Cloudy","OK",5932.7,0
38041,"2026-07-28 09:35:05.735099+00","2026-07-28T09:35:03Z_0001_weather","PALLAVARAM_THORAIPAKKAM_010","Thoraipakkam-Pallavaram",34.80,NULL,16.00,"Cloudy","OK",6016.6,0
38042,"2026-07-28 09:35:05.735099+00","2026-07-28T09:35:03Z_0001_weather","PALLAVARAM_THORAIPAKKAM_AT_GRADE_002","Thoraipakkam-Pallavaram",35.80,NULL,16.00,"Cloudy","OK",6017.8,0
38043,"2026-07-28 09:35:05.735099+00","2026-07-28T09:35:03Z_0001_weather","PALLAVARAM_THORAIPAKKAM_AT_GRADE_001","Thoraipakkam-Pallavaram",35.80,NULL,16.00,"Cloudy","OK",6018.9,0
38044,"2026-07-28 09:35:05.735099+00","2026-07-28T09:35:03Z_0001_weather","THORAIPAKKAM_PALLAVARM_001","Thoraipakkam-Pallavaram",34.80,NULL,16.00,"Cloudy","OK",6021.1,0
38045,"2026-07-28 09:35:05.735099+00","2026-07-28T09:35:03Z_0001_weather","THORAIPAKKAM_PALLAVARM_002","Thoraipakkam-Pallavaram",34.80,NULL,16.00,"Cloudy","OK",6025.8,0
38046,"2026-07-28 09:35:05.735099+00","2026-07-28T09:35:03Z_0001_weather","THORAIPAKKAM_PALLAVARM_006","Thoraipakkam-Pallavaram",35.80,NULL,16.00,"Cloudy","OK",6027.2,0
38047,"2026-07-28 09:35:05.735099+00","2026-07-28T09:35:03Z_0001_weather","THORAIPAKKAM_PALLAVARM_007","Thoraipakkam-Pallavaram",35.80,NULL,16.00,"Cloudy","OK",6028.8,0
38048,"2026-07-28 09:35:05.735099+00","2026-07-28T09:35:03Z_0001_weather","THORAIPAKKAM_PALLAVARM_008","Thoraipakkam-Pallavaram",35.80,NULL,16.00,"Cloudy","OK",6029.1,0
38049,"2026-07-28 09:35:05.735099+00","2026-07-28T09:35:03Z_0001_weather","THORAIPAKKAM_PALLAVARM_003","Thoraipakkam-Pallavaram",34.80,NULL,16.00,"Cloudy","OK",6027.4,0
38050,"2026-07-28 09:35:05.735099+00","2026-07-28T09:35:03Z_0001_weather","THORAIPAKKAM_PALLAVARM_004","Thoraipakkam-Pallavaram",34.80,NULL,16.00,"Cloudy","OK",6028.6,0
38051,"2026-07-28 09:35:05.735099+00","2026-07-28T09:35:03Z_0001_weather","THORAIPAKKAM_PALLAVARM_005","Thoraipakkam-Pallavaram",34.80,NULL,16.00,"Cloudy","OK",6031.0,0
38052,"2026-07-28 09:35:05.735099+00","2026-07-28T09:35:03Z_0001_weather","THORAIPAKKAM_PALLAVARM_009","Thoraipakkam-Pallavaram",35.80,NULL,16.00,"Cloudy","OK",6033.6,0
38053,"2026-07-28 09:35:05.735099+00","2026-07-28T09:35:03Z_0001_weather","THORAIPAKKAM_PALLAVARM_010","Thoraipakkam-Pallavaram",35.80,NULL,16.00,"Cloudy","OK",6043.4,0
38054,"2026-07-28 09:35:05.735099+00","2026-07-28T09:35:03Z_0001_weather","THORAIPAKKAM_PALLAVARM_AT_GRADE_001","Thoraipakkam-Pallavaram",35.80,NULL,16.00,"Cloudy","OK",6048.9,0
38055,"2026-07-28 09:35:05.735099+00","2026-07-28T09:35:03Z_0001_weather","THORAIPAKKAM_PALLAVARM_AT_GRADE_002","Thoraipakkam-Pallavaram",35.80,NULL,16.00,"Cloudy","OK",6083.5,0
38056,"2026-07-28 12:35:05.68834+00","2026-07-28T12:35:03Z_0001_weather","KILAMBAKKAM_LITTLEMOUNT_002","Corridor_Littlemount_Kilambakkam",32.60,NULL,16.00,"Cloudy","OK",1672.6,0
38057,"2026-07-28 12:35:05.68834+00","2026-07-28T12:35:03Z_0001_weather","KILAMBAKKAM_LITTLEMOUNT_011","Corridor_Littlemount_Kilambakkam",33.10,NULL,16.00,"Cloudy","OK",1673.3,0
38058,"2026-07-28 12:35:05.68834+00","2026-07-28T12:35:03Z_0001_weather","KILAMBAKKAM_LITTLEMOUNT(AT_GRADE_BELOWFLYOVER)_004","Corridor_Littlemount_Kilambakkam",33.10,NULL,16.00,"Cloudy","OK",1675.4,0
38059,"2026-07-28 12:35:05.68834+00","2026-07-28T12:35:03Z_0001_weather","KILAMBAKKAM_LITTLEMOUNT(AT_GRADE_BELOWFLYOVER)_007","Corridor_Littlemount_Kilambakkam",33.10,NULL,16.00,"Cloudy","OK",1677.8,0
38060,"2026-07-28 12:35:05.68834+00","2026-07-28T12:35:03Z_0001_weather","KILAMBAKKAM_LITTLEMOUNT_001","Corridor_Littlemount_Kilambakkam",32.60,NULL,16.00,"Cloudy","OK",1675.7,0
38061,"2026-07-28 12:35:05.68834+00","2026-07-28T12:35:03Z_0001_weather","KILAMBAKKAM_LITTLEMOUNT_007","Corridor_Littlemount_Kilambakkam",32.60,NULL,16.00,"Cloudy","OK",1681.2,0
38062,"2026-07-28 12:35:05.68834+00","2026-07-28T12:35:03Z_0001_weather","KILAMBAKKAM_LITTLEMOUNT(AT_GRADE_BELOWFLYOVER)_001","Corridor_Littlemount_Kilambakkam",33.10,NULL,16.00,"Cloudy","OK",1684.3,0
38063,"2026-07-28 12:35:05.68834+00","2026-07-28T12:35:03Z_0001_weather","KILAMBAKKAM_LITTLEMOUNT_005","Corridor_Littlemount_Kilambakkam",32.60,NULL,16.00,"Cloudy","OK",1685.6,0
38064,"2026-07-28 12:35:05.68834+00","2026-07-28T12:35:03Z_0001_weather","KILAMBAKKAM_LITTLEMOUNT_003","Corridor_Littlemount_Kilambakkam",32.60,NULL,16.00,"Cloudy","OK",1686.9,0
38065,"2026-07-28 12:35:05.68834+00","2026-07-28T12:35:03Z_0001_weather","KILAMBAKKAM_LITTLEMOUNT_006","Corridor_Littlemount_Kilambakkam",32.60,NULL,16.00,"Cloudy","OK",1686.8,0
38066,"2026-07-28 12:35:05.68834+00","2026-07-28T12:35:03Z_0001_weather","KILAMBAKKAM_LITTLEMOUNT(AT_GRADE_BELOWFLYOVER)_002","Corridor_Littlemount_Kilambakkam",33.10,NULL,16.00,"Cloudy","OK",1689.2,0
38067,"2026-07-28 12:35:05.68834+00","2026-07-28T12:35:03Z_0001_weather","KILAMBAKKAM_LITTLEMOUNT(AT_GRADE_BELOWFLYOVER)_003","Corridor_Littlemount_Kilambakkam",33.10,NULL,16.00,"Cloudy","OK",1689.1,0
38068,"2026-07-28 12:35:05.68834+00","2026-07-28T12:35:03Z_0001_weather","KILAMBAKKAM_LITTLEMOUNT_004","Corridor_Littlemount_Kilambakkam",32.60,NULL,16.00,"Cloudy","OK",1688.9,0
38069,"2026-07-28 12:35:05.68834+00","2026-07-28T12:35:03Z_0001_weather","KILAMBAKKAM_LITTLEMOUNT_009","Corridor_Littlemount_Kilambakkam",32.60,NULL,16.00,"Cloudy","OK",1689.3,0
38070,"2026-07-28 12:35:05.68834+00","2026-07-28T12:35:03Z_0001_weather","KILAMBAKKAM_LITTLEMOUNT(AT_GRADE_BELOWFLYOVER)_006","Corridor_Littlemount_Kilambakkam",33.10,NULL,16.00,"Cloudy","OK",1690.9,0
38071,"2026-07-28 12:35:05.68834+00","2026-07-28T12:35:03Z_0001_weather","KILAMBAKKAM_LITTLEMOUNT(AT_GRADE_BELOWFLYOVER)_005","Corridor_Littlemount_Kilambakkam",33.10,NULL,16.00,"Cloudy","OK",1692.2,0
38072,"2026-07-28 12:35:05.68834+00","2026-07-28T12:35:03Z_0001_weather","KILAMBAKKAM_LITTLEMOUNT(AT_GRADE_BELOWFLYOVER)_008","Corridor_Littlemount_Kilambakkam",32.60,NULL,16.00,"Cloudy","OK",1688.4,0
38073,"2026-07-28 12:35:05.68834+00","2026-07-28T12:35:03Z_0001_weather","KILAMBAKKAM_LITTLEMOUNT_010","Corridor_Littlemount_Kilambakkam",32.60,NULL,16.00,"Cloudy","OK",1692.1,0
38074,"2026-07-28 12:35:05.68834+00","2026-07-28T12:35:03Z_0001_weather","KILAMBAKKAM_LITTLEMOUNT(AT_GRADE_BELOWFLYOVER)_009","Corridor_Littlemount_Kilambakkam",32.60,NULL,16.00,"Cloudy","OK",1694.1,0
38075,"2026-07-28 12:35:05.68834+00","2026-07-28T12:35:03Z_0001_weather","KILAMBAKKAM_LITTLEMOUNT_008","Corridor_Littlemount_Kilambakkam",32.60,NULL,16.00,"Cloudy","OK",1690.5,0
38076,"2026-07-28 12:35:05.68834+00","2026-07-28T12:35:03Z_0001_weather","KILAMBAKKAM_LITTLEMOUNT_012","Corridor_Littlemount_Kilambakkam",33.10,NULL,16.00,"Cloudy","OK",1948.2,0
38077,"2026-07-28 12:35:05.68834+00","2026-07-28T12:35:03Z_0001_weather","KILAMBAKKAM_LITTLEMOUNT_014","Corridor_Littlemount_Kilambakkam",33.10,NULL,16.00,"Cloudy","OK",1949.5,0
38078,"2026-07-28 12:35:05.68834+00","2026-07-28T12:35:03Z_0001_weather","KILAMBAKKAM_LITTLEMOUNT_019","Corridor_Littlemount_Kilambakkam",33.10,NULL,16.00,"Cloudy","OK",1963.4,0
38079,"2026-07-28 12:35:05.68834+00","2026-07-28T12:35:03Z_0001_weather","KILAMBAKKAM_LITTLEMOUNT_025","Corridor_Littlemount_Kilambakkam",32.30,NULL,16.00,"Cloudy","OK",1964.7,0
38080,"2026-07-28 12:35:05.68834+00","2026-07-28T12:35:03Z_0001_weather","KILAMBAKKAM_LITTLEMOUNT_023","Corridor_Littlemount_Kilambakkam",32.30,NULL,16.00,"Cloudy","OK",1965.3,0
38081,"2026-07-28 12:35:05.68834+00","2026-07-28T12:35:03Z_0001_weather","KILAMBAKKAM_LITTLEMOUNT_017","Corridor_Littlemount_Kilambakkam",33.10,NULL,16.00,"Cloudy","OK",1969.8,0
38082,"2026-07-28 12:35:05.68834+00","2026-07-28T12:35:03Z_0001_weather","LITTLEMOUNT_KILAMBAKKAM(AT_GRADE_BELOWFLYOVER)_001","Corridor_Littlemount_Kilambakkam",33.10,NULL,16.00,"Cloudy","OK",1971.0,0
38083,"2026-07-28 12:35:05.68834+00","2026-07-28T12:35:03Z_0001_weather","KILAMBAKKAM_LITTLEMOUNT_024","Corridor_Littlemount_Kilambakkam",32.30,NULL,16.00,"Cloudy","OK",1972.4,0
38084,"2026-07-28 12:35:05.68834+00","2026-07-28T12:35:03Z_0001_weather","KILAMBAKKAM_LITTLEMOUNT_015","Corridor_Littlemount_Kilambakkam",33.10,NULL,16.00,"Cloudy","OK",1972.8,0
38085,"2026-07-28 12:35:05.68834+00","2026-07-28T12:35:03Z_0001_weather","KILAMBAKKAM_LITTLEMOUNT_027","Corridor_Littlemount_Kilambakkam",32.30,NULL,16.00,"Cloudy","OK",1972.8,0
38086,"2026-07-28 12:35:05.68834+00","2026-07-28T12:35:03Z_0001_weather","KILAMBAKKAM_LITTLEMOUNT_018","Corridor_Littlemount_Kilambakkam",33.10,NULL,16.00,"Cloudy","OK",1974.8,0
38087,"2026-07-28 12:35:05.68834+00","2026-07-28T12:35:03Z_0001_weather","KILAMBAKKAM_LITTLEMOUNT_022","Corridor_Littlemount_Kilambakkam",33.10,NULL,16.00,"Cloudy","OK",1974.9,0
38088,"2026-07-28 12:35:05.68834+00","2026-07-28T12:35:03Z_0001_weather","KILAMBAKKAM_LITTLEMOUNT_021","Corridor_Littlemount_Kilambakkam",33.10,NULL,16.00,"Cloudy","OK",1975.0,0
38089,"2026-07-28 12:35:05.68834+00","2026-07-28T12:35:03Z_0001_weather","KILAMBAKKAM_LITTLEMOUNT_026","Corridor_Littlemount_Kilambakkam",32.30,NULL,16.00,"Cloudy","OK",1975.1,0
38090,"2026-07-28 12:35:05.68834+00","2026-07-28T12:35:03Z_0001_weather","KILAMBAKKAM_LITTLEMOUNT_029","Corridor_Littlemount_Kilambakkam",32.30,NULL,16.00,"Cloudy","OK",1976.4,0
38091,"2026-07-28 12:35:05.68834+00","2026-07-28T12:35:03Z_0001_weather","KILAMBAKKAM_LITTLEMOUNT_020","Corridor_Littlemount_Kilambakkam",33.10,NULL,16.00,"Cloudy","OK",1976.6,0
38092,"2026-07-28 12:35:05.68834+00","2026-07-28T12:35:03Z_0001_weather","KILAMBAKKAM_LITTLEMOUNT_016","Corridor_Littlemount_Kilambakkam",33.10,NULL,16.00,"Cloudy","OK",1976.8,0
38093,"2026-07-28 12:35:05.68834+00","2026-07-28T12:35:03Z_0001_weather","KILAMBAKKAM_LITTLEMOUNT_013","Corridor_Littlemount_Kilambakkam",33.10,NULL,16.00,"Cloudy","OK",1981.4,0
38094,"2026-07-28 12:35:05.68834+00","2026-07-28T12:35:03Z_0001_weather","KILAMBAKKAM_LITTLEMOUNT_028","Corridor_Littlemount_Kilambakkam",32.30,NULL,16.00,"Cloudy","OK",1977.6,0
38095,"2026-07-28 12:35:05.68834+00","2026-07-28T12:35:03Z_0001_weather","LITTLEMOUNT_KILAMBAKKAM(AT_GRADE_BELOWFLYOVER)_002","Corridor_Littlemount_Kilambakkam",33.10,NULL,16.00,"Cloudy","OK",1987.5,0
38096,"2026-07-28 12:35:05.68834+00","2026-07-28T12:35:03Z_0001_weather","LITTLEMOUNT_KILAMBAKKAM(AT_GRADE_BELOWFLYOVER)_004","Corridor_Littlemount_Kilambakkam",33.10,NULL,16.00,"Cloudy","OK",2223.4,0
38097,"2026-07-28 12:35:05.68834+00","2026-07-28T12:35:03Z_0001_weather","LITTLEMOUNT_KILAMBAKKAM(AT_GRADE_BELOWFLYOVER)_003","Corridor_Littlemount_Kilambakkam",33.10,NULL,16.00,"Cloudy","OK",2223.2,0
38098,"2026-07-28 12:35:05.68834+00","2026-07-28T12:35:03Z_0001_weather","LITTLEMOUNT_KILAMBAKKAM_001","Corridor_Littlemount_Kilambakkam",32.30,NULL,16.00,"Cloudy","OK",2240.6,0
38099,"2026-07-28 12:35:05.68834+00","2026-07-28T12:35:03Z_0001_weather","LITTLEMOUNT_KILAMBAKKAM(AT_GRADE_BELOWFLYOVER)_006","Corridor_Littlemount_Kilambakkam",32.60,NULL,16.00,"Cloudy","OK",2240.8,0
38100,"2026-07-28 12:35:05.68834+00","2026-07-28T12:35:03Z_0001_weather","LITTLEMOUNT_KILAMBAKKAM(AT_GRADE_BELOWFLYOVER)_005","Corridor_Littlemount_Kilambakkam",32.60,NULL,16.00,"Cloudy","OK",2241.9,0
38101,"2026-07-28 12:35:05.68834+00","2026-07-28T12:35:03Z_0001_weather","LITTLEMOUNT_KILAMBAKKAM_006","Corridor_Littlemount_Kilambakkam",32.30,NULL,16.00,"Cloudy","OK",2249.1,0
38102,"2026-07-28 12:35:05.68834+00","2026-07-28T12:35:03Z_0001_weather","LITTLEMOUNT_KILAMBAKKAM_007","Corridor_Littlemount_Kilambakkam",32.30,NULL,16.00,"Cloudy","OK",2249.4,0
38103,"2026-07-28 12:35:05.68834+00","2026-07-28T12:35:03Z_0001_weather","LITTLEMOUNT_KILAMBAKKAM_003","Corridor_Littlemount_Kilambakkam",32.30,NULL,16.00,"Cloudy","OK",2249.4,0
38104,"2026-07-28 12:35:05.68834+00","2026-07-28T12:35:03Z_0001_weather","LITTLEMOUNT_KILAMBAKKAM_004","Corridor_Littlemount_Kilambakkam",32.30,NULL,16.00,"Cloudy","OK",2251.3,0
38105,"2026-07-28 12:35:05.68834+00","2026-07-28T12:35:03Z_0001_weather","LITTLEMOUNT_KILAMBAKKAM_010","Corridor_Littlemount_Kilambakkam",32.30,NULL,16.00,"Cloudy","OK",2251.2,0
38106,"2026-07-28 12:35:05.68834+00","2026-07-28T12:35:03Z_0001_weather","LITTLEMOUNT_KILAMBAKKAM_009","Corridor_Littlemount_Kilambakkam",32.30,NULL,16.00,"Cloudy","OK",2251.3,0
38107,"2026-07-28 12:35:05.68834+00","2026-07-28T12:35:03Z_0001_weather","LITTLEMOUNT_KILAMBAKKAM_005","Corridor_Littlemount_Kilambakkam",32.30,NULL,16.00,"Cloudy","OK",2251.9,0
38108,"2026-07-28 12:35:05.68834+00","2026-07-28T12:35:03Z_0001_weather","LITTLEMOUNT_KILAMBAKKAM_011","Corridor_Littlemount_Kilambakkam",32.30,NULL,16.00,"Cloudy","OK",2257.0,0
38109,"2026-07-28 12:35:05.68834+00","2026-07-28T12:35:03Z_0001_weather","LITTLEMOUNT_KILAMBAKKAM_012","Corridor_Littlemount_Kilambakkam",33.10,NULL,16.00,"Cloudy","OK",2258.1,0
38110,"2026-07-28 12:35:05.68834+00","2026-07-28T12:35:03Z_0001_weather","LITTLEMOUNT_KILAMBAKKAM_008","Corridor_Littlemount_Kilambakkam",32.30,NULL,16.00,"Cloudy","OK",2258.3,0
38111,"2026-07-28 12:35:05.68834+00","2026-07-28T12:35:03Z_0001_weather","LITTLEMOUNT_KILAMBAKKAM_002","Corridor_Littlemount_Kilambakkam",32.30,NULL,16.00,"Cloudy","OK",2258.9,0
38112,"2026-07-28 12:35:05.68834+00","2026-07-28T12:35:03Z_0001_weather","LITTLEMOUNT_KILAMBAKKAM_014","Corridor_Littlemount_Kilambakkam",33.10,NULL,16.00,"Cloudy","OK",2259.1,0
38113,"2026-07-28 12:35:05.68834+00","2026-07-28T12:35:03Z_0001_weather","LITTLEMOUNT_KILAMBAKKAM_013","Corridor_Littlemount_Kilambakkam",33.10,NULL,16.00,"Cloudy","OK",2267.1,0
38114,"2026-07-28 12:35:05.68834+00","2026-07-28T12:35:03Z_0001_weather","LITTLEMOUNT_KILAMBAKKAM_015","Corridor_Littlemount_Kilambakkam",33.10,NULL,16.00,"Cloudy","OK",2272.9,0
38115,"2026-07-28 12:35:05.68834+00","2026-07-28T12:35:03Z_0001_weather","LITTLEMOUNT_KILAMBAKKAM_016","Corridor_Littlemount_Kilambakkam",33.10,NULL,16.00,"Cloudy","OK",2277.2,0
38116,"2026-07-28 12:35:05.68834+00","2026-07-28T12:35:03Z_0001_weather","LITTLEMOUNT_KILAMBAKKAM_017","Corridor_Littlemount_Kilambakkam",33.10,NULL,16.00,"Cloudy","OK",2500.6,0
38117,"2026-07-28 12:35:05.68834+00","2026-07-28T12:35:03Z_0001_weather","LITTLEMOUNT_KILAMBAKKAM_018","Corridor_Littlemount_Kilambakkam",33.10,NULL,16.00,"Cloudy","OK",2501.0,0
38118,"2026-07-28 12:35:05.68834+00","2026-07-28T12:35:03Z_0001_weather","LITTLEMOUNT_KILAMBAKKAM_020","Corridor_Littlemount_Kilambakkam",33.10,NULL,16.00,"Cloudy","OK",2517.1,0
38119,"2026-07-28 12:35:05.68834+00","2026-07-28T12:35:03Z_0001_weather","LITTLEMOUNT_KILAMBAKKAM_019","Corridor_Littlemount_Kilambakkam",33.10,NULL,16.00,"Cloudy","OK",2516.9,0
38120,"2026-07-28 12:35:05.68834+00","2026-07-28T12:35:03Z_0001_weather","LITTLEMOUNT_KILAMBAKKAM_021","Corridor_Littlemount_Kilambakkam",33.10,NULL,16.00,"Cloudy","OK",2521.8,0
38121,"2026-07-28 12:35:05.68834+00","2026-07-28T12:35:03Z_0001_weather","LITTLEMOUNT_KILAMBAKKAM_023","Corridor_Littlemount_Kilambakkam",32.60,NULL,16.00,"Cloudy","OK",2530.3,0
38122,"2026-07-28 12:35:05.68834+00","2026-07-28T12:35:03Z_0001_weather","LITTLEMOUNT_KILAMBAKKAM_029","Corridor_Littlemount_Kilambakkam",32.60,NULL,16.00,"Cloudy","OK",2532.1,0
38123,"2026-07-28 12:35:05.68834+00","2026-07-28T12:35:03Z_0001_weather","LITTLEMOUNT_KILAMBAKKAM_025","Corridor_Littlemount_Kilambakkam",32.60,NULL,16.00,"Cloudy","OK",2532.6,0
38124,"2026-07-28 12:35:05.68834+00","2026-07-28T12:35:03Z_0001_weather","LITTLEMOUNT_KILAMBAKKAM_028","Corridor_Littlemount_Kilambakkam",32.60,NULL,16.00,"Cloudy","OK",2533.5,0
38125,"2026-07-28 12:35:05.68834+00","2026-07-28T12:35:03Z_0001_weather","LITTLEMOUNT_KILAMBAKKAM_024","Corridor_Littlemount_Kilambakkam",32.60,NULL,16.00,"Cloudy","OK",2535.6,0
38126,"2026-07-28 12:35:05.68834+00","2026-07-28T12:35:03Z_0001_weather","LITTLEMOUNT_KILAMBAKKAM_031","Corridor_Littlemount_Kilambakkam",32.60,NULL,16.00,"Cloudy","OK",2533.1,0
38127,"2026-07-28 12:35:05.68834+00","2026-07-28T12:35:03Z_0001_weather","LITTLEMOUNT_KILAMBAKKAM_032","Corridor_Littlemount_Kilambakkam",32.60,NULL,16.00,"Cloudy","OK",2533.5,0
38128,"2026-07-28 12:35:05.68834+00","2026-07-28T12:35:03Z_0001_weather","LITTLEMOUNT_KILAMBAKKAM_027","Corridor_Littlemount_Kilambakkam",32.60,NULL,16.00,"Cloudy","OK",2533.6,0
38129,"2026-07-28 12:35:05.68834+00","2026-07-28T12:35:03Z_0001_weather","LITTLEMOUNT_KILAMBAKKAM_026","Corridor_Littlemount_Kilambakkam",32.60,NULL,16.00,"Cloudy","OK",2533.7,0
38130,"2026-07-28 12:35:05.68834+00","2026-07-28T12:35:03Z_0001_weather","LITTLEMOUNT_KILAMBAKKAM_030","Corridor_Littlemount_Kilambakkam",32.60,NULL,16.00,"Cloudy","OK",2536.4,0
38131,"2026-07-28 12:35:05.68834+00","2026-07-28T12:35:03Z_0001_weather","BROADWAY_KOYEMBEDU_001","EVR Salai",32.60,NULL,16.00,"Cloudy","OK",2537.2,0
38132,"2026-07-28 12:35:05.68834+00","2026-07-28T12:35:03Z_0001_weather","LITTLEMOUNT_KILAMBAKKAM_022","Corridor_Littlemount_Kilambakkam",33.10,NULL,16.00,"Cloudy","OK",2537.5,0
38133,"2026-07-28 12:35:05.68834+00","2026-07-28T12:35:03Z_0001_weather","BROADWAY_KOYEMBEDU_002","EVR Salai",32.60,NULL,16.00,"Cloudy","OK",2559.3,0
38134,"2026-07-28 12:35:05.68834+00","2026-07-28T12:35:03Z_0001_weather","BROADWAY_KOYEMBEDU_003","EVR Salai",32.60,NULL,16.00,"Cloudy","OK",2563.9,0
38135,"2026-07-28 12:35:05.68834+00","2026-07-28T12:35:03Z_0001_weather","BROADWAY_KOYEMBEDU_004","EVR Salai",32.60,NULL,16.00,"Cloudy","OK",2570.0,0
38136,"2026-07-28 12:35:05.68834+00","2026-07-28T12:35:03Z_0001_weather","BROADWAY_KOYEMBEDU_020","EVR Salai",32.60,NULL,16.00,"Cloudy","OK",3262.9,0
38137,"2026-07-28 12:35:05.68834+00","2026-07-28T12:35:03Z_0001_weather","BROADWAY_KOYEMBEDU_013","EVR Salai",32.60,NULL,16.00,"Cloudy","OK",3274.6,0
38138,"2026-07-28 12:35:05.68834+00","2026-07-28T12:35:03Z_0001_weather","BROADWAY_KOYEMBEDU_016","EVR Salai",32.60,NULL,16.00,"Cloudy","OK",3277.4,0
38139,"2026-07-28 12:35:05.68834+00","2026-07-28T12:35:03Z_0001_weather","BROADWAY_KOYEMBEDU_010","EVR Salai",32.60,NULL,16.00,"Cloudy","OK",3278.7,0
38140,"2026-07-28 12:35:05.68834+00","2026-07-28T12:35:03Z_0001_weather","BROADWAY_KOYEMBEDU_018","EVR Salai",32.60,NULL,16.00,"Cloudy","OK",3287.1,0
38141,"2026-07-28 12:35:05.68834+00","2026-07-28T12:35:03Z_0001_weather","BROADWAY_KOYEMBEDU_012","EVR Salai",32.60,NULL,16.00,"Cloudy","OK",3291.3,0
38142,"2026-07-28 12:35:05.68834+00","2026-07-28T12:35:03Z_0001_weather","BROADWAY_KOYEMBEDU_017","EVR Salai",32.60,NULL,16.00,"Cloudy","OK",3290.2,0
38143,"2026-07-28 12:35:05.68834+00","2026-07-28T12:35:03Z_0001_weather","BROADWAY_KOYEMBEDU_019","EVR Salai",32.60,NULL,16.00,"Cloudy","OK",3290.0,0
38144,"2026-07-28 12:35:05.68834+00","2026-07-28T12:35:03Z_0001_weather","BROADWAY_KOYEMBEDU_022","EVR Salai",32.60,NULL,16.00,"Cloudy","OK",3285.7,0
38145,"2026-07-28 12:35:05.68834+00","2026-07-28T12:35:03Z_0001_weather","BROADWAY_KOYEMBEDU_021","EVR Salai",32.60,NULL,16.00,"Cloudy","OK",3292.1,0
38146,"2026-07-28 12:35:05.68834+00","2026-07-28T12:35:03Z_0001_weather","BROADWAY_KOYEMBEDU_014","EVR Salai",32.60,NULL,16.00,"Cloudy","OK",3295.8,0
38147,"2026-07-28 12:35:05.68834+00","2026-07-28T12:35:03Z_0001_weather","BROADWAY_KOYEMBEDU_011","EVR Salai",32.60,NULL,16.00,"Cloudy","OK",3299.8,0
38148,"2026-07-28 12:35:05.68834+00","2026-07-28T12:35:03Z_0001_weather","BROADWAY_KOYEMBEDU_015","EVR Salai",32.60,NULL,16.00,"Cloudy","OK",3318.6,0
38149,"2026-07-28 12:35:05.68834+00","2026-07-28T12:35:03Z_0001_weather","BROADWAY_KOYEMBEDU_025","EVR Salai",32.60,NULL,16.00,"Cloudy","OK",3537.9,0
38150,"2026-07-28 12:35:05.68834+00","2026-07-28T12:35:03Z_0001_weather","KOYEMBEDU_BROADWAY_001","EVR Salai",32.60,NULL,16.00,"Cloudy","OK",3554.9,0
38151,"2026-07-28 12:35:05.68834+00","2026-07-28T12:35:03Z_0001_weather","BROADWAY_KOYEMBEDU_026","EVR Salai",32.60,NULL,16.00,"Cloudy","OK",3555.0,0
38152,"2026-07-28 12:35:05.68834+00","2026-07-28T12:35:03Z_0001_weather","KOYEMBEDU_BROADWAY_002","EVR Salai",32.60,NULL,16.00,"Cloudy","OK",3557.7,0
38153,"2026-07-28 12:35:05.68834+00","2026-07-28T12:35:03Z_0001_weather","KOYEMBEDU_BROADWAY_003","EVR Salai",32.60,NULL,16.00,"Cloudy","OK",3562.6,0
38154,"2026-07-28 12:35:05.68834+00","2026-07-28T12:35:03Z_0001_weather","KOYEMBEDU_BROADWAY_004","EVR Salai",32.60,NULL,16.00,"Cloudy","OK",3567.9,0
38155,"2026-07-28 12:35:05.68834+00","2026-07-28T12:35:03Z_0001_weather","KOYEMBEDU_BROADWAY_005","EVR Salai",32.60,NULL,16.00,"Cloudy","OK",3568.1,0
38156,"2026-07-28 12:35:05.68834+00","2026-07-28T12:35:03Z_0001_weather","KOYEMBEDU_BROADWAY_008","EVR Salai",32.60,NULL,16.00,"Cloudy","OK",3568.5,0
38157,"2026-07-28 12:35:05.68834+00","2026-07-28T12:35:03Z_0001_weather","KOYEMBEDU_BROADWAY_006","EVR Salai",32.60,NULL,16.00,"Cloudy","OK",3571.7,0
38158,"2026-07-28 12:35:05.68834+00","2026-07-28T12:35:03Z_0001_weather","KOYEMBEDU_BROADWAY_009","EVR Salai",32.60,NULL,16.00,"Cloudy","OK",3575.1,0
38159,"2026-07-28 12:35:05.68834+00","2026-07-28T12:35:03Z_0001_weather","KOYEMBEDU_BROADWAY_010","EVR Salai",32.60,NULL,16.00,"Cloudy","OK",3580.6,0
38160,"2026-07-28 12:35:05.68834+00","2026-07-28T12:35:03Z_0001_weather","KOYEMBEDU_BROADWAY_007","EVR Salai",32.60,NULL,16.00,"Cloudy","OK",3575.9,0
38161,"2026-07-28 12:35:05.68834+00","2026-07-28T12:35:03Z_0001_weather","KOYEMBEDU_BROADWAY_011","EVR Salai",32.60,NULL,16.00,"Cloudy","OK",3601.9,0
38162,"2026-07-28 12:35:05.68834+00","2026-07-28T12:35:03Z_0001_weather","BROADWAY_KOYEMBEDU_008","EVR Salai",32.60,NULL,16.00,"Cloudy","OK",3781.1,0
38163,"2026-07-28 12:35:05.68834+00","2026-07-28T12:35:03Z_0001_weather","BROADWAY_KOYEMBEDU_005","EVR Salai",32.60,NULL,16.00,"Cloudy","OK",3781.4,0
38164,"2026-07-28 12:35:05.68834+00","2026-07-28T12:35:03Z_0001_weather","BROADWAY_KOYEMBEDU_006","EVR Salai",32.60,NULL,16.00,"Cloudy","OK",3782.8,0
38165,"2026-07-28 12:35:05.68834+00","2026-07-28T12:35:03Z_0001_weather","BROADWAY_KOYEMBEDU_009","EVR Salai",32.60,NULL,16.00,"Cloudy","OK",3782.1,0
38166,"2026-07-28 12:35:05.68834+00","2026-07-28T12:35:03Z_0001_weather","BROADWAY_KOYEMBEDU_007","EVR Salai",32.60,NULL,16.00,"Cloudy","OK",3782.5,0
38167,"2026-07-28 12:35:05.68834+00","2026-07-28T12:35:03Z_0001_weather","BROADWAY_KOYEMBEDU_024","EVR Salai",32.60,NULL,16.00,"Cloudy","OK",3803.0,0
38168,"2026-07-28 12:35:05.68834+00","2026-07-28T12:35:03Z_0001_weather","BROADWAY_KOYEMBEDU_023","EVR Salai",32.60,NULL,16.00,"Cloudy","OK",3806.7,0
38169,"2026-07-28 12:35:05.68834+00","2026-07-28T12:35:03Z_0001_weather","KOYEMBEDU_BROADWAY_012","EVR Salai",32.60,NULL,16.00,"Cloudy","OK",3820.7,0
38170,"2026-07-28 12:35:05.68834+00","2026-07-28T12:35:03Z_0001_weather","KOYEMBEDU_BROADWAY_013","EVR Salai",32.60,NULL,16.00,"Cloudy","OK",3831.4,0
38171,"2026-07-28 12:35:05.68834+00","2026-07-28T12:35:03Z_0001_weather","KOYEMBEDU_BROADWAY_014","EVR Salai",32.60,NULL,16.00,"Cloudy","OK",3835.6,0
38172,"2026-07-28 12:35:05.68834+00","2026-07-28T12:35:03Z_0001_weather","KOYEMBEDU_BROADWAY_015","EVR Salai",32.60,NULL,16.00,"Cloudy","OK",3836.2,0
38173,"2026-07-28 12:35:05.68834+00","2026-07-28T12:35:03Z_0001_weather","KOYEMBEDU_BROADWAY_016","EVR Salai",32.60,NULL,16.00,"Cloudy","OK",3839.4,0
38174,"2026-07-28 12:35:05.68834+00","2026-07-28T12:35:03Z_0001_weather","KOYEMBEDU_BROADWAY_019","EVR Salai",32.60,NULL,16.00,"Cloudy","OK",3845.6,0
38175,"2026-07-28 12:35:05.68834+00","2026-07-28T12:35:03Z_0001_weather","KOYEMBEDU_BROADWAY_017","EVR Salai",32.60,NULL,16.00,"Cloudy","OK",3845.9,0
38176,"2026-07-28 12:35:05.68834+00","2026-07-28T12:35:03Z_0001_weather","KOYEMBEDU_BROADWAY_018","EVR Salai",32.60,NULL,16.00,"Cloudy","OK",3846.1,0
38177,"2026-07-28 12:35:05.68834+00","2026-07-28T12:35:03Z_0001_weather","KOYEMBEDU_BROADWAY_021","EVR Salai",32.60,NULL,16.00,"Cloudy","OK",3852.4,0
38178,"2026-07-28 12:35:05.68834+00","2026-07-28T12:35:03Z_0001_weather","KOYEMBEDU_BROADWAY_020","EVR Salai",32.60,NULL,16.00,"Cloudy","OK",3858.1,0
38179,"2026-07-28 12:35:05.68834+00","2026-07-28T12:35:03Z_0001_weather","KOYEMBEDU_BROADWAY_022","EVR Salai",32.60,NULL,16.00,"Cloudy","OK",3860.9,0
38180,"2026-07-28 12:35:05.68834+00","2026-07-28T12:35:03Z_0001_weather","KOYEMBEDU_BROADWAY_023","EVR Salai",32.60,NULL,16.00,"Cloudy","OK",3869.9,0
38181,"2026-07-28 12:35:05.68834+00","2026-07-28T12:35:03Z_0001_weather","KOYEMBEDU_BROADWAY_024","EVR Salai",32.60,NULL,16.00,"Cloudy","OK",3879.4,0
38182,"2026-07-28 12:35:05.68834+00","2026-07-28T12:35:03Z_0001_weather","KOYEMBEDU_BROADWAY_025","EVR Salai",32.60,NULL,16.00,"Cloudy","OK",4059.2,0
38183,"2026-07-28 12:35:05.68834+00","2026-07-28T12:35:03Z_0001_weather","GUINDY_TAMBARAM_002","Guindy-Tambaram",32.30,NULL,16.00,"Cloudy","OK",4058.8,0
38184,"2026-07-28 12:35:05.68834+00","2026-07-28T12:35:03Z_0001_weather","GUINDY_TAMBARAM_001","Guindy-Tambaram",32.30,NULL,16.00,"Cloudy","OK",4059.5,0
38185,"2026-07-28 12:35:05.68834+00","2026-07-28T12:35:03Z_0001_weather","GUINDY_TAMBARAM_003","Guindy-Tambaram",32.30,NULL,16.00,"Cloudy","OK",4061.5,0
38186,"2026-07-28 12:35:05.68834+00","2026-07-28T12:35:03Z_0001_weather","KOYEMBEDU_BROADWAY_026","EVR Salai",32.60,NULL,16.00,"Cloudy","OK",4067.9,0
38187,"2026-07-28 12:35:05.68834+00","2026-07-28T12:35:03Z_0001_weather","GUINDY_TAMBARAM_006","Guindy-Tambaram",32.30,NULL,16.00,"Cloudy","OK",4096.3,0
38188,"2026-07-28 12:35:05.68834+00","2026-07-28T12:35:03Z_0001_weather","GUINDY_TAMBARAM_004","Guindy-Tambaram",32.30,NULL,16.00,"Cloudy","OK",4096.2,0
38189,"2026-07-28 12:35:05.68834+00","2026-07-28T12:35:03Z_0001_weather","GUINDY_TAMBARAM_005","Guindy-Tambaram",32.30,NULL,16.00,"Cloudy","OK",4100.8,0
38190,"2026-07-28 12:35:05.68834+00","2026-07-28T12:35:03Z_0001_weather","GUINDY_TAMBARAM_007","Guindy-Tambaram",32.30,NULL,16.00,"Cloudy","OK",4106.8,0
38191,"2026-07-28 12:35:05.68834+00","2026-07-28T12:35:03Z_0001_weather","GUINDY_TAMBARAM_008","Guindy-Tambaram",32.30,NULL,16.00,"Cloudy","OK",4112.8,0
38192,"2026-07-28 12:35:05.68834+00","2026-07-28T12:35:03Z_0001_weather","GUINDY_TAMBARAM_009","Guindy-Tambaram",32.30,NULL,16.00,"Cloudy","OK",4115.3,0
38193,"2026-07-28 12:35:05.68834+00","2026-07-28T12:35:03Z_0001_weather","GUINDY_TAMBARAM_010","Guindy-Tambaram",32.30,NULL,16.00,"Cloudy","OK",4119.4,0
38194,"2026-07-28 12:35:05.68834+00","2026-07-28T12:35:03Z_0001_weather","GUINDY_TAMBARAM_011","Guindy-Tambaram",32.30,NULL,16.00,"Cloudy","OK",4123.6,0
38195,"2026-07-28 12:35:05.68834+00","2026-07-28T12:35:03Z_0001_weather","GUINDY_TAMBARAM_013","Guindy-Tambaram",32.30,NULL,16.00,"Cloudy","OK",4124.4,0
38196,"2026-07-28 12:35:05.68834+00","2026-07-28T12:35:03Z_0001_weather","GUINDY_TAMBARAM_012","Guindy-Tambaram",32.30,NULL,16.00,"Cloudy","OK",4126.0,0
38197,"2026-07-28 12:35:05.68834+00","2026-07-28T12:35:03Z_0001_weather","GUINDY_TAMBARAM_014","Guindy-Tambaram",32.30,NULL,16.00,"Cloudy","OK",4130.9,0
38198,"2026-07-28 12:35:05.68834+00","2026-07-28T12:35:03Z_0001_weather","GUINDY_TAMBARAM_015","Guindy-Tambaram",31.60,NULL,16.00,"Cloudy","OK",4136.1,0
38199,"2026-07-28 12:35:05.68834+00","2026-07-28T12:35:03Z_0001_weather","GUINDY_TAMBARAM_016","Guindy-Tambaram",31.60,NULL,16.00,"Cloudy","OK",4139.1,0
38200,"2026-07-28 12:35:05.68834+00","2026-07-28T12:35:03Z_0001_weather","GUINDY_TAMBARAM_018","Guindy-Tambaram",31.60,NULL,16.00,"Cloudy","OK",4160.2,0
38201,"2026-07-28 12:35:05.68834+00","2026-07-28T12:35:03Z_0001_weather","GUINDY_TAMBARAM_017","Guindy-Tambaram",31.60,NULL,16.00,"Cloudy","OK",4161.2,0
38202,"2026-07-28 12:35:05.68834+00","2026-07-28T12:35:03Z_0001_weather","GUINDY_TAMBARAM_019","Guindy-Tambaram",31.60,NULL,16.00,"Cloudy","OK",4336.2,0
38203,"2026-07-28 12:35:05.68834+00","2026-07-28T12:35:03Z_0001_weather","GUINDY_TAMBARAM_021","Guindy-Tambaram",31.60,NULL,16.00,"Cloudy","OK",4337.3,0
38204,"2026-07-28 12:35:05.68834+00","2026-07-28T12:35:03Z_0001_weather","GUINDY_TAMBARAM_020","Guindy-Tambaram",31.60,NULL,16.00,"Cloudy","OK",4338.6,0
38205,"2026-07-28 12:35:05.68834+00","2026-07-28T12:35:03Z_0001_weather","GUINDY_TAMBARAM_022","Guindy-Tambaram",31.60,NULL,16.00,"Cloudy","OK",4339.5,0
38206,"2026-07-28 12:35:05.68834+00","2026-07-28T12:35:03Z_0001_weather","GUINDY_TAMBARAM_023","Guindy-Tambaram",31.60,NULL,16.00,"Cloudy","OK",4345.6,0
38207,"2026-07-28 12:35:05.68834+00","2026-07-28T12:35:03Z_0001_weather","GUINDY_TAMBARAM_024","Guindy-Tambaram",32.60,NULL,16.00,"Cloudy","OK",4372.5,0
38208,"2026-07-28 12:35:05.68834+00","2026-07-28T12:35:03Z_0001_weather","GUINDY_TAMBARAM_027","Guindy-Tambaram",32.60,NULL,16.00,"Cloudy","OK",4382.3,0
38209,"2026-07-28 12:35:05.68834+00","2026-07-28T12:35:03Z_0001_weather","GUINDY_TAMBARAM_028","Guindy-Tambaram",32.60,NULL,16.00,"Cloudy","OK",4389.7,0
38210,"2026-07-28 12:35:05.68834+00","2026-07-28T12:35:03Z_0001_weather","GUINDY_TAMBARAM_029","Guindy-Tambaram",32.60,NULL,16.00,"Cloudy","OK",4390.4,0
38211,"2026-07-28 12:35:05.68834+00","2026-07-28T12:35:03Z_0001_weather","GUINDY_TAMBARAM_025","Guindy-Tambaram",32.60,NULL,16.00,"Cloudy","OK",4386.2,0
38212,"2026-07-28 12:35:05.68834+00","2026-07-28T12:35:03Z_0001_weather","GUINDY_TAMBARAM_026","Guindy-Tambaram",32.60,NULL,16.00,"Cloudy","OK",4392.2,0
38213,"2026-07-28 12:35:05.68834+00","2026-07-28T12:35:03Z_0001_weather","GUINDY_TAMBARAM_031","Guindy-Tambaram",32.60,NULL,16.00,"Cloudy","OK",4398.1,0
38214,"2026-07-28 12:35:05.68834+00","2026-07-28T12:35:03Z_0001_weather","GUINDY_TAMBARAM_030","Guindy-Tambaram",32.60,NULL,16.00,"Cloudy","OK",4397.3,0
38215,"2026-07-28 12:35:05.68834+00","2026-07-28T12:35:03Z_0001_weather","GUINDY_TAMBARAM_032","Guindy-Tambaram",32.60,NULL,16.00,"Cloudy","OK",4399.3,0
38216,"2026-07-28 12:35:05.68834+00","2026-07-28T12:35:03Z_0001_weather","GUINDY_TAMBARAM_033","Guindy-Tambaram",32.60,NULL,16.00,"Cloudy","OK",4404.0,0
38217,"2026-07-28 12:35:05.68834+00","2026-07-28T12:35:03Z_0001_weather","GUINDY_TAMBARAM_034","Guindy-Tambaram",32.60,NULL,16.00,"Cloudy","OK",4410.4,0
38218,"2026-07-28 12:35:05.68834+00","2026-07-28T12:35:03Z_0001_weather","GUINDY_TAMBARAM_035","Guindy-Tambaram",32.60,NULL,16.00,"Cloudy","OK",4417.5,0
38219,"2026-07-28 12:35:05.68834+00","2026-07-28T12:35:03Z_0001_weather","GUINDY_TAMBARAM_036","Guindy-Tambaram",32.60,NULL,16.00,"Cloudy","OK",4418.3,0
38220,"2026-07-28 12:35:05.68834+00","2026-07-28T12:35:03Z_0001_weather","GUINDY_TAMBARAM_037","Guindy-Tambaram",32.60,NULL,16.00,"Cloudy","OK",4442.8,0
38221,"2026-07-28 12:35:05.68834+00","2026-07-28T12:35:03Z_0001_weather","GUINDY_TAMBARAM_038","Guindy-Tambaram",32.60,NULL,16.00,"Cloudy","OK",4449.5,0
38222,"2026-07-28 12:35:05.68834+00","2026-07-28T12:35:03Z_0001_weather","GUINDY_TAMBARAM_039","Guindy-Tambaram",32.60,NULL,16.00,"Cloudy","OK",4612.2,0
38223,"2026-07-28 12:35:05.68834+00","2026-07-28T12:35:03Z_0001_weather","GUINDY_TAMBARAM_040","Guindy-Tambaram",32.60,NULL,16.00,"Cloudy","OK",4613.1,0
38224,"2026-07-28 12:35:05.68834+00","2026-07-28T12:35:03Z_0001_weather","TAMBARAM_GUINDY_001","Guindy-Tambaram",32.60,NULL,16.00,"Cloudy","OK",4614.6,0
38225,"2026-07-28 12:35:05.68834+00","2026-07-28T12:35:03Z_0001_weather","GUINDY_TAMBARAM_041","Guindy-Tambaram",32.60,NULL,16.00,"Cloudy","OK",4615.7,0
38226,"2026-07-28 12:35:05.68834+00","2026-07-28T12:35:03Z_0001_weather","TAMBARAM_GUINDY_002","Guindy-Tambaram",32.60,NULL,16.00,"Cloudy","OK",4622.0,0
38227,"2026-07-28 12:35:05.68834+00","2026-07-28T12:35:03Z_0001_weather","TAMBARAM_GUINDY_003","Guindy-Tambaram",32.60,NULL,16.00,"Cloudy","OK",4655.2,0
38228,"2026-07-28 12:35:05.68834+00","2026-07-28T12:35:03Z_0001_weather","TAMBARAM_GUINDY_004","Guindy-Tambaram",32.60,NULL,16.00,"Cloudy","OK",4658.5,0
38229,"2026-07-28 12:35:05.68834+00","2026-07-28T12:35:03Z_0001_weather","TAMBARAM_GUINDY_006","Guindy-Tambaram",32.60,NULL,16.00,"Cloudy","OK",4669.9,0
38230,"2026-07-28 12:35:05.68834+00","2026-07-28T12:35:03Z_0001_weather","TAMBARAM_GUINDY_009","Guindy-Tambaram",32.60,NULL,16.00,"Cloudy","OK",4674.9,0
38231,"2026-07-28 12:35:05.68834+00","2026-07-28T12:35:03Z_0001_weather","TAMBARAM_GUINDY_010","Guindy-Tambaram",32.60,NULL,16.00,"Cloudy","OK",4675.1,0
38232,"2026-07-28 12:35:05.68834+00","2026-07-28T12:35:03Z_0001_weather","TAMBARAM_GUINDY_011","Guindy-Tambaram",32.60,NULL,16.00,"Cloudy","OK",4677.0,0
38233,"2026-07-28 12:35:05.68834+00","2026-07-28T12:35:03Z_0001_weather","TAMBARAM_GUINDY_012","Guindy-Tambaram",32.60,NULL,16.00,"Cloudy","OK",4681.3,0
38234,"2026-07-28 12:35:05.68834+00","2026-07-28T12:35:03Z_0001_weather","TAMBARAM_GUINDY_007","Guindy-Tambaram",32.60,NULL,16.00,"Cloudy","OK",4679.2,0
38235,"2026-07-28 12:35:05.68834+00","2026-07-28T12:35:03Z_0001_weather","TAMBARAM_GUINDY_005","Guindy-Tambaram",32.60,NULL,16.00,"Cloudy","OK",4683.2,0
38236,"2026-07-28 12:35:05.68834+00","2026-07-28T12:35:03Z_0001_weather","TAMBARAM_GUINDY_013","Guindy-Tambaram",32.60,NULL,16.00,"Cloudy","OK",4688.4,0
38237,"2026-07-28 12:35:05.68834+00","2026-07-28T12:35:03Z_0001_weather","TAMBARAM_GUINDY_008","Guindy-Tambaram",32.60,NULL,16.00,"Cloudy","OK",4683.5,0
38238,"2026-07-28 12:35:05.68834+00","2026-07-28T12:35:03Z_0001_weather","TAMBARAM_GUINDY_014","Guindy-Tambaram",32.60,NULL,16.00,"Cloudy","OK",4695.1,0
38239,"2026-07-28 12:35:05.68834+00","2026-07-28T12:35:03Z_0001_weather","TAMBARAM_GUINDY_015","Guindy-Tambaram",32.60,NULL,16.00,"Cloudy","OK",4695.6,0
38240,"2026-07-28 12:35:05.68834+00","2026-07-28T12:35:03Z_0001_weather","TAMBARAM_GUINDY_016","Guindy-Tambaram",32.60,NULL,16.00,"Cloudy","OK",4720.6,0
38241,"2026-07-28 12:35:05.68834+00","2026-07-28T12:35:03Z_0001_weather","TAMBARAM_GUINDY_017","Guindy-Tambaram",32.60,NULL,16.00,"Cloudy","OK",4740.8,0
38242,"2026-07-28 12:35:05.68834+00","2026-07-28T12:35:03Z_0001_weather","TAMBARAM_GUINDY_020","Guindy-Tambaram",31.60,NULL,16.00,"Cloudy","OK",4892.6,0
38243,"2026-07-28 12:35:05.68834+00","2026-07-28T12:35:03Z_0001_weather","TAMBARAM_GUINDY_018","Guindy-Tambaram",31.60,NULL,16.00,"Cloudy","OK",4892.9,0
38244,"2026-07-28 12:35:05.68834+00","2026-07-28T12:35:03Z_0001_weather","TAMBARAM_GUINDY_019","Guindy-Tambaram",31.60,NULL,16.00,"Cloudy","OK",4893.5,0
38245,"2026-07-28 12:35:05.68834+00","2026-07-28T12:35:03Z_0001_weather","TAMBARAM_GUINDY_021","Guindy-Tambaram",31.60,NULL,16.00,"Cloudy","OK",4894.8,0
38246,"2026-07-28 12:35:05.68834+00","2026-07-28T12:35:03Z_0001_weather","TAMBARAM_GUINDY_022","Guindy-Tambaram",31.60,NULL,16.00,"Cloudy","OK",4901.7,0
38247,"2026-07-28 12:35:05.68834+00","2026-07-28T12:35:03Z_0001_weather","TAMBARAM_GUINDY_023","Guindy-Tambaram",31.60,NULL,16.00,"Cloudy","OK",4932.6,0
38248,"2026-07-28 12:35:05.68834+00","2026-07-28T12:35:03Z_0001_weather","TAMBARAM_GUINDY_024","Guindy-Tambaram",31.60,NULL,16.00,"Cloudy","OK",4934.8,0
38249,"2026-07-28 12:35:05.68834+00","2026-07-28T12:35:03Z_0001_weather","TAMBARAM_GUINDY_025","Guindy-Tambaram",32.30,NULL,16.00,"Cloudy","OK",4947.5,0
38250,"2026-07-28 12:35:05.68834+00","2026-07-28T12:35:03Z_0001_weather","TAMBARAM_GUINDY_026","Guindy-Tambaram",32.30,NULL,16.00,"Cloudy","OK",4951.6,0
38251,"2026-07-28 12:35:05.68834+00","2026-07-28T12:35:03Z_0001_weather","TAMBARAM_GUINDY_027","Guindy-Tambaram",32.30,NULL,16.00,"Cloudy","OK",4954.2,0
38252,"2026-07-28 12:35:05.68834+00","2026-07-28T12:35:03Z_0001_weather","TAMBARAM_GUINDY_028","Guindy-Tambaram",32.30,NULL,16.00,"Cloudy","OK",4957.8,0
38253,"2026-07-28 12:35:05.68834+00","2026-07-28T12:35:03Z_0001_weather","TAMBARAM_GUINDY_029","Guindy-Tambaram",32.30,NULL,16.00,"Cloudy","OK",4960.5,0
38254,"2026-07-28 12:35:05.68834+00","2026-07-28T12:35:03Z_0001_weather","TAMBARAM_GUINDY_031","Guindy-Tambaram",32.30,NULL,16.00,"Cloudy","OK",4962.5,0
38255,"2026-07-28 12:35:05.68834+00","2026-07-28T12:35:03Z_0001_weather","TAMBARAM_GUINDY_032","Guindy-Tambaram",32.30,NULL,16.00,"Cloudy","OK",4967.6,0
38256,"2026-07-28 12:35:05.68834+00","2026-07-28T12:35:03Z_0001_weather","TAMBARAM_GUINDY_034","Guindy-Tambaram",32.30,NULL,16.00,"Cloudy","OK",4970.9,0
38257,"2026-07-28 12:35:05.68834+00","2026-07-28T12:35:03Z_0001_weather","TAMBARAM_GUINDY_035","Guindy-Tambaram",32.30,NULL,16.00,"Cloudy","OK",4971.1,0
38258,"2026-07-28 12:35:05.68834+00","2026-07-28T12:35:03Z_0001_weather","TAMBARAM_GUINDY_030","Guindy-Tambaram",32.30,NULL,16.00,"Cloudy","OK",4971.5,0
38259,"2026-07-28 12:35:05.68834+00","2026-07-28T12:35:03Z_0001_weather","TAMBARAM_GUINDY_033","Guindy-Tambaram",32.30,NULL,16.00,"Cloudy","OK",4980.7,0
38260,"2026-07-28 12:35:05.68834+00","2026-07-28T12:35:03Z_0001_weather","TAMBARAM_GUINDY_036","Guindy-Tambaram",32.30,NULL,16.00,"Cloudy","OK",5000.1,0
38261,"2026-07-28 12:35:05.68834+00","2026-07-28T12:35:03Z_0001_weather","TAMBARAM_GUINDY_037","Guindy-Tambaram",32.30,NULL,16.00,"Cloudy","OK",5033.8,0
38262,"2026-07-28 12:35:05.68834+00","2026-07-28T12:35:03Z_0001_weather","TAMBARAM_GUINDY_039","Guindy-Tambaram",32.30,NULL,16.00,"Cloudy","OK",5169.3,0
38263,"2026-07-28 12:35:05.68834+00","2026-07-28T12:35:03Z_0001_weather","TAMBARAM_GUINDY_038","Guindy-Tambaram",32.30,NULL,16.00,"Cloudy","OK",5170.9,0
38264,"2026-07-28 12:35:05.68834+00","2026-07-28T12:35:03Z_0001_weather","CENTRAL_PUZHAL_001","Puzhal-Central",32.60,NULL,16.00,"Cloudy","OK",5170.6,0
38265,"2026-07-28 12:35:05.68834+00","2026-07-28T12:35:03Z_0001_weather","CENTRAL_PUZHAL_002","Puzhal-Central",32.60,NULL,16.00,"Cloudy","OK",5176.2,0
38266,"2026-07-28 12:35:05.68834+00","2026-07-28T12:35:03Z_0001_weather","CENTRAL_PUZHAL_003","Puzhal-Central",32.60,NULL,16.00,"Cloudy","OK",5177.9,0
38267,"2026-07-28 12:35:05.68834+00","2026-07-28T12:35:03Z_0001_weather","CENTRAL_PUZHAL_005","Puzhal-Central",32.60,NULL,16.00,"Cloudy","OK",5209.2,0
38268,"2026-07-28 12:35:05.68834+00","2026-07-28T12:35:03Z_0001_weather","CENTRAL_PUZHAL_004","Puzhal-Central",32.60,NULL,16.00,"Cloudy","OK",5210.0,0
38269,"2026-07-28 12:35:05.68834+00","2026-07-28T12:35:03Z_0001_weather","CENTRAL_PUZHAL_006","Puzhal-Central",32.60,NULL,16.00,"Cloudy","OK",5223.8,0
38270,"2026-07-28 12:35:05.68834+00","2026-07-28T12:35:03Z_0001_weather","CENTRAL_PUZHAL_007","Puzhal-Central",32.60,NULL,16.00,"Cloudy","OK",5227.7,0
38271,"2026-07-28 12:35:05.68834+00","2026-07-28T12:35:03Z_0001_weather","CENTRAL_PUZHAL_008","Puzhal-Central",32.60,NULL,16.00,"Cloudy","OK",5230.2,0
38272,"2026-07-28 12:35:05.68834+00","2026-07-28T12:35:03Z_0001_weather","CENTRAL_PUZHAL_009","Puzhal-Central",32.60,NULL,16.00,"Cloudy","OK",5234.7,0
38273,"2026-07-28 12:35:05.68834+00","2026-07-28T12:35:03Z_0001_weather","CENTRAL_PUZHAL_011","Puzhal-Central",32.60,NULL,16.00,"Cloudy","OK",5238.1,0
38274,"2026-07-28 12:35:05.68834+00","2026-07-28T12:35:03Z_0001_weather","CENTRAL_PUZHAL_010","Puzhal-Central",32.60,NULL,16.00,"Cloudy","OK",5240.4,0
38275,"2026-07-28 12:35:05.68834+00","2026-07-28T12:35:03Z_0001_weather","CENTRAL_PUZHAL_012","Puzhal-Central",32.60,NULL,16.00,"Cloudy","OK",5246.0,0
38276,"2026-07-28 12:35:05.68834+00","2026-07-28T12:35:03Z_0001_weather","CENTRAL_PUZHAL_013","Puzhal-Central",32.60,NULL,16.00,"Cloudy","OK",5249.6,0
38277,"2026-07-28 12:35:05.68834+00","2026-07-28T12:35:03Z_0001_weather","CENTRAL_PUZHAL_014","Puzhal-Central",32.60,NULL,16.00,"Cloudy","OK",5250.0,0
38278,"2026-07-28 12:35:05.68834+00","2026-07-28T12:35:03Z_0001_weather","CENTRAL_PUZHAL_015","Puzhal-Central",32.60,NULL,16.00,"Cloudy","OK",5261.2,0
38279,"2026-07-28 12:35:05.68834+00","2026-07-28T12:35:03Z_0001_weather","CENTRAL_PUZHAL_016","Puzhal-Central",32.60,NULL,16.00,"Cloudy","OK",5271.4,0
38280,"2026-07-28 12:35:05.68834+00","2026-07-28T12:35:03Z_0001_weather","CENTRAL_PUZHAL_017","Puzhal-Central",32.60,NULL,16.00,"Cloudy","OK",5282.6,0
38281,"2026-07-28 12:35:05.68834+00","2026-07-28T12:35:03Z_0001_weather","CENTRAL_PUZHAL_018","Puzhal-Central",32.60,NULL,16.00,"Cloudy","OK",5320.6,0
38282,"2026-07-28 12:35:05.68834+00","2026-07-28T12:35:03Z_0001_weather","CENTRAL_PUZHAL_019","Puzhal-Central",32.60,NULL,16.00,"Cloudy","OK",5449.1,0
38283,"2026-07-28 12:35:05.68834+00","2026-07-28T12:35:03Z_0001_weather","CENTRAL_PUZHAL_020","Puzhal-Central",32.60,NULL,16.00,"Cloudy","OK",5450.2,0
38284,"2026-07-28 12:35:05.68834+00","2026-07-28T12:35:03Z_0001_weather","CENTRAL_PUZHAL_021","Puzhal-Central",32.60,NULL,16.00,"Cloudy","OK",5452.7,0
38285,"2026-07-28 12:35:05.68834+00","2026-07-28T12:35:03Z_0001_weather","CENTRAL_PUZHAL_023","Puzhal-Central",32.60,NULL,16.00,"Cloudy","OK",5453.7,0
38286,"2026-07-28 12:35:05.68834+00","2026-07-28T12:35:03Z_0001_weather","CENTRAL_PUZHAL_022","Puzhal-Central",32.60,NULL,16.00,"Cloudy","OK",5454.4,0
38287,"2026-07-28 12:35:05.68834+00","2026-07-28T12:35:03Z_0001_weather","CENTRAL_PUZHAL_024","Puzhal-Central",32.60,NULL,16.00,"Cloudy","OK",5485.5,0
38288,"2026-07-28 12:35:05.68834+00","2026-07-28T12:35:03Z_0001_weather","CENTRAL_PUZHAL_025","Puzhal-Central",32.60,NULL,16.00,"Cloudy","OK",5491.2,0
38289,"2026-07-28 12:35:05.68834+00","2026-07-28T12:35:03Z_0001_weather","CENTRAL_PUZHAL_026","Puzhal-Central",32.60,NULL,16.00,"Cloudy","OK",5501.8,0
38290,"2026-07-28 12:35:05.68834+00","2026-07-28T12:35:03Z_0001_weather","CENTRAL_PUZHAL_027","Puzhal-Central",32.60,NULL,16.00,"Cloudy","OK",5504.5,0
38291,"2026-07-28 12:35:05.68834+00","2026-07-28T12:35:03Z_0001_weather","CENTRAL_PUZHAL_ATGRADE_001","Puzhal-Central",32.60,NULL,16.00,"Cloudy","OK",5508.5,0
38292,"2026-07-28 12:35:05.68834+00","2026-07-28T12:35:03Z_0001_weather","CENTRAL_PUZHAL_ATGRADE_002","Puzhal-Central",32.60,NULL,16.00,"Cloudy","OK",5511.9,0
38293,"2026-07-28 12:35:05.68834+00","2026-07-28T12:35:03Z_0001_weather","CENTRAL_PUZHAL_ATGRADE_003","Puzhal-Central",32.60,NULL,16.00,"Cloudy","OK",5516.8,0
38294,"2026-07-28 12:35:05.68834+00","2026-07-28T12:35:03Z_0001_weather","CENTRAL_PUZHAL_ATGRADE_004","Puzhal-Central",32.60,NULL,16.00,"Cloudy","OK",5518.0,0
38295,"2026-07-28 12:35:05.68834+00","2026-07-28T12:35:03Z_0001_weather","PUZHAL_CENTRAL_001","Puzhal-Central",32.60,NULL,16.00,"Cloudy","OK",5525.8,0
38296,"2026-07-28 12:35:05.68834+00","2026-07-28T12:35:03Z_0001_weather","PUZHAL_CENTRAL_002","Puzhal-Central",32.60,NULL,16.00,"Cloudy","OK",5526.4,0
38297,"2026-07-28 12:35:05.68834+00","2026-07-28T12:35:03Z_0001_weather","PUZHAL_CENTRAL_003","Puzhal-Central",32.60,NULL,16.00,"Cloudy","OK",5528.2,0
38298,"2026-07-28 12:35:05.68834+00","2026-07-28T12:35:03Z_0001_weather","PUZHAL_CENTRAL_004","Puzhal-Central",32.60,NULL,16.00,"Cloudy","OK",5555.1,0
38299,"2026-07-28 12:35:05.68834+00","2026-07-28T12:35:03Z_0001_weather","PUZHAL_CENTRAL_006","Puzhal-Central",32.60,NULL,16.00,"Cloudy","OK",5562.6,0
38300,"2026-07-28 12:35:05.68834+00","2026-07-28T12:35:03Z_0001_weather","PUZHAL_CENTRAL_005","Puzhal-Central",32.60,NULL,16.00,"Cloudy","OK",5562.7,0
38301,"2026-07-28 12:35:05.68834+00","2026-07-28T12:35:03Z_0001_weather","PUZHAL_CENTRAL_007","Puzhal-Central",32.60,NULL,16.00,"Cloudy","OK",5613.0,0
38302,"2026-07-28 12:35:05.68834+00","2026-07-28T12:35:03Z_0001_weather","PUZHAL_CENTRAL_008","Puzhal-Central",32.60,NULL,16.00,"Cloudy","OK",5728.1,0
38303,"2026-07-28 12:35:05.68834+00","2026-07-28T12:35:03Z_0001_weather","PUZHAL_CENTRAL_009","Puzhal-Central",32.60,NULL,16.00,"Cloudy","OK",5729.7,0
38304,"2026-07-28 12:35:05.68834+00","2026-07-28T12:35:03Z_0001_weather","PUZHAL_CENTRAL_011","Puzhal-Central",32.60,NULL,16.00,"Cloudy","OK",5730.5,0
38305,"2026-07-28 12:35:05.68834+00","2026-07-28T12:35:03Z_0001_weather","PUZHAL_CENTRAL_010","Puzhal-Central",32.60,NULL,16.00,"Cloudy","OK",5731.0,0
38306,"2026-07-28 12:35:05.68834+00","2026-07-28T12:35:03Z_0001_weather","PUZHAL_CENTRAL_012","Puzhal-Central",32.60,NULL,16.00,"Cloudy","OK",5732.4,0
38307,"2026-07-28 12:35:05.68834+00","2026-07-28T12:35:03Z_0001_weather","PUZHAL_CENTRAL_013","Puzhal-Central",32.60,NULL,16.00,"Cloudy","OK",5761.3,0
38308,"2026-07-28 12:35:05.68834+00","2026-07-28T12:35:03Z_0001_weather","PUZHAL_CENTRAL_014","Puzhal-Central",32.60,NULL,16.00,"Cloudy","OK",5772.5,0
38309,"2026-07-28 12:35:05.68834+00","2026-07-28T12:35:03Z_0001_weather","PUZHAL_CENTRAL_015","Puzhal-Central",32.60,NULL,16.00,"Cloudy","OK",5779.3,0
38310,"2026-07-28 12:35:05.68834+00","2026-07-28T12:35:03Z_0001_weather","PUZHAL_CENTRAL_016","Puzhal-Central",32.60,NULL,16.00,"Cloudy","OK",5780.0,0
38311,"2026-07-28 12:35:05.68834+00","2026-07-28T12:35:03Z_0001_weather","PUZHAL_CENTRAL_017","Puzhal-Central",32.60,NULL,16.00,"Cloudy","OK",5785.7,0
38312,"2026-07-28 12:35:05.68834+00","2026-07-28T12:35:03Z_0001_weather","PUZHAL_CENTRAL_018","Puzhal-Central",32.60,NULL,16.00,"Cloudy","OK",5791.6,0
38313,"2026-07-28 12:35:05.68834+00","2026-07-28T12:35:03Z_0001_weather","PUZHAL_CENTRAL_019","Puzhal-Central",32.60,NULL,16.00,"Cloudy","OK",5794.5,0
38314,"2026-07-28 12:35:05.68834+00","2026-07-28T12:35:03Z_0001_weather","PUZHAL_CENTRAL_020","Puzhal-Central",32.60,NULL,16.00,"Cloudy","OK",5797.6,0
38315,"2026-07-28 12:35:05.68834+00","2026-07-28T12:35:03Z_0001_weather","PUZHAL_CENTRAL_021","Puzhal-Central",32.60,NULL,16.00,"Cloudy","OK",5805.4,0
38316,"2026-07-28 12:35:05.68834+00","2026-07-28T12:35:03Z_0001_weather","PUZHAL_CENTRAL_023","Puzhal-Central",32.60,NULL,16.00,"Cloudy","OK",5805.6,0
38317,"2026-07-28 12:35:05.68834+00","2026-07-28T12:35:03Z_0001_weather","PUZHAL_CENTRAL_022","Puzhal-Central",32.60,NULL,16.00,"Cloudy","OK",5805.6,0
38318,"2026-07-28 12:35:05.68834+00","2026-07-28T12:35:03Z_0001_weather","PUZHAL_CENTRAL_025","Puzhal-Central",32.60,NULL,16.00,"Cloudy","OK",5842.2,0
38319,"2026-07-28 12:35:05.68834+00","2026-07-28T12:35:03Z_0001_weather","PUZHAL_CENTRAL_024","Puzhal-Central",32.60,NULL,16.00,"Cloudy","OK",5846.0,0
38320,"2026-07-28 12:35:05.68834+00","2026-07-28T12:35:03Z_0001_weather","PUZHAL_CENTRAL_026","Puzhal-Central",32.60,NULL,16.00,"Cloudy","OK",5858.2,0
38321,"2026-07-28 12:35:05.68834+00","2026-07-28T12:35:03Z_0001_weather","PUZHAL_CENTRAL_027","Puzhal-Central",32.60,NULL,16.00,"Cloudy","OK",5906.4,0
38322,"2026-07-28 12:35:05.68834+00","2026-07-28T12:35:03Z_0001_weather","PUZHAL_CENTRAL_ATGRADE_001","Puzhal-Central",32.60,NULL,16.00,"Cloudy","OK",6007.2,0
38323,"2026-07-28 12:35:05.68834+00","2026-07-28T12:35:03Z_0001_weather","PUZHAL_CENTRAL_ATGRADE_004","Puzhal-Central",32.60,NULL,16.00,"Cloudy","OK",6007.0,0
38324,"2026-07-28 12:35:05.68834+00","2026-07-28T12:35:03Z_0001_weather","PUZHAL_CENTRAL_ATGRADE_003","Puzhal-Central",32.60,NULL,16.00,"Cloudy","OK",6008.2,0
38325,"2026-07-28 12:35:05.68834+00","2026-07-28T12:35:03Z_0001_weather","PUZHAL_CENTRAL_ATGRADE_002","Puzhal-Central",32.60,NULL,16.00,"Cloudy","OK",6010.9,0
38326,"2026-07-28 12:35:05.68834+00","2026-07-28T12:35:03Z_0001_weather","PUZHAL_CENTRAL_ATGRADE_005","Puzhal-Central",32.60,NULL,16.00,"Cloudy","OK",6013.6,0
38327,"2026-07-28 12:35:05.68834+00","2026-07-28T12:35:03Z_0001_weather","PALLAVARAM_THORAIPAKKAM_001","Thoraipakkam-Pallavaram",33.10,NULL,16.00,"Cloudy","OK",6038.2,0
38328,"2026-07-28 12:35:05.68834+00","2026-07-28T12:35:03Z_0001_weather","PALLAVARAM_THORAIPAKKAM_002","Thoraipakkam-Pallavaram",33.10,NULL,16.00,"Cloudy","OK",6049.5,0
38329,"2026-07-28 12:35:05.68834+00","2026-07-28T12:35:03Z_0001_weather","PALLAVARAM_THORAIPAKKAM_004","Thoraipakkam-Pallavaram",33.10,NULL,16.00,"Cloudy","OK",6053.7,0
38330,"2026-07-28 12:35:05.68834+00","2026-07-28T12:35:03Z_0001_weather","PALLAVARAM_THORAIPAKKAM_003","Thoraipakkam-Pallavaram",33.10,NULL,16.00,"Cloudy","OK",6054.5,0
38331,"2026-07-28 12:35:05.68834+00","2026-07-28T12:35:03Z_0001_weather","PALLAVARAM_THORAIPAKKAM_005","Thoraipakkam-Pallavaram",33.10,NULL,16.00,"Cloudy","OK",6062.4,0
38332,"2026-07-28 12:35:05.68834+00","2026-07-28T12:35:03Z_0001_weather","PALLAVARAM_THORAIPAKKAM_007","Thoraipakkam-Pallavaram",32.30,NULL,16.00,"Cloudy","OK",6069.1,0
38333,"2026-07-28 12:35:05.68834+00","2026-07-28T12:35:03Z_0001_weather","PALLAVARAM_THORAIPAKKAM_006","Thoraipakkam-Pallavaram",32.30,NULL,16.00,"Cloudy","OK",6069.4,0
38334,"2026-07-28 12:35:05.68834+00","2026-07-28T12:35:03Z_0001_weather","PALLAVARAM_THORAIPAKKAM_008","Thoraipakkam-Pallavaram",32.30,NULL,16.00,"Cloudy","OK",6074.9,0
38335,"2026-07-28 12:35:05.68834+00","2026-07-28T12:35:03Z_0001_weather","PALLAVARAM_THORAIPAKKAM_AT_GRADE_001","Thoraipakkam-Pallavaram",33.10,NULL,16.00,"Cloudy","OK",6082.4,0
38336,"2026-07-28 12:35:05.68834+00","2026-07-28T12:35:03Z_0001_weather","PALLAVARAM_THORAIPAKKAM_009","Thoraipakkam-Pallavaram",32.30,NULL,16.00,"Cloudy","OK",6083.8,0
38337,"2026-07-28 12:35:05.68834+00","2026-07-28T12:35:03Z_0001_weather","PALLAVARAM_THORAIPAKKAM_010","Thoraipakkam-Pallavaram",32.30,NULL,16.00,"Cloudy","OK",6082.7,0
38338,"2026-07-28 12:35:05.68834+00","2026-07-28T12:35:03Z_0001_weather","PALLAVARAM_THORAIPAKKAM_AT_GRADE_002","Thoraipakkam-Pallavaram",33.10,NULL,16.00,"Cloudy","OK",6123.9,0
38339,"2026-07-28 12:35:05.68834+00","2026-07-28T12:35:03Z_0001_weather","THORAIPAKKAM_PALLAVARM_001","Thoraipakkam-Pallavaram",32.30,NULL,16.00,"Cloudy","OK",6136.7,0
38340,"2026-07-28 12:35:05.68834+00","2026-07-28T12:35:03Z_0001_weather","THORAIPAKKAM_PALLAVARM_002","Thoraipakkam-Pallavaram",32.30,NULL,16.00,"Cloudy","OK",6150.1,0
38341,"2026-07-28 12:35:05.68834+00","2026-07-28T12:35:03Z_0001_weather","THORAIPAKKAM_PALLAVARM_003","Thoraipakkam-Pallavaram",32.30,NULL,16.00,"Cloudy","OK",6193.4,0
38342,"2026-07-28 12:35:05.68834+00","2026-07-28T12:35:03Z_0001_weather","THORAIPAKKAM_PALLAVARM_006","Thoraipakkam-Pallavaram",33.10,NULL,16.00,"Cloudy","OK",6284.8,0
38343,"2026-07-28 12:35:05.68834+00","2026-07-28T12:35:03Z_0001_weather","THORAIPAKKAM_PALLAVARM_004","Thoraipakkam-Pallavaram",32.30,NULL,16.00,"Cloudy","OK",6285.0,0
38344,"2026-07-28 12:35:05.68834+00","2026-07-28T12:35:03Z_0001_weather","THORAIPAKKAM_PALLAVARM_005","Thoraipakkam-Pallavaram",32.30,NULL,16.00,"Cloudy","OK",6285.7,0
38345,"2026-07-28 12:35:05.68834+00","2026-07-28T12:35:03Z_0001_weather","THORAIPAKKAM_PALLAVARM_008","Thoraipakkam-Pallavaram",33.10,NULL,16.00,"Cloudy","OK",6291.2,0
38346,"2026-07-28 12:35:05.68834+00","2026-07-28T12:35:03Z_0001_weather","THORAIPAKKAM_PALLAVARM_007","Thoraipakkam-Pallavaram",33.10,NULL,16.00,"Cloudy","OK",6291.2,0
38347,"2026-07-28 12:35:05.68834+00","2026-07-28T12:35:03Z_0001_weather","THORAIPAKKAM_PALLAVARM_009","Thoraipakkam-Pallavaram",33.10,NULL,16.00,"Cloudy","OK",6328.2,0
38348,"2026-07-28 12:35:05.68834+00","2026-07-28T12:35:03Z_0001_weather","THORAIPAKKAM_PALLAVARM_010","Thoraipakkam-Pallavaram",33.10,NULL,16.00,"Cloudy","OK",6329.0,0
38349,"2026-07-28 12:35:05.68834+00","2026-07-28T12:35:03Z_0001_weather","THORAIPAKKAM_PALLAVARM_AT_GRADE_002","Thoraipakkam-Pallavaram",33.10,NULL,16.00,"Cloudy","OK",6343.5,0
38350,"2026-07-28 12:35:05.68834+00","2026-07-28T12:35:03Z_0001_weather","THORAIPAKKAM_PALLAVARM_AT_GRADE_001","Thoraipakkam-Pallavaram",33.10,NULL,16.00,"Cloudy","OK",6344.6,0
38351,"2026-07-28 15:35:05.175501+00","2026-07-28T15:35:03Z_0001_weather","KILAMBAKKAM_LITTLEMOUNT(AT_GRADE_BELOWFLYOVER)_004","Corridor_Littlemount_Kilambakkam",30.90,NULL,16.00,"Cloudy","OK",1716.4,0
38352,"2026-07-28 15:35:05.175501+00","2026-07-28T15:35:03Z_0001_weather","KILAMBAKKAM_LITTLEMOUNT_002","Corridor_Littlemount_Kilambakkam",30.80,NULL,16.00,"Light thunderstorms and rain","OK",1716.0,0
38353,"2026-07-28 15:35:05.175501+00","2026-07-28T15:35:03Z_0001_weather","KILAMBAKKAM_LITTLEMOUNT(AT_GRADE_BELOWFLYOVER)_002","Corridor_Littlemount_Kilambakkam",30.90,NULL,16.00,"Cloudy","OK",1718.5,0
38354,"2026-07-28 15:35:05.175501+00","2026-07-28T15:35:03Z_0001_weather","KILAMBAKKAM_LITTLEMOUNT_005","Corridor_Littlemount_Kilambakkam",30.80,NULL,16.00,"Light thunderstorms and rain","OK",1718.2,0
38355,"2026-07-28 15:35:05.175501+00","2026-07-28T15:35:03Z_0001_weather","KILAMBAKKAM_LITTLEMOUNT_007","Corridor_Littlemount_Kilambakkam",30.80,NULL,16.00,"Light thunderstorms and rain","OK",1718.7,0
38356,"2026-07-28 15:35:05.175501+00","2026-07-28T15:35:03Z_0001_weather","KILAMBAKKAM_LITTLEMOUNT_009","Corridor_Littlemount_Kilambakkam",30.80,NULL,16.00,"Light thunderstorms and rain","OK",1721.4,0
38357,"2026-07-28 15:35:05.175501+00","2026-07-28T15:35:03Z_0001_weather","KILAMBAKKAM_LITTLEMOUNT(AT_GRADE_BELOWFLYOVER)_008","Corridor_Littlemount_Kilambakkam",30.80,NULL,16.00,"Light thunderstorms and rain","OK",1718.1,0
38358,"2026-07-28 15:35:05.175501+00","2026-07-28T15:35:03Z_0001_weather","KILAMBAKKAM_LITTLEMOUNT_004","Corridor_Littlemount_Kilambakkam",30.80,NULL,16.00,"Light thunderstorms and rain","OK",1725.1,0
38359,"2026-07-28 15:35:05.175501+00","2026-07-28T15:35:03Z_0001_weather","KILAMBAKKAM_LITTLEMOUNT_008","Corridor_Littlemount_Kilambakkam",30.80,NULL,16.00,"Light thunderstorms and rain","OK",1726.8,0
38360,"2026-07-28 15:35:05.175501+00","2026-07-28T15:35:03Z_0001_weather","KILAMBAKKAM_LITTLEMOUNT(AT_GRADE_BELOWFLYOVER)_006","Corridor_Littlemount_Kilambakkam",30.90,NULL,16.00,"Cloudy","OK",1728.3,0
38361,"2026-07-28 15:35:05.175501+00","2026-07-28T15:35:03Z_0001_weather","KILAMBAKKAM_LITTLEMOUNT_001","Corridor_Littlemount_Kilambakkam",30.80,NULL,16.00,"Light thunderstorms and rain","OK",1728.1,0
38362,"2026-07-28 15:35:05.175501+00","2026-07-28T15:35:03Z_0001_weather","KILAMBAKKAM_LITTLEMOUNT(AT_GRADE_BELOWFLYOVER)_003","Corridor_Littlemount_Kilambakkam",30.90,NULL,16.00,"Cloudy","OK",1729.4,0
38363,"2026-07-28 15:35:05.175501+00","2026-07-28T15:35:03Z_0001_weather","KILAMBAKKAM_LITTLEMOUNT_003","Corridor_Littlemount_Kilambakkam",30.80,NULL,16.00,"Light thunderstorms and rain","OK",1729.2,0
38364,"2026-07-28 15:35:05.175501+00","2026-07-28T15:35:03Z_0001_weather","KILAMBAKKAM_LITTLEMOUNT(AT_GRADE_BELOWFLYOVER)_009","Corridor_Littlemount_Kilambakkam",30.80,NULL,16.00,"Light thunderstorms and rain","OK",1726.4,0
38365,"2026-07-28 15:35:05.175501+00","2026-07-28T15:35:03Z_0001_weather","KILAMBAKKAM_LITTLEMOUNT(AT_GRADE_BELOWFLYOVER)_005","Corridor_Littlemount_Kilambakkam",30.90,NULL,16.00,"Cloudy","OK",1733.6,0
38366,"2026-07-28 15:35:05.175501+00","2026-07-28T15:35:03Z_0001_weather","KILAMBAKKAM_LITTLEMOUNT_010","Corridor_Littlemount_Kilambakkam",30.80,NULL,16.00,"Light thunderstorms and rain","OK",1735.2,0
38367,"2026-07-28 15:35:05.175501+00","2026-07-28T15:35:03Z_0001_weather","KILAMBAKKAM_LITTLEMOUNT_006","Corridor_Littlemount_Kilambakkam",30.80,NULL,16.00,"Light thunderstorms and rain","OK",1736.0,0
38368,"2026-07-28 15:35:05.175501+00","2026-07-28T15:35:03Z_0001_weather","KILAMBAKKAM_LITTLEMOUNT_011","Corridor_Littlemount_Kilambakkam",30.90,NULL,16.00,"Cloudy","OK",1720.0,0
38369,"2026-07-28 15:35:05.175501+00","2026-07-28T15:35:03Z_0001_weather","KILAMBAKKAM_LITTLEMOUNT(AT_GRADE_BELOWFLYOVER)_007","Corridor_Littlemount_Kilambakkam",30.90,NULL,16.00,"Cloudy","OK",1732.2,0
38370,"2026-07-28 15:35:05.175501+00","2026-07-28T15:35:03Z_0001_weather","KILAMBAKKAM_LITTLEMOUNT(AT_GRADE_BELOWFLYOVER)_001","Corridor_Littlemount_Kilambakkam",30.90,NULL,16.00,"Cloudy","OK",1742.4,0
38371,"2026-07-28 15:35:05.175501+00","2026-07-28T15:35:03Z_0001_weather","KILAMBAKKAM_LITTLEMOUNT_012","Corridor_Littlemount_Kilambakkam",30.90,NULL,16.00,"Cloudy","OK",1991.5,0
38372,"2026-07-28 15:35:05.175501+00","2026-07-28T15:35:03Z_0001_weather","KILAMBAKKAM_LITTLEMOUNT_013","Corridor_Littlemount_Kilambakkam",30.90,NULL,16.00,"Cloudy","OK",1993.4,0
38373,"2026-07-28 15:35:05.175501+00","2026-07-28T15:35:03Z_0001_weather","KILAMBAKKAM_LITTLEMOUNT_016","Corridor_Littlemount_Kilambakkam",30.90,NULL,16.00,"Cloudy","OK",1995.0,0
38374,"2026-07-28 15:35:05.175501+00","2026-07-28T15:35:03Z_0001_weather","KILAMBAKKAM_LITTLEMOUNT_014","Corridor_Littlemount_Kilambakkam",30.90,NULL,16.00,"Cloudy","OK",1995.8,0
38375,"2026-07-28 15:35:05.175501+00","2026-07-28T15:35:03Z_0001_weather","KILAMBAKKAM_LITTLEMOUNT_015","Corridor_Littlemount_Kilambakkam",30.90,NULL,16.00,"Cloudy","OK",1998.6,0
38376,"2026-07-28 15:35:05.175501+00","2026-07-28T15:35:03Z_0001_weather","KILAMBAKKAM_LITTLEMOUNT_017","Corridor_Littlemount_Kilambakkam",30.90,NULL,16.00,"Cloudy","OK",1999.8,0
38377,"2026-07-28 15:35:05.175501+00","2026-07-28T15:35:03Z_0001_weather","KILAMBAKKAM_LITTLEMOUNT_020","Corridor_Littlemount_Kilambakkam",30.90,NULL,16.00,"Cloudy","OK",2003.4,0
38378,"2026-07-28 15:35:05.175501+00","2026-07-28T15:35:03Z_0001_weather","KILAMBAKKAM_LITTLEMOUNT_019","Corridor_Littlemount_Kilambakkam",30.90,NULL,16.00,"Cloudy","OK",2004.3,0
38379,"2026-07-28 15:35:05.175501+00","2026-07-28T15:35:03Z_0001_weather","KILAMBAKKAM_LITTLEMOUNT_021","Corridor_Littlemount_Kilambakkam",30.90,NULL,16.00,"Cloudy","OK",2004.8,0
38380,"2026-07-28 15:35:05.175501+00","2026-07-28T15:35:03Z_0001_weather","KILAMBAKKAM_LITTLEMOUNT_024","Corridor_Littlemount_Kilambakkam",30.80,NULL,16.00,"Cloudy","OK",2008.1,0
38381,"2026-07-28 15:35:05.175501+00","2026-07-28T15:35:03Z_0001_weather","KILAMBAKKAM_LITTLEMOUNT_022","Corridor_Littlemount_Kilambakkam",30.90,NULL,16.00,"Cloudy","OK",2008.9,0
38382,"2026-07-28 15:35:05.175501+00","2026-07-28T15:35:03Z_0001_weather","KILAMBAKKAM_LITTLEMOUNT_026","Corridor_Littlemount_Kilambakkam",30.80,NULL,16.00,"Cloudy","OK",2010.4,0
38383,"2026-07-28 15:35:05.175501+00","2026-07-28T15:35:03Z_0001_weather","KILAMBAKKAM_LITTLEMOUNT_023","Corridor_Littlemount_Kilambakkam",30.80,NULL,16.00,"Cloudy","OK",2012.8,0
38384,"2026-07-28 15:35:05.175501+00","2026-07-28T15:35:03Z_0001_weather","KILAMBAKKAM_LITTLEMOUNT_029","Corridor_Littlemount_Kilambakkam",30.80,NULL,16.00,"Cloudy","OK",2013.3,0
38385,"2026-07-28 15:35:05.175501+00","2026-07-28T15:35:03Z_0001_weather","KILAMBAKKAM_LITTLEMOUNT_027","Corridor_Littlemount_Kilambakkam",30.80,NULL,16.00,"Cloudy","OK",2016.2,0
38386,"2026-07-28 15:35:05.175501+00","2026-07-28T15:35:03Z_0001_weather","KILAMBAKKAM_LITTLEMOUNT_018","Corridor_Littlemount_Kilambakkam",30.90,NULL,16.00,"Cloudy","OK",2009.3,0
38387,"2026-07-28 15:35:05.175501+00","2026-07-28T15:35:03Z_0001_weather","KILAMBAKKAM_LITTLEMOUNT_025","Corridor_Littlemount_Kilambakkam",30.80,NULL,16.00,"Cloudy","OK",2014.9,0
38388,"2026-07-28 15:35:05.175501+00","2026-07-28T15:35:03Z_0001_weather","KILAMBAKKAM_LITTLEMOUNT_028","Corridor_Littlemount_Kilambakkam",30.80,NULL,16.00,"Cloudy","OK",2022.5,0
38389,"2026-07-28 15:35:05.175501+00","2026-07-28T15:35:03Z_0001_weather","LITTLEMOUNT_KILAMBAKKAM(AT_GRADE_BELOWFLYOVER)_001","Corridor_Littlemount_Kilambakkam",30.90,NULL,16.00,"Cloudy","OK",2029.4,0
38390,"2026-07-28 15:35:05.175501+00","2026-07-28T15:35:03Z_0001_weather","LITTLEMOUNT_KILAMBAKKAM(AT_GRADE_BELOWFLYOVER)_002","Corridor_Littlemount_Kilambakkam",30.90,NULL,16.00,"Cloudy","OK",2037.3,0
38391,"2026-07-28 15:35:05.175501+00","2026-07-28T15:35:03Z_0001_weather","LITTLEMOUNT_KILAMBAKKAM(AT_GRADE_BELOWFLYOVER)_003","Corridor_Littlemount_Kilambakkam",30.90,NULL,16.00,"Cloudy","OK",2263.6,0
38392,"2026-07-28 15:35:05.175501+00","2026-07-28T15:35:03Z_0001_weather","LITTLEMOUNT_KILAMBAKKAM(AT_GRADE_BELOWFLYOVER)_004","Corridor_Littlemount_Kilambakkam",30.90,NULL,16.00,"Cloudy","OK",2270.2,0
38393,"2026-07-28 15:35:05.175501+00","2026-07-28T15:35:03Z_0001_weather","LITTLEMOUNT_KILAMBAKKAM(AT_GRADE_BELOWFLYOVER)_005","Corridor_Littlemount_Kilambakkam",30.80,NULL,16.00,"Light thunderstorms and rain","OK",2271.0,0
38394,"2026-07-28 15:35:05.175501+00","2026-07-28T15:35:03Z_0001_weather","LITTLEMOUNT_KILAMBAKKAM(AT_GRADE_BELOWFLYOVER)_006","Corridor_Littlemount_Kilambakkam",30.80,NULL,16.00,"Light thunderstorms and rain","OK",2272.7,0
38395,"2026-07-28 15:35:05.175501+00","2026-07-28T15:35:03Z_0001_weather","LITTLEMOUNT_KILAMBAKKAM_002","Corridor_Littlemount_Kilambakkam",30.80,NULL,16.00,"Cloudy","OK",2276.3,0
38396,"2026-07-28 15:35:05.175501+00","2026-07-28T15:35:03Z_0001_weather","LITTLEMOUNT_KILAMBAKKAM_001","Corridor_Littlemount_Kilambakkam",30.80,NULL,16.00,"Cloudy","OK",2276.8,0
38397,"2026-07-28 15:35:05.175501+00","2026-07-28T15:35:03Z_0001_weather","LITTLEMOUNT_KILAMBAKKAM_003","Corridor_Littlemount_Kilambakkam",30.80,NULL,16.00,"Cloudy","OK",2277.4,0
38398,"2026-07-28 15:35:05.175501+00","2026-07-28T15:35:03Z_0001_weather","LITTLEMOUNT_KILAMBAKKAM_005","Corridor_Littlemount_Kilambakkam",30.80,NULL,16.00,"Cloudy","OK",2279.7,0
38399,"2026-07-28 15:35:05.175501+00","2026-07-28T15:35:03Z_0001_weather","LITTLEMOUNT_KILAMBAKKAM_004","Corridor_Littlemount_Kilambakkam",30.80,NULL,16.00,"Cloudy","OK",2286.1,0
38400,"2026-07-28 15:35:05.175501+00","2026-07-28T15:35:03Z_0001_weather","LITTLEMOUNT_KILAMBAKKAM_008","Corridor_Littlemount_Kilambakkam",30.80,NULL,16.00,"Cloudy","OK",2288.9,0
38401,"2026-07-28 15:35:05.175501+00","2026-07-28T15:35:03Z_0001_weather","LITTLEMOUNT_KILAMBAKKAM_010","Corridor_Littlemount_Kilambakkam",30.80,NULL,16.00,"Cloudy","OK",2290.6,0
38402,"2026-07-28 15:35:05.175501+00","2026-07-28T15:35:03Z_0001_weather","LITTLEMOUNT_KILAMBAKKAM_006","Corridor_Littlemount_Kilambakkam",30.80,NULL,16.00,"Cloudy","OK",2288.2,0
38403,"2026-07-28 15:35:05.175501+00","2026-07-28T15:35:03Z_0001_weather","LITTLEMOUNT_KILAMBAKKAM_009","Corridor_Littlemount_Kilambakkam",30.80,NULL,16.00,"Cloudy","OK",2289.9,0
38404,"2026-07-28 15:35:05.175501+00","2026-07-28T15:35:03Z_0001_weather","LITTLEMOUNT_KILAMBAKKAM_007","Corridor_Littlemount_Kilambakkam",30.80,NULL,16.00,"Cloudy","OK",2291.4,0
38405,"2026-07-28 15:35:05.175501+00","2026-07-28T15:35:03Z_0001_weather","LITTLEMOUNT_KILAMBAKKAM_011","Corridor_Littlemount_Kilambakkam",30.80,NULL,16.00,"Cloudy","OK",2298.6,0
38406,"2026-07-28 15:35:05.175501+00","2026-07-28T15:35:03Z_0001_weather","LITTLEMOUNT_KILAMBAKKAM_012","Corridor_Littlemount_Kilambakkam",30.90,NULL,16.00,"Cloudy","OK",2304.1,0
38407,"2026-07-28 15:35:05.175501+00","2026-07-28T15:35:03Z_0001_weather","LITTLEMOUNT_KILAMBAKKAM_013","Corridor_Littlemount_Kilambakkam",30.90,NULL,16.00,"Cloudy","OK",2309.5,0
38408,"2026-07-28 15:35:05.175501+00","2026-07-28T15:35:03Z_0001_weather","LITTLEMOUNT_KILAMBAKKAM_014","Corridor_Littlemount_Kilambakkam",30.90,NULL,16.00,"Cloudy","OK",2316.0,0
38409,"2026-07-28 15:35:05.175501+00","2026-07-28T15:35:03Z_0001_weather","LITTLEMOUNT_KILAMBAKKAM_015","Corridor_Littlemount_Kilambakkam",30.90,NULL,16.00,"Cloudy","OK",2321.4,0
38410,"2026-07-28 15:35:05.175501+00","2026-07-28T15:35:03Z_0001_weather","LITTLEMOUNT_KILAMBAKKAM_016","Corridor_Littlemount_Kilambakkam",30.90,NULL,16.00,"Cloudy","OK",2332.2,0
38411,"2026-07-28 15:35:05.175501+00","2026-07-28T15:35:03Z_0001_weather","LITTLEMOUNT_KILAMBAKKAM_018","Corridor_Littlemount_Kilambakkam",30.90,NULL,16.00,"Cloudy","OK",2542.7,0
38412,"2026-07-28 15:35:05.175501+00","2026-07-28T15:35:03Z_0001_weather","LITTLEMOUNT_KILAMBAKKAM_017","Corridor_Littlemount_Kilambakkam",30.90,NULL,16.00,"Cloudy","OK",2542.9,0
38413,"2026-07-28 15:35:05.175501+00","2026-07-28T15:35:03Z_0001_weather","LITTLEMOUNT_KILAMBAKKAM_019","Corridor_Littlemount_Kilambakkam",30.90,NULL,16.00,"Cloudy","OK",2545.9,0
38414,"2026-07-28 15:35:05.175501+00","2026-07-28T15:35:03Z_0001_weather","LITTLEMOUNT_KILAMBAKKAM_021","Corridor_Littlemount_Kilambakkam",30.90,NULL,16.00,"Cloudy","OK",2551.2,0
38415,"2026-07-28 15:35:05.175501+00","2026-07-28T15:35:03Z_0001_weather","LITTLEMOUNT_KILAMBAKKAM_020","Corridor_Littlemount_Kilambakkam",30.90,NULL,16.00,"Cloudy","OK",2551.0,0
38416,"2026-07-28 15:35:05.175501+00","2026-07-28T15:35:03Z_0001_weather","LITTLEMOUNT_KILAMBAKKAM_022","Corridor_Littlemount_Kilambakkam",30.90,NULL,16.00,"Cloudy","OK",2555.2,0
38417,"2026-07-28 15:35:05.175501+00","2026-07-28T15:35:03Z_0001_weather","LITTLEMOUNT_KILAMBAKKAM_024","Corridor_Littlemount_Kilambakkam",30.80,NULL,16.00,"Light thunderstorms and rain","OK",2558.7,0
38418,"2026-07-28 15:35:05.175501+00","2026-07-28T15:35:03Z_0001_weather","LITTLEMOUNT_KILAMBAKKAM_023","Corridor_Littlemount_Kilambakkam",30.80,NULL,16.00,"Light thunderstorms and rain","OK",2559.5,0
38419,"2026-07-28 15:35:05.175501+00","2026-07-28T15:35:03Z_0001_weather","LITTLEMOUNT_KILAMBAKKAM_026","Corridor_Littlemount_Kilambakkam",30.80,NULL,16.00,"Light thunderstorms and rain","OK",2566.0,0
38420,"2026-07-28 15:35:05.175501+00","2026-07-28T15:35:03Z_0001_weather","LITTLEMOUNT_KILAMBAKKAM_027","Corridor_Littlemount_Kilambakkam",30.80,NULL,16.00,"Light thunderstorms and rain","OK",2566.7,0
38421,"2026-07-28 15:35:05.175501+00","2026-07-28T15:35:03Z_0001_weather","LITTLEMOUNT_KILAMBAKKAM_025","Corridor_Littlemount_Kilambakkam",30.80,NULL,16.00,"Light thunderstorms and rain","OK",2568.4,0
38422,"2026-07-28 15:35:05.175501+00","2026-07-28T15:35:03Z_0001_weather","LITTLEMOUNT_KILAMBAKKAM_030","Corridor_Littlemount_Kilambakkam",30.80,NULL,16.00,"Light thunderstorms and rain","OK",2574.0,0
38423,"2026-07-28 15:35:05.175501+00","2026-07-28T15:35:03Z_0001_weather","LITTLEMOUNT_KILAMBAKKAM_029","Corridor_Littlemount_Kilambakkam",30.80,NULL,16.00,"Light thunderstorms and rain","OK",2574.8,0
38424,"2026-07-28 15:35:05.175501+00","2026-07-28T15:35:03Z_0001_weather","LITTLEMOUNT_KILAMBAKKAM_028","Corridor_Littlemount_Kilambakkam",30.80,NULL,16.00,"Light thunderstorms and rain","OK",2576.8,0
38425,"2026-07-28 15:35:05.175501+00","2026-07-28T15:35:03Z_0001_weather","LITTLEMOUNT_KILAMBAKKAM_031","Corridor_Littlemount_Kilambakkam",30.80,NULL,16.00,"Light thunderstorms and rain","OK",2577.9,0
38426,"2026-07-28 15:35:05.175501+00","2026-07-28T15:35:03Z_0001_weather","LITTLEMOUNT_KILAMBAKKAM_032","Corridor_Littlemount_Kilambakkam",30.80,NULL,16.00,"Light thunderstorms and rain","OK",2595.0,0
38427,"2026-07-28 15:35:05.175501+00","2026-07-28T15:35:03Z_0001_weather","BROADWAY_KOYEMBEDU_001","EVR Salai",30.90,NULL,16.00,"Cloudy","OK",2599.6,0
38428,"2026-07-28 15:35:05.175501+00","2026-07-28T15:35:03Z_0001_weather","BROADWAY_KOYEMBEDU_002","EVR Salai",30.90,NULL,16.00,"Cloudy","OK",2601.9,0
38429,"2026-07-28 15:35:05.175501+00","2026-07-28T15:35:03Z_0001_weather","BROADWAY_KOYEMBEDU_003","EVR Salai",30.90,NULL,16.00,"Cloudy","OK",2621.1,0
38430,"2026-07-28 15:35:05.175501+00","2026-07-28T15:35:03Z_0001_weather","BROADWAY_KOYEMBEDU_004","EVR Salai",30.90,NULL,16.00,"Cloudy","OK",2629.5,0
38431,"2026-07-28 15:35:05.175501+00","2026-07-28T15:35:03Z_0001_weather","BROADWAY_KOYEMBEDU_016","EVR Salai",30.90,NULL,16.00,"Cloudy","OK",3297.2,0
38432,"2026-07-28 15:35:05.175501+00","2026-07-28T15:35:03Z_0001_weather","BROADWAY_KOYEMBEDU_011","EVR Salai",30.90,NULL,16.00,"Cloudy","OK",3307.1,0
38433,"2026-07-28 15:35:05.175501+00","2026-07-28T15:35:03Z_0001_weather","BROADWAY_KOYEMBEDU_009","EVR Salai",30.90,NULL,16.00,"Cloudy","OK",3309.2,0
38434,"2026-07-28 15:35:05.175501+00","2026-07-28T15:35:03Z_0001_weather","BROADWAY_KOYEMBEDU_006","EVR Salai",30.90,NULL,16.00,"Cloudy","OK",3317.8,0
38435,"2026-07-28 15:35:05.175501+00","2026-07-28T15:35:03Z_0001_weather","BROADWAY_KOYEMBEDU_018","EVR Salai",30.90,NULL,16.00,"Cloudy","OK",3318.9,0
38436,"2026-07-28 15:35:05.175501+00","2026-07-28T15:35:03Z_0001_weather","BROADWAY_KOYEMBEDU_005","EVR Salai",30.90,NULL,16.00,"Cloudy","OK",3318.3,0
38437,"2026-07-28 15:35:05.175501+00","2026-07-28T15:35:03Z_0001_weather","BROADWAY_KOYEMBEDU_010","EVR Salai",30.90,NULL,16.00,"Cloudy","OK",3328.5,0
38438,"2026-07-28 15:35:05.175501+00","2026-07-28T15:35:03Z_0001_weather","BROADWAY_KOYEMBEDU_012","EVR Salai",30.90,NULL,16.00,"Cloudy","OK",3327.1,0
38439,"2026-07-28 15:35:05.175501+00","2026-07-28T15:35:03Z_0001_weather","BROADWAY_KOYEMBEDU_007","EVR Salai",30.90,NULL,16.00,"Cloudy","OK",3327.3,0
38440,"2026-07-28 15:35:05.175501+00","2026-07-28T15:35:03Z_0001_weather","BROADWAY_KOYEMBEDU_008","EVR Salai",30.90,NULL,16.00,"Cloudy","OK",3327.7,0
38441,"2026-07-28 15:35:05.175501+00","2026-07-28T15:35:03Z_0001_weather","BROADWAY_KOYEMBEDU_015","EVR Salai",30.90,NULL,16.00,"Cloudy","OK",3330.6,0
38442,"2026-07-28 15:35:05.175501+00","2026-07-28T15:35:03Z_0001_weather","BROADWAY_KOYEMBEDU_021","EVR Salai",30.90,NULL,16.00,"Cloudy","OK",3326.8,0
38443,"2026-07-28 15:35:05.175501+00","2026-07-28T15:35:03Z_0001_weather","BROADWAY_KOYEMBEDU_019","EVR Salai",30.90,NULL,16.00,"Cloudy","OK",3340.4,0
38444,"2026-07-28 15:35:05.175501+00","2026-07-28T15:35:03Z_0001_weather","BROADWAY_KOYEMBEDU_017","EVR Salai",30.90,NULL,16.00,"Cloudy","OK",3339.9,0
38445,"2026-07-28 15:35:05.175501+00","2026-07-28T15:35:03Z_0001_weather","BROADWAY_KOYEMBEDU_014","EVR Salai",30.90,NULL,16.00,"Cloudy","OK",3343.2,0
38446,"2026-07-28 15:35:05.175501+00","2026-07-28T15:35:03Z_0001_weather","BROADWAY_KOYEMBEDU_022","EVR Salai",30.90,NULL,16.00,"Cloudy","OK",3353.8,0
38447,"2026-07-28 15:35:05.175501+00","2026-07-28T15:35:03Z_0001_weather","BROADWAY_KOYEMBEDU_023","EVR Salai",30.90,NULL,16.00,"Cloudy","OK",3352.5,0
38448,"2026-07-28 15:35:05.175501+00","2026-07-28T15:35:03Z_0001_weather","BROADWAY_KOYEMBEDU_013","EVR Salai",30.90,NULL,16.00,"Cloudy","OK",3367.3,0
38449,"2026-07-28 15:35:05.175501+00","2026-07-28T15:35:03Z_0001_weather","BROADWAY_KOYEMBEDU_020","EVR Salai",30.90,NULL,16.00,"Cloudy","OK",3371.4,0
38450,"2026-07-28 15:35:05.175501+00","2026-07-28T15:35:03Z_0001_weather","BROADWAY_KOYEMBEDU_024","EVR Salai",30.90,NULL,16.00,"Cloudy","OK",3371.8,0
38451,"2026-07-28 15:35:05.175501+00","2026-07-28T15:35:03Z_0001_weather","BROADWAY_KOYEMBEDU_025","EVR Salai",30.90,NULL,16.00,"Cloudy","OK",3570.4,0
38452,"2026-07-28 15:35:05.175501+00","2026-07-28T15:35:03Z_0001_weather","BROADWAY_KOYEMBEDU_026","EVR Salai",30.90,NULL,16.00,"Cloudy","OK",3580.2,0
38453,"2026-07-28 15:35:05.175501+00","2026-07-28T15:35:03Z_0001_weather","KOYEMBEDU_BROADWAY_001","EVR Salai",30.90,NULL,16.00,"Cloudy","OK",3587.5,0
38454,"2026-07-28 15:35:05.175501+00","2026-07-28T15:35:03Z_0001_weather","KOYEMBEDU_BROADWAY_003","EVR Salai",30.90,NULL,16.00,"Cloudy","OK",3594.9,0
38455,"2026-07-28 15:35:05.175501+00","2026-07-28T15:35:03Z_0001_weather","KOYEMBEDU_BROADWAY_004","EVR Salai",30.90,NULL,16.00,"Cloudy","OK",3598.2,0
38456,"2026-07-28 15:35:05.175501+00","2026-07-28T15:35:03Z_0001_weather","KOYEMBEDU_BROADWAY_002","EVR Salai",30.90,NULL,16.00,"Cloudy","OK",3598.4,0
38457,"2026-07-28 15:35:05.175501+00","2026-07-28T15:35:03Z_0001_weather","KOYEMBEDU_BROADWAY_006","EVR Salai",30.90,NULL,16.00,"Cloudy","OK",3604.9,0
38458,"2026-07-28 15:35:05.175501+00","2026-07-28T15:35:03Z_0001_weather","KOYEMBEDU_BROADWAY_007","EVR Salai",30.90,NULL,16.00,"Cloudy","OK",3606.7,0
38459,"2026-07-28 15:35:05.175501+00","2026-07-28T15:35:03Z_0001_weather","KOYEMBEDU_BROADWAY_005","EVR Salai",30.90,NULL,16.00,"Cloudy","OK",3606.8,0
38460,"2026-07-28 15:35:05.175501+00","2026-07-28T15:35:03Z_0001_weather","KOYEMBEDU_BROADWAY_008","EVR Salai",30.90,NULL,16.00,"Cloudy","OK",3608.0,0
38461,"2026-07-28 15:35:05.175501+00","2026-07-28T15:35:03Z_0001_weather","KOYEMBEDU_BROADWAY_009","EVR Salai",30.90,NULL,16.00,"Cloudy","OK",3609.9,0
38462,"2026-07-28 15:35:05.175501+00","2026-07-28T15:35:03Z_0001_weather","KOYEMBEDU_BROADWAY_011","EVR Salai",30.90,NULL,16.00,"Cloudy","OK",3615.8,0
38463,"2026-07-28 15:35:05.175501+00","2026-07-28T15:35:03Z_0001_weather","KOYEMBEDU_BROADWAY_012","EVR Salai",30.90,NULL,16.00,"Cloudy","OK",3616.8,0
38464,"2026-07-28 15:35:05.175501+00","2026-07-28T15:35:03Z_0001_weather","KOYEMBEDU_BROADWAY_010","EVR Salai",30.90,NULL,16.00,"Cloudy","OK",3614.7,0
38465,"2026-07-28 15:35:05.175501+00","2026-07-28T15:35:03Z_0001_weather","KOYEMBEDU_BROADWAY_013","EVR Salai",30.90,NULL,16.00,"Cloudy","OK",3621.1,0
38466,"2026-07-28 15:35:05.175501+00","2026-07-28T15:35:03Z_0001_weather","KOYEMBEDU_BROADWAY_016","EVR Salai",30.90,NULL,16.00,"Cloudy","OK",3648.9,0
38467,"2026-07-28 15:35:05.175501+00","2026-07-28T15:35:03Z_0001_weather","KOYEMBEDU_BROADWAY_015","EVR Salai",30.90,NULL,16.00,"Cloudy","OK",3645.1,0
38468,"2026-07-28 15:35:05.175501+00","2026-07-28T15:35:03Z_0001_weather","KOYEMBEDU_BROADWAY_014","EVR Salai",30.90,NULL,16.00,"Cloudy","OK",3646.3,0
38469,"2026-07-28 15:35:05.175501+00","2026-07-28T15:35:03Z_0001_weather","KOYEMBEDU_BROADWAY_018","EVR Salai",30.90,NULL,16.00,"Cloudy","OK",3665.1,0
38470,"2026-07-28 15:35:05.175501+00","2026-07-28T15:35:03Z_0001_weather","KOYEMBEDU_BROADWAY_017","EVR Salai",30.90,NULL,16.00,"Cloudy","OK",3669.2,0
38471,"2026-07-28 15:35:05.175501+00","2026-07-28T15:35:03Z_0001_weather","KOYEMBEDU_BROADWAY_019","EVR Salai",30.90,NULL,16.00,"Cloudy","OK",3856.7,0
38472,"2026-07-28 15:35:05.175501+00","2026-07-28T15:35:03Z_0001_weather","KOYEMBEDU_BROADWAY_020","EVR Salai",30.90,NULL,16.00,"Cloudy","OK",3857.6,0
38473,"2026-07-28 15:35:05.175501+00","2026-07-28T15:35:03Z_0001_weather","KOYEMBEDU_BROADWAY_021","EVR Salai",30.90,NULL,16.00,"Cloudy","OK",3868.4,0
38474,"2026-07-28 15:35:05.175501+00","2026-07-28T15:35:03Z_0001_weather","KOYEMBEDU_BROADWAY_024","EVR Salai",30.90,NULL,16.00,"Cloudy","OK",3872.0,0
38475,"2026-07-28 15:35:05.175501+00","2026-07-28T15:35:03Z_0001_weather","KOYEMBEDU_BROADWAY_023","EVR Salai",30.90,NULL,16.00,"Cloudy","OK",3876.3,0
38476,"2026-07-28 15:35:05.175501+00","2026-07-28T15:35:03Z_0001_weather","KOYEMBEDU_BROADWAY_022","EVR Salai",30.90,NULL,16.00,"Cloudy","OK",3877.1,0
38477,"2026-07-28 15:35:05.175501+00","2026-07-28T15:35:03Z_0001_weather","KOYEMBEDU_BROADWAY_025","EVR Salai",30.90,NULL,16.00,"Cloudy","OK",3881.2,0
38478,"2026-07-28 15:35:05.175501+00","2026-07-28T15:35:03Z_0001_weather","KOYEMBEDU_BROADWAY_026","EVR Salai",30.90,NULL,16.00,"Cloudy","OK",3883.7,0
38479,"2026-07-28 15:35:05.175501+00","2026-07-28T15:35:03Z_0001_weather","GUINDY_TAMBARAM_002","Guindy-Tambaram",30.80,NULL,16.00,"Cloudy","OK",3884.6,0
38480,"2026-07-28 15:35:05.175501+00","2026-07-28T15:35:03Z_0001_weather","GUINDY_TAMBARAM_001","Guindy-Tambaram",30.80,NULL,16.00,"Cloudy","OK",3886.0,0
38481,"2026-07-28 15:35:05.175501+00","2026-07-28T15:35:03Z_0001_weather","GUINDY_TAMBARAM_003","Guindy-Tambaram",30.80,NULL,16.00,"Cloudy","OK",3890.9,0
38482,"2026-07-28 15:35:05.175501+00","2026-07-28T15:35:03Z_0001_weather","GUINDY_TAMBARAM_005","Guindy-Tambaram",30.80,NULL,16.00,"Cloudy","OK",3895.3,0
38483,"2026-07-28 15:35:05.175501+00","2026-07-28T15:35:03Z_0001_weather","GUINDY_TAMBARAM_004","Guindy-Tambaram",30.80,NULL,16.00,"Cloudy","OK",3899.5,0
38484,"2026-07-28 15:35:05.175501+00","2026-07-28T15:35:03Z_0001_weather","GUINDY_TAMBARAM_007","Guindy-Tambaram",30.80,NULL,16.00,"Cloudy","OK",3899.8,0
38485,"2026-07-28 15:35:05.175501+00","2026-07-28T15:35:03Z_0001_weather","GUINDY_TAMBARAM_006","Guindy-Tambaram",30.80,NULL,16.00,"Cloudy","OK",3902.7,0
38486,"2026-07-28 15:35:05.175501+00","2026-07-28T15:35:03Z_0001_weather","GUINDY_TAMBARAM_008","Guindy-Tambaram",30.80,NULL,16.00,"Cloudy","OK",3930.4,0
38487,"2026-07-28 15:35:05.175501+00","2026-07-28T15:35:03Z_0001_weather","GUINDY_TAMBARAM_009","Guindy-Tambaram",30.80,NULL,16.00,"Cloudy","OK",3934.4,0
38488,"2026-07-28 15:35:05.175501+00","2026-07-28T15:35:03Z_0001_weather","GUINDY_TAMBARAM_010","Guindy-Tambaram",30.80,NULL,16.00,"Cloudy","OK",3938.7,0
38489,"2026-07-28 15:35:05.175501+00","2026-07-28T15:35:03Z_0001_weather","GUINDY_TAMBARAM_011","Guindy-Tambaram",30.80,NULL,16.00,"Cloudy","OK",3959.6,0
38490,"2026-07-28 15:35:05.175501+00","2026-07-28T15:35:03Z_0001_weather","GUINDY_TAMBARAM_012","Guindy-Tambaram",30.80,NULL,16.00,"Cloudy","OK",3962.7,0
38491,"2026-07-28 15:35:05.175501+00","2026-07-28T15:35:03Z_0001_weather","GUINDY_TAMBARAM_014","Guindy-Tambaram",30.80,NULL,16.00,"Cloudy","OK",4136.2,0
38492,"2026-07-28 15:35:05.175501+00","2026-07-28T15:35:03Z_0001_weather","GUINDY_TAMBARAM_013","Guindy-Tambaram",30.80,NULL,16.00,"Cloudy","OK",4137.6,0
38493,"2026-07-28 15:35:05.175501+00","2026-07-28T15:35:03Z_0001_weather","GUINDY_TAMBARAM_015","Guindy-Tambaram",30.40,NULL,16.00,"Light thunderstorms and rain","OK",4141.6,0
38494,"2026-07-28 15:35:05.175501+00","2026-07-28T15:35:03Z_0001_weather","GUINDY_TAMBARAM_017","Guindy-Tambaram",30.40,NULL,16.00,"Light thunderstorms and rain","OK",4149.2,0
38495,"2026-07-28 15:35:05.175501+00","2026-07-28T15:35:03Z_0001_weather","GUINDY_TAMBARAM_016","Guindy-Tambaram",30.40,NULL,16.00,"Light thunderstorms and rain","OK",4152.2,0
38496,"2026-07-28 15:35:05.175501+00","2026-07-28T15:35:03Z_0001_weather","GUINDY_TAMBARAM_020","Guindy-Tambaram",30.40,NULL,16.00,"Light thunderstorms and rain","OK",4157.8,0
38497,"2026-07-28 15:35:05.175501+00","2026-07-28T15:35:03Z_0001_weather","GUINDY_TAMBARAM_018","Guindy-Tambaram",30.40,NULL,16.00,"Light thunderstorms and rain","OK",4159.7,0
38498,"2026-07-28 15:35:05.175501+00","2026-07-28T15:35:03Z_0001_weather","GUINDY_TAMBARAM_021","Guindy-Tambaram",30.40,NULL,16.00,"Light thunderstorms and rain","OK",4160.5,0
38499,"2026-07-28 15:35:05.175501+00","2026-07-28T15:35:03Z_0001_weather","GUINDY_TAMBARAM_019","Guindy-Tambaram",30.40,NULL,16.00,"Light thunderstorms and rain","OK",4164.0,0
38500,"2026-07-28 15:35:05.175501+00","2026-07-28T15:35:03Z_0001_weather","GUINDY_TAMBARAM_022","Guindy-Tambaram",30.40,NULL,16.00,"Light thunderstorms and rain","OK",4164.0,0
38501,"2026-07-28 15:35:05.175501+00","2026-07-28T15:35:03Z_0001_weather","GUINDY_TAMBARAM_023","Guindy-Tambaram",30.40,NULL,16.00,"Light thunderstorms and rain","OK",4168.9,0
38502,"2026-07-28 15:35:05.175501+00","2026-07-28T15:35:03Z_0001_weather","GUINDY_TAMBARAM_025","Guindy-Tambaram",30.80,NULL,16.00,"Light thunderstorms and rain","OK",4178.2,0
38503,"2026-07-28 15:35:05.175501+00","2026-07-28T15:35:03Z_0001_weather","GUINDY_TAMBARAM_026","Guindy-Tambaram",30.80,NULL,16.00,"Light thunderstorms and rain","OK",4178.5,0
38504,"2026-07-28 15:35:05.175501+00","2026-07-28T15:35:03Z_0001_weather","GUINDY_TAMBARAM_024","Guindy-Tambaram",30.80,NULL,16.00,"Light thunderstorms and rain","OK",4179.3,0
38505,"2026-07-28 15:35:05.175501+00","2026-07-28T15:35:03Z_0001_weather","GUINDY_TAMBARAM_027","Guindy-Tambaram",30.80,NULL,16.00,"Light thunderstorms and rain","OK",4193.5,0
38506,"2026-07-28 15:35:05.175501+00","2026-07-28T15:35:03Z_0001_weather","GUINDY_TAMBARAM_028","Guindy-Tambaram",30.80,NULL,16.00,"Light thunderstorms and rain","OK",4210.7,0
38507,"2026-07-28 15:35:05.175501+00","2026-07-28T15:35:03Z_0001_weather","GUINDY_TAMBARAM_030","Guindy-Tambaram",30.80,NULL,16.00,"Light thunderstorms and rain","OK",4226.6,0
38508,"2026-07-28 15:35:05.175501+00","2026-07-28T15:35:03Z_0001_weather","GUINDY_TAMBARAM_029","Guindy-Tambaram",30.80,NULL,16.00,"Light thunderstorms and rain","OK",4231.3,0
38509,"2026-07-28 15:35:05.175501+00","2026-07-28T15:35:03Z_0001_weather","GUINDY_TAMBARAM_032","Guindy-Tambaram",30.80,NULL,16.00,"Light thunderstorms and rain","OK",4253.4,0
38510,"2026-07-28 15:35:05.175501+00","2026-07-28T15:35:03Z_0001_weather","GUINDY_TAMBARAM_031","Guindy-Tambaram",30.80,NULL,16.00,"Light thunderstorms and rain","OK",4256.1,0
38511,"2026-07-28 15:35:05.175501+00","2026-07-28T15:35:03Z_0001_weather","GUINDY_TAMBARAM_034","Guindy-Tambaram",30.80,NULL,16.00,"Light thunderstorms and rain","OK",4409.8,0
38512,"2026-07-28 15:35:05.175501+00","2026-07-28T15:35:03Z_0001_weather","GUINDY_TAMBARAM_033","Guindy-Tambaram",30.80,NULL,16.00,"Light thunderstorms and rain","OK",4410.0,0
38513,"2026-07-28 15:35:05.175501+00","2026-07-28T15:35:03Z_0001_weather","GUINDY_TAMBARAM_035","Guindy-Tambaram",30.80,NULL,16.00,"Light thunderstorms and rain","OK",4419.2,0
38514,"2026-07-28 15:35:05.175501+00","2026-07-28T15:35:03Z_0001_weather","GUINDY_TAMBARAM_036","Guindy-Tambaram",30.80,NULL,16.00,"Light thunderstorms and rain","OK",4428.9,0
38515,"2026-07-28 15:35:05.175501+00","2026-07-28T15:35:03Z_0001_weather","GUINDY_TAMBARAM_037","Guindy-Tambaram",30.80,NULL,16.00,"Light thunderstorms and rain","OK",4429.1,0
38516,"2026-07-28 15:35:05.175501+00","2026-07-28T15:35:03Z_0001_weather","GUINDY_TAMBARAM_038","Guindy-Tambaram",30.80,NULL,16.00,"Light thunderstorms and rain","OK",4435.7,0
38517,"2026-07-28 15:35:05.175501+00","2026-07-28T15:35:03Z_0001_weather","GUINDY_TAMBARAM_039","Guindy-Tambaram",30.80,NULL,16.00,"Light thunderstorms and rain","OK",4435.3,0
38518,"2026-07-28 15:35:05.175501+00","2026-07-28T15:35:03Z_0001_weather","GUINDY_TAMBARAM_040","Guindy-Tambaram",30.80,NULL,16.00,"Light thunderstorms and rain","OK",4440.2,0
38519,"2026-07-28 15:35:05.175501+00","2026-07-28T15:35:03Z_0001_weather","GUINDY_TAMBARAM_041","Guindy-Tambaram",30.80,NULL,16.00,"Light thunderstorms and rain","OK",4440.5,0
38520,"2026-07-28 15:35:05.175501+00","2026-07-28T15:35:03Z_0001_weather","TAMBARAM_GUINDY_001","Guindy-Tambaram",30.80,NULL,16.00,"Light thunderstorms and rain","OK",4444.0,0
38521,"2026-07-28 15:35:05.175501+00","2026-07-28T15:35:03Z_0001_weather","TAMBARAM_GUINDY_002","Guindy-Tambaram",30.80,NULL,16.00,"Light thunderstorms and rain","OK",4446.1,0
38522,"2026-07-28 15:35:05.175501+00","2026-07-28T15:35:03Z_0001_weather","TAMBARAM_GUINDY_004","Guindy-Tambaram",30.80,NULL,16.00,"Light thunderstorms and rain","OK",4457.9,0
38523,"2026-07-28 15:35:05.175501+00","2026-07-28T15:35:03Z_0001_weather","TAMBARAM_GUINDY_003","Guindy-Tambaram",30.80,NULL,16.00,"Light thunderstorms and rain","OK",4457.7,0
38524,"2026-07-28 15:35:05.175501+00","2026-07-28T15:35:03Z_0001_weather","TAMBARAM_GUINDY_005","Guindy-Tambaram",30.80,NULL,16.00,"Light thunderstorms and rain","OK",4458.1,0
38525,"2026-07-28 15:35:05.175501+00","2026-07-28T15:35:03Z_0001_weather","TAMBARAM_GUINDY_006","Guindy-Tambaram",30.80,NULL,16.00,"Light thunderstorms and rain","OK",4486.1,0
38526,"2026-07-28 15:35:05.175501+00","2026-07-28T15:35:03Z_0001_weather","TAMBARAM_GUINDY_007","Guindy-Tambaram",30.80,NULL,16.00,"Light thunderstorms and rain","OK",4493.1,0
38527,"2026-07-28 15:35:05.175501+00","2026-07-28T15:35:03Z_0001_weather","TAMBARAM_GUINDY_009","Guindy-Tambaram",30.80,NULL,16.00,"Light thunderstorms and rain","OK",4520.5,0
38528,"2026-07-28 15:35:05.175501+00","2026-07-28T15:35:03Z_0001_weather","TAMBARAM_GUINDY_008","Guindy-Tambaram",30.80,NULL,16.00,"Light thunderstorms and rain","OK",4522.8,0
38529,"2026-07-28 15:35:05.175501+00","2026-07-28T15:35:03Z_0001_weather","TAMBARAM_GUINDY_011","Guindy-Tambaram",30.80,NULL,16.00,"Light thunderstorms and rain","OK",4548.5,0
38530,"2026-07-28 15:35:05.175501+00","2026-07-28T15:35:03Z_0001_weather","TAMBARAM_GUINDY_010","Guindy-Tambaram",30.80,NULL,16.00,"Light thunderstorms and rain","OK",4549.7,0
38531,"2026-07-28 15:35:05.175501+00","2026-07-28T15:35:03Z_0001_weather","TAMBARAM_GUINDY_013","Guindy-Tambaram",30.80,NULL,16.00,"Light thunderstorms and rain","OK",4690.7,0
38532,"2026-07-28 15:35:05.175501+00","2026-07-28T15:35:03Z_0001_weather","TAMBARAM_GUINDY_012","Guindy-Tambaram",30.80,NULL,16.00,"Light thunderstorms and rain","OK",4694.7,0
38533,"2026-07-28 15:35:05.175501+00","2026-07-28T15:35:03Z_0001_weather","TAMBARAM_GUINDY_014","Guindy-Tambaram",30.80,NULL,16.00,"Light thunderstorms and rain","OK",4699.3,0
38534,"2026-07-28 15:35:05.175501+00","2026-07-28T15:35:03Z_0001_weather","TAMBARAM_GUINDY_016","Guindy-Tambaram",30.80,NULL,16.00,"Light thunderstorms and rain","OK",4704.0,0
38535,"2026-07-28 15:35:05.175501+00","2026-07-28T15:35:03Z_0001_weather","TAMBARAM_GUINDY_015","Guindy-Tambaram",30.80,NULL,16.00,"Light thunderstorms and rain","OK",4707.6,0
38536,"2026-07-28 15:35:05.175501+00","2026-07-28T15:35:03Z_0001_weather","TAMBARAM_GUINDY_017","Guindy-Tambaram",30.80,NULL,16.00,"Light thunderstorms and rain","OK",4713.0,0
38537,"2026-07-28 15:35:05.175501+00","2026-07-28T15:35:03Z_0001_weather","TAMBARAM_GUINDY_019","Guindy-Tambaram",30.40,NULL,16.00,"Light thunderstorms and rain","OK",4717.4,0
38538,"2026-07-28 15:35:05.175501+00","2026-07-28T15:35:03Z_0001_weather","TAMBARAM_GUINDY_020","Guindy-Tambaram",30.40,NULL,16.00,"Light thunderstorms and rain","OK",4719.3,0
38539,"2026-07-28 15:35:05.175501+00","2026-07-28T15:35:03Z_0001_weather","TAMBARAM_GUINDY_018","Guindy-Tambaram",30.40,NULL,16.00,"Light thunderstorms and rain","OK",4719.5,0
38540,"2026-07-28 15:35:05.175501+00","2026-07-28T15:35:03Z_0001_weather","TAMBARAM_GUINDY_021","Guindy-Tambaram",30.40,NULL,16.00,"Light thunderstorms and rain","OK",4727.5,0
38541,"2026-07-28 15:35:05.175501+00","2026-07-28T15:35:03Z_0001_weather","TAMBARAM_GUINDY_022","Guindy-Tambaram",30.40,NULL,16.00,"Light thunderstorms and rain","OK",4728.6,0
38542,"2026-07-28 15:35:05.175501+00","2026-07-28T15:35:03Z_0001_weather","TAMBARAM_GUINDY_023","Guindy-Tambaram",30.40,NULL,16.00,"Light thunderstorms and rain","OK",4737.3,0
38543,"2026-07-28 15:35:05.175501+00","2026-07-28T15:35:03Z_0001_weather","TAMBARAM_GUINDY_025","Guindy-Tambaram",30.80,NULL,16.00,"Cloudy","OK",4738.7,0
38544,"2026-07-28 15:35:05.175501+00","2026-07-28T15:35:03Z_0001_weather","TAMBARAM_GUINDY_024","Guindy-Tambaram",30.40,NULL,16.00,"Light thunderstorms and rain","OK",4741.3,0
38545,"2026-07-28 15:35:05.175501+00","2026-07-28T15:35:03Z_0001_weather","TAMBARAM_GUINDY_027","Guindy-Tambaram",30.80,NULL,16.00,"Cloudy","OK",4774.2,0
38546,"2026-07-28 15:35:05.175501+00","2026-07-28T15:35:03Z_0001_weather","TAMBARAM_GUINDY_026","Guindy-Tambaram",30.80,NULL,16.00,"Cloudy","OK",4775.1,0
38547,"2026-07-28 15:35:05.175501+00","2026-07-28T15:35:03Z_0001_weather","TAMBARAM_GUINDY_028","Guindy-Tambaram",30.80,NULL,16.00,"Cloudy","OK",4810.1,0
38548,"2026-07-28 15:35:05.175501+00","2026-07-28T15:35:03Z_0001_weather","TAMBARAM_GUINDY_029","Guindy-Tambaram",30.80,NULL,16.00,"Cloudy","OK",4818.2,0
38549,"2026-07-28 15:35:05.175501+00","2026-07-28T15:35:03Z_0001_weather","TAMBARAM_GUINDY_030","Guindy-Tambaram",30.80,NULL,16.00,"Cloudy","OK",4841.3,0
38550,"2026-07-28 15:35:05.175501+00","2026-07-28T15:35:03Z_0001_weather","TAMBARAM_GUINDY_031","Guindy-Tambaram",30.80,NULL,16.00,"Cloudy","OK",4841.4,0
38551,"2026-07-28 15:35:05.175501+00","2026-07-28T15:35:03Z_0001_weather","TAMBARAM_GUINDY_032","Guindy-Tambaram",30.80,NULL,16.00,"Cloudy","OK",4972.3,0
38552,"2026-07-28 15:35:05.175501+00","2026-07-28T15:35:03Z_0001_weather","TAMBARAM_GUINDY_033","Guindy-Tambaram",30.80,NULL,16.00,"Cloudy","OK",4973.4,0
38553,"2026-07-28 15:35:05.175501+00","2026-07-28T15:35:03Z_0001_weather","TAMBARAM_GUINDY_036","Guindy-Tambaram",30.80,NULL,16.00,"Cloudy","OK",4980.1,0
38554,"2026-07-28 15:35:05.175501+00","2026-07-28T15:35:03Z_0001_weather","TAMBARAM_GUINDY_035","Guindy-Tambaram",30.80,NULL,16.00,"Cloudy","OK",4981.1,0
38555,"2026-07-28 15:35:05.175501+00","2026-07-28T15:35:03Z_0001_weather","TAMBARAM_GUINDY_034","Guindy-Tambaram",30.80,NULL,16.00,"Cloudy","OK",4981.5,0
38556,"2026-07-28 15:35:05.175501+00","2026-07-28T15:35:03Z_0001_weather","TAMBARAM_GUINDY_037","Guindy-Tambaram",30.80,NULL,16.00,"Cloudy","OK",4989.2,0
38557,"2026-07-28 15:35:05.175501+00","2026-07-28T15:35:03Z_0001_weather","TAMBARAM_GUINDY_038","Guindy-Tambaram",30.80,NULL,16.00,"Cloudy","OK",4993.5,0
38558,"2026-07-28 15:35:05.175501+00","2026-07-28T15:35:03Z_0001_weather","TAMBARAM_GUINDY_039","Guindy-Tambaram",30.80,NULL,16.00,"Cloudy","OK",4999.4,0
38559,"2026-07-28 15:35:05.175501+00","2026-07-28T15:35:03Z_0001_weather","CENTRAL_PUZHAL_001","Puzhal-Central",30.90,NULL,16.00,"Cloudy","OK",5001.9,0
38560,"2026-07-28 15:35:05.175501+00","2026-07-28T15:35:03Z_0001_weather","CENTRAL_PUZHAL_002","Puzhal-Central",30.90,NULL,16.00,"Cloudy","OK",5007.1,0
38561,"2026-07-28 15:35:05.175501+00","2026-07-28T15:35:03Z_0001_weather","CENTRAL_PUZHAL_003","Puzhal-Central",30.90,NULL,16.00,"Cloudy","OK",5008.2,0
38562,"2026-07-28 15:35:05.175501+00","2026-07-28T15:35:03Z_0001_weather","CENTRAL_PUZHAL_004","Puzhal-Central",30.90,NULL,16.00,"Cloudy","OK",5016.2,0
38563,"2026-07-28 15:35:05.175501+00","2026-07-28T15:35:03Z_0001_weather","CENTRAL_PUZHAL_006","Puzhal-Central",30.90,NULL,16.00,"Cloudy","OK",5019.8,0
38564,"2026-07-28 15:35:05.175501+00","2026-07-28T15:35:03Z_0001_weather","CENTRAL_PUZHAL_005","Puzhal-Central",30.90,NULL,16.00,"Cloudy","OK",5025.3,0
38565,"2026-07-28 15:35:05.175501+00","2026-07-28T15:35:03Z_0001_weather","CENTRAL_PUZHAL_007","Puzhal-Central",30.90,NULL,16.00,"Cloudy","OK",5053.2,0
38566,"2026-07-28 15:35:05.175501+00","2026-07-28T15:35:03Z_0001_weather","CENTRAL_PUZHAL_008","Puzhal-Central",30.90,NULL,16.00,"Cloudy","OK",5066.1,0
38567,"2026-07-28 15:35:05.175501+00","2026-07-28T15:35:03Z_0001_weather","CENTRAL_PUZHAL_009","Puzhal-Central",30.90,NULL,16.00,"Cloudy","OK",5106.7,0
38568,"2026-07-28 15:35:05.175501+00","2026-07-28T15:35:03Z_0001_weather","CENTRAL_PUZHAL_010","Puzhal-Central",30.90,NULL,16.00,"Cloudy","OK",5106.5,0
38569,"2026-07-28 15:35:05.175501+00","2026-07-28T15:35:03Z_0001_weather","CENTRAL_PUZHAL_012","Puzhal-Central",30.90,NULL,16.00,"Cloudy","OK",5136.8,0
38570,"2026-07-28 15:35:05.175501+00","2026-07-28T15:35:03Z_0001_weather","CENTRAL_PUZHAL_011","Puzhal-Central",30.90,NULL,16.00,"Cloudy","OK",5137.0,0
38571,"2026-07-28 15:35:05.175501+00","2026-07-28T15:35:03Z_0001_weather","CENTRAL_PUZHAL_014","Puzhal-Central",30.90,NULL,16.00,"Cloudy","OK",5245.2,0
38572,"2026-07-28 15:35:05.175501+00","2026-07-28T15:35:03Z_0001_weather","CENTRAL_PUZHAL_013","Puzhal-Central",30.90,NULL,16.00,"Cloudy","OK",5246.4,0
38573,"2026-07-28 15:35:05.175501+00","2026-07-28T15:35:03Z_0001_weather","CENTRAL_PUZHAL_015","Puzhal-Central",30.90,NULL,16.00,"Cloudy","OK",5258.4,0
38574,"2026-07-28 15:35:05.175501+00","2026-07-28T15:35:03Z_0001_weather","CENTRAL_PUZHAL_016","Puzhal-Central",30.90,NULL,16.00,"Cloudy","OK",5258.1,0
38575,"2026-07-28 15:35:05.175501+00","2026-07-28T15:35:03Z_0001_weather","CENTRAL_PUZHAL_017","Puzhal-Central",30.90,NULL,16.00,"Cloudy","OK",5258.5,0
38576,"2026-07-28 15:35:05.175501+00","2026-07-28T15:35:03Z_0001_weather","CENTRAL_PUZHAL_018","Puzhal-Central",30.90,NULL,16.00,"Cloudy","OK",5266.8,0
38577,"2026-07-28 15:35:05.175501+00","2026-07-28T15:35:03Z_0001_weather","CENTRAL_PUZHAL_019","Puzhal-Central",30.90,NULL,16.00,"Cloudy","OK",5273.9,0
38578,"2026-07-28 15:35:05.175501+00","2026-07-28T15:35:03Z_0001_weather","CENTRAL_PUZHAL_020","Puzhal-Central",30.90,NULL,16.00,"Cloudy","OK",5278.7,0
38579,"2026-07-28 15:35:05.175501+00","2026-07-28T15:35:03Z_0001_weather","CENTRAL_PUZHAL_021","Puzhal-Central",30.90,NULL,16.00,"Cloudy","OK",5279.2,0
38580,"2026-07-28 15:35:05.175501+00","2026-07-28T15:35:03Z_0001_weather","CENTRAL_PUZHAL_022","Puzhal-Central",30.90,NULL,16.00,"Cloudy","OK",5285.6,0
38581,"2026-07-28 15:35:05.175501+00","2026-07-28T15:35:03Z_0001_weather","CENTRAL_PUZHAL_023","Puzhal-Central",30.90,NULL,16.00,"Cloudy","OK",5286.1,0
38582,"2026-07-28 15:35:05.175501+00","2026-07-28T15:35:03Z_0001_weather","CENTRAL_PUZHAL_024","Puzhal-Central",30.90,NULL,16.00,"Cloudy","OK",5296.7,0
38583,"2026-07-28 15:35:05.175501+00","2026-07-28T15:35:03Z_0001_weather","CENTRAL_PUZHAL_025","Puzhal-Central",30.90,NULL,16.00,"Cloudy","OK",5299.2,0
38584,"2026-07-28 15:35:05.175501+00","2026-07-28T15:35:03Z_0001_weather","CENTRAL_PUZHAL_026","Puzhal-Central",30.90,NULL,16.00,"Cloudy","OK",5303.2,0
38585,"2026-07-28 15:35:05.175501+00","2026-07-28T15:35:03Z_0001_weather","CENTRAL_PUZHAL_027","Puzhal-Central",30.90,NULL,16.00,"Cloudy","OK",5336.0,0
38586,"2026-07-28 15:35:05.175501+00","2026-07-28T15:35:03Z_0001_weather","CENTRAL_PUZHAL_ATGRADE_001","Puzhal-Central",30.90,NULL,16.00,"Cloudy","OK",5356.3,0
38587,"2026-07-28 15:35:05.175501+00","2026-07-28T15:35:03Z_0001_weather","CENTRAL_PUZHAL_ATGRADE_002","Puzhal-Central",30.90,NULL,16.00,"Cloudy","OK",5396.6,0
38588,"2026-07-28 15:35:05.175501+00","2026-07-28T15:35:03Z_0001_weather","CENTRAL_PUZHAL_ATGRADE_003","Puzhal-Central",30.90,NULL,16.00,"Cloudy","OK",5397.7,0
38589,"2026-07-28 15:35:05.175501+00","2026-07-28T15:35:03Z_0001_weather","PUZHAL_CENTRAL_001","Puzhal-Central",30.90,NULL,16.00,"Cloudy","OK",5429.2,0
38590,"2026-07-28 15:35:05.175501+00","2026-07-28T15:35:03Z_0001_weather","CENTRAL_PUZHAL_ATGRADE_004","Puzhal-Central",30.90,NULL,16.00,"Cloudy","OK",5433.8,0
38591,"2026-07-28 15:35:05.175501+00","2026-07-28T15:35:03Z_0001_weather","PUZHAL_CENTRAL_003","Puzhal-Central",30.90,NULL,16.00,"Cloudy","OK",5524.2,0
38592,"2026-07-28 15:35:05.175501+00","2026-07-28T15:35:03Z_0001_weather","PUZHAL_CENTRAL_005","Puzhal-Central",30.90,NULL,16.00,"Cloudy","OK",5532.8,0
38593,"2026-07-28 15:35:05.175501+00","2026-07-28T15:35:03Z_0001_weather","PUZHAL_CENTRAL_002","Puzhal-Central",30.90,NULL,16.00,"Cloudy","OK",5531.8,0
38594,"2026-07-28 15:35:05.175501+00","2026-07-28T15:35:03Z_0001_weather","PUZHAL_CENTRAL_006","Puzhal-Central",30.90,NULL,16.00,"Cloudy","OK",5539.1,0
38595,"2026-07-28 15:35:05.175501+00","2026-07-28T15:35:03Z_0001_weather","PUZHAL_CENTRAL_004","Puzhal-Central",30.90,NULL,16.00,"Cloudy","OK",5539.6,0
38596,"2026-07-28 15:35:05.175501+00","2026-07-28T15:35:03Z_0001_weather","PUZHAL_CENTRAL_007","Puzhal-Central",30.90,NULL,16.00,"Cloudy","OK",5547.0,0
38597,"2026-07-28 15:35:05.175501+00","2026-07-28T15:35:03Z_0001_weather","PUZHAL_CENTRAL_008","Puzhal-Central",30.90,NULL,16.00,"Cloudy","OK",5551.7,0
38598,"2026-07-28 15:35:05.175501+00","2026-07-28T15:35:03Z_0001_weather","PUZHAL_CENTRAL_009","Puzhal-Central",30.90,NULL,16.00,"Cloudy","OK",5555.8,0
38599,"2026-07-28 15:35:05.175501+00","2026-07-28T15:35:03Z_0001_weather","PUZHAL_CENTRAL_010","Puzhal-Central",30.90,NULL,16.00,"Cloudy","OK",5560.6,0
38600,"2026-07-28 15:35:05.175501+00","2026-07-28T15:35:03Z_0001_weather","PUZHAL_CENTRAL_011","Puzhal-Central",30.90,NULL,16.00,"Cloudy","OK",5565.1,0
38601,"2026-07-28 15:35:05.175501+00","2026-07-28T15:35:03Z_0001_weather","PUZHAL_CENTRAL_012","Puzhal-Central",30.90,NULL,16.00,"Cloudy","OK",5569.9,0
38602,"2026-07-28 15:35:05.175501+00","2026-07-28T15:35:03Z_0001_weather","PUZHAL_CENTRAL_013","Puzhal-Central",30.90,NULL,16.00,"Cloudy","OK",5576.1,0
38603,"2026-07-28 15:35:05.175501+00","2026-07-28T15:35:03Z_0001_weather","PUZHAL_CENTRAL_015","Puzhal-Central",30.90,NULL,16.00,"Cloudy","OK",5581.6,0
38604,"2026-07-28 15:35:05.175501+00","2026-07-28T15:35:03Z_0001_weather","PUZHAL_CENTRAL_014","Puzhal-Central",30.90,NULL,16.00,"Cloudy","OK",5583.8,0
38605,"2026-07-28 15:35:05.175501+00","2026-07-28T15:35:03Z_0001_weather","PUZHAL_CENTRAL_016","Puzhal-Central",30.90,NULL,16.00,"Cloudy","OK",5618.2,0
38606,"2026-07-28 15:35:05.175501+00","2026-07-28T15:35:03Z_0001_weather","PUZHAL_CENTRAL_017","Puzhal-Central",30.90,NULL,16.00,"Cloudy","OK",5644.9,0
38607,"2026-07-28 15:35:05.175501+00","2026-07-28T15:35:03Z_0001_weather","PUZHAL_CENTRAL_018","Puzhal-Central",30.90,NULL,16.00,"Cloudy","OK",5685.4,0
38608,"2026-07-28 15:35:05.175501+00","2026-07-28T15:35:03Z_0001_weather","PUZHAL_CENTRAL_019","Puzhal-Central",30.90,NULL,16.00,"Cloudy","OK",5689.3,0
38609,"2026-07-28 15:35:05.175501+00","2026-07-28T15:35:03Z_0001_weather","PUZHAL_CENTRAL_020","Puzhal-Central",30.90,NULL,16.00,"Cloudy","OK",5722.0,0
38610,"2026-07-28 15:35:05.175501+00","2026-07-28T15:35:03Z_0001_weather","PUZHAL_CENTRAL_021","Puzhal-Central",30.90,NULL,16.00,"Cloudy","OK",5725.6,0
38611,"2026-07-28 15:35:05.175501+00","2026-07-28T15:35:03Z_0001_weather","PUZHAL_CENTRAL_022","Puzhal-Central",30.90,NULL,16.00,"Cloudy","OK",5806.5,0
38612,"2026-07-28 15:35:05.175501+00","2026-07-28T15:35:03Z_0001_weather","PUZHAL_CENTRAL_023","Puzhal-Central",30.90,NULL,16.00,"Cloudy","OK",5809.7,0
38613,"2026-07-28 15:35:05.175501+00","2026-07-28T15:35:03Z_0001_weather","PUZHAL_CENTRAL_024","Puzhal-Central",30.90,NULL,16.00,"Cloudy","OK",5812.2,0
38614,"2026-07-28 15:35:05.175501+00","2026-07-28T15:35:03Z_0001_weather","PUZHAL_CENTRAL_026","Puzhal-Central",30.90,NULL,16.00,"Cloudy","OK",5812.4,0
38615,"2026-07-28 15:35:05.175501+00","2026-07-28T15:35:03Z_0001_weather","PUZHAL_CENTRAL_025","Puzhal-Central",30.90,NULL,16.00,"Cloudy","OK",5817.6,0
38616,"2026-07-28 15:35:05.175501+00","2026-07-28T15:35:03Z_0001_weather","PUZHAL_CENTRAL_027","Puzhal-Central",30.90,NULL,16.00,"Cloudy","OK",5820.7,0
38617,"2026-07-28 15:35:05.175501+00","2026-07-28T15:35:03Z_0001_weather","PUZHAL_CENTRAL_ATGRADE_001","Puzhal-Central",30.90,NULL,16.00,"Cloudy","OK",5826.7,0
38618,"2026-07-28 15:35:05.175501+00","2026-07-28T15:35:03Z_0001_weather","PUZHAL_CENTRAL_ATGRADE_002","Puzhal-Central",30.90,NULL,16.00,"Cloudy","OK",5833.8,0
38619,"2026-07-28 15:35:05.175501+00","2026-07-28T15:35:03Z_0001_weather","PUZHAL_CENTRAL_ATGRADE_003","Puzhal-Central",30.90,NULL,16.00,"Cloudy","OK",5843.4,0
38620,"2026-07-28 15:35:05.175501+00","2026-07-28T15:35:03Z_0001_weather","PUZHAL_CENTRAL_ATGRADE_004","Puzhal-Central",30.90,NULL,16.00,"Cloudy","OK",5845.5,0
38621,"2026-07-28 15:35:05.175501+00","2026-07-28T15:35:03Z_0001_weather","PUZHAL_CENTRAL_ATGRADE_005","Puzhal-Central",30.90,NULL,16.00,"Cloudy","OK",5848.1,0
38622,"2026-07-28 15:35:05.175501+00","2026-07-28T15:35:03Z_0001_weather","PALLAVARAM_THORAIPAKKAM_001","Thoraipakkam-Pallavaram",30.90,NULL,16.00,"Cloudy","OK",5858.5,0
38623,"2026-07-28 15:35:05.175501+00","2026-07-28T15:35:03Z_0001_weather","PALLAVARAM_THORAIPAKKAM_003","Thoraipakkam-Pallavaram",30.90,NULL,16.00,"Cloudy","OK",5864.6,0
38624,"2026-07-28 15:35:05.175501+00","2026-07-28T15:35:03Z_0001_weather","PALLAVARAM_THORAIPAKKAM_002","Thoraipakkam-Pallavaram",30.90,NULL,16.00,"Cloudy","OK",5866.2,0
38625,"2026-07-28 15:35:05.175501+00","2026-07-28T15:35:03Z_0001_weather","PALLAVARAM_THORAIPAKKAM_004","Thoraipakkam-Pallavaram",30.90,NULL,16.00,"Cloudy","OK",5899.8,0
38626,"2026-07-28 15:35:05.175501+00","2026-07-28T15:35:03Z_0001_weather","PALLAVARAM_THORAIPAKKAM_005","Thoraipakkam-Pallavaram",30.90,NULL,16.00,"Cloudy","OK",5934.7,0
38627,"2026-07-28 15:35:05.175501+00","2026-07-28T15:35:03Z_0001_weather","PALLAVARAM_THORAIPAKKAM_007","Thoraipakkam-Pallavaram",30.80,NULL,16.00,"Cloudy","OK",5976.4,0
38628,"2026-07-28 15:35:05.175501+00","2026-07-28T15:35:03Z_0001_weather","PALLAVARAM_THORAIPAKKAM_006","Thoraipakkam-Pallavaram",30.80,NULL,16.00,"Cloudy","OK",5985.1,0
38629,"2026-07-28 15:35:05.175501+00","2026-07-28T15:35:03Z_0001_weather","PALLAVARAM_THORAIPAKKAM_009","Thoraipakkam-Pallavaram",30.80,NULL,16.00,"Cloudy","OK",6016.6,0
38630,"2026-07-28 15:35:05.175501+00","2026-07-28T15:35:03Z_0001_weather","PALLAVARAM_THORAIPAKKAM_008","Thoraipakkam-Pallavaram",30.80,NULL,16.00,"Cloudy","OK",6018.4,0
38631,"2026-07-28 15:35:05.175501+00","2026-07-28T15:35:03Z_0001_weather","PALLAVARAM_THORAIPAKKAM_010","Thoraipakkam-Pallavaram",30.80,NULL,16.00,"Cloudy","OK",6080.1,0
38632,"2026-07-28 15:35:05.175501+00","2026-07-28T15:35:03Z_0001_weather","PALLAVARAM_THORAIPAKKAM_AT_GRADE_002","Thoraipakkam-Pallavaram",30.90,NULL,16.00,"Cloudy","OK",6082.9,0
38633,"2026-07-28 15:35:05.175501+00","2026-07-28T15:35:03Z_0001_weather","PALLAVARAM_THORAIPAKKAM_AT_GRADE_001","Thoraipakkam-Pallavaram",30.90,NULL,16.00,"Cloudy","OK",6087.5,0
38634,"2026-07-28 15:35:05.175501+00","2026-07-28T15:35:03Z_0001_weather","THORAIPAKKAM_PALLAVARM_001","Thoraipakkam-Pallavaram",30.80,NULL,16.00,"Cloudy","OK",6090.7,0
38635,"2026-07-28 15:35:05.175501+00","2026-07-28T15:35:03Z_0001_weather","THORAIPAKKAM_PALLAVARM_002","Thoraipakkam-Pallavaram",30.80,NULL,16.00,"Cloudy","OK",6094.3,0
38636,"2026-07-28 15:35:05.175501+00","2026-07-28T15:35:03Z_0001_weather","THORAIPAKKAM_PALLAVARM_003","Thoraipakkam-Pallavaram",30.80,NULL,16.00,"Cloudy","OK",6103.0,0
38637,"2026-07-28 15:35:05.175501+00","2026-07-28T15:35:03Z_0001_weather","THORAIPAKKAM_PALLAVARM_004","Thoraipakkam-Pallavaram",30.80,NULL,16.00,"Cloudy","OK",6106.4,0
38638,"2026-07-28 15:35:05.175501+00","2026-07-28T15:35:03Z_0001_weather","THORAIPAKKAM_PALLAVARM_005","Thoraipakkam-Pallavaram",30.80,NULL,16.00,"Cloudy","OK",6113.3,0
38639,"2026-07-28 15:35:05.175501+00","2026-07-28T15:35:03Z_0001_weather","THORAIPAKKAM_PALLAVARM_006","Thoraipakkam-Pallavaram",30.90,NULL,16.00,"Cloudy","OK",6120.7,0
38640,"2026-07-28 15:35:05.175501+00","2026-07-28T15:35:03Z_0001_weather","THORAIPAKKAM_PALLAVARM_007","Thoraipakkam-Pallavaram",30.90,NULL,16.00,"Cloudy","OK",6125.1,0
38641,"2026-07-28 15:35:05.175501+00","2026-07-28T15:35:03Z_0001_weather","THORAIPAKKAM_PALLAVARM_008","Thoraipakkam-Pallavaram",30.90,NULL,16.00,"Cloudy","OK",6126.9,0
38642,"2026-07-28 15:35:05.175501+00","2026-07-28T15:35:03Z_0001_weather","THORAIPAKKAM_PALLAVARM_009","Thoraipakkam-Pallavaram",30.90,NULL,16.00,"Cloudy","OK",6139.0,0
38643,"2026-07-28 15:35:05.175501+00","2026-07-28T15:35:03Z_0001_weather","THORAIPAKKAM_PALLAVARM_010","Thoraipakkam-Pallavaram",30.90,NULL,16.00,"Cloudy","OK",6143.8,0
38644,"2026-07-28 15:35:05.175501+00","2026-07-28T15:35:03Z_0001_weather","THORAIPAKKAM_PALLAVARM_AT_GRADE_001","Thoraipakkam-Pallavaram",30.90,NULL,16.00,"Cloudy","OK",6143.8,0
38645,"2026-07-28 15:35:05.175501+00","2026-07-28T15:35:03Z_0001_weather","THORAIPAKKAM_PALLAVARM_AT_GRADE_002","Thoraipakkam-Pallavaram",30.90,NULL,16.00,"Cloudy","OK",6181.0,0
38646,"2026-07-28 18:35:04.274264+00","2026-07-28T18:35:03Z_0001_weather","KILAMBAKKAM_LITTLEMOUNT(AT_GRADE_BELOWFLYOVER)_006","Corridor_Littlemount_Kilambakkam",30.30,NULL,16.00,"Cloudy","OK",1596.8,0
38647,"2026-07-28 18:35:04.274264+00","2026-07-28T18:35:03Z_0001_weather","KILAMBAKKAM_LITTLEMOUNT_008","Corridor_Littlemount_Kilambakkam",30.20,NULL,16.00,"Cloudy","OK",1597.1,0
38648,"2026-07-28 18:35:04.274264+00","2026-07-28T18:35:03Z_0001_weather","KILAMBAKKAM_LITTLEMOUNT_004","Corridor_Littlemount_Kilambakkam",30.20,NULL,16.00,"Cloudy","OK",1597.8,0
38649,"2026-07-28 18:35:04.274264+00","2026-07-28T18:35:03Z_0001_weather","KILAMBAKKAM_LITTLEMOUNT_002","Corridor_Littlemount_Kilambakkam",30.20,NULL,16.00,"Cloudy","OK",1599.3,0
38650,"2026-07-28 18:35:04.274264+00","2026-07-28T18:35:03Z_0001_weather","KILAMBAKKAM_LITTLEMOUNT(AT_GRADE_BELOWFLYOVER)_008","Corridor_Littlemount_Kilambakkam",30.20,NULL,16.00,"Cloudy","OK",1601.5,0
38651,"2026-07-28 18:35:04.274264+00","2026-07-28T18:35:03Z_0001_weather","KILAMBAKKAM_LITTLEMOUNT_009","Corridor_Littlemount_Kilambakkam",30.20,NULL,16.00,"Cloudy","OK",1602.5,0
38652,"2026-07-28 18:35:04.274264+00","2026-07-28T18:35:03Z_0001_weather","KILAMBAKKAM_LITTLEMOUNT_010","Corridor_Littlemount_Kilambakkam",30.20,NULL,16.00,"Cloudy","OK",1603.1,0
38653,"2026-07-28 18:35:04.274264+00","2026-07-28T18:35:03Z_0001_weather","KILAMBAKKAM_LITTLEMOUNT(AT_GRADE_BELOWFLYOVER)_005","Corridor_Littlemount_Kilambakkam",30.30,NULL,16.00,"Cloudy","OK",1604.9,0
38654,"2026-07-28 18:35:04.274264+00","2026-07-28T18:35:03Z_0001_weather","KILAMBAKKAM_LITTLEMOUNT(AT_GRADE_BELOWFLYOVER)_007","Corridor_Littlemount_Kilambakkam",30.30,NULL,16.00,"Cloudy","OK",1601.9,0
38655,"2026-07-28 18:35:04.274264+00","2026-07-28T18:35:03Z_0001_weather","KILAMBAKKAM_LITTLEMOUNT_011","Corridor_Littlemount_Kilambakkam",30.30,NULL,16.00,"Cloudy","OK",1607.6,0
38656,"2026-07-28 18:35:04.274264+00","2026-07-28T18:35:03Z_0001_weather","KILAMBAKKAM_LITTLEMOUNT_005","Corridor_Littlemount_Kilambakkam",30.20,NULL,16.00,"Cloudy","OK",1608.6,0
38657,"2026-07-28 18:35:04.274264+00","2026-07-28T18:35:03Z_0001_weather","KILAMBAKKAM_LITTLEMOUNT_007","Corridor_Littlemount_Kilambakkam",30.20,NULL,16.00,"Cloudy","OK",1612.5,0
38658,"2026-07-28 18:35:04.274264+00","2026-07-28T18:35:03Z_0001_weather","KILAMBAKKAM_LITTLEMOUNT(AT_GRADE_BELOWFLYOVER)_009","Corridor_Littlemount_Kilambakkam",30.20,NULL,16.00,"Cloudy","OK",1614.6,0
38659,"2026-07-28 18:35:04.274264+00","2026-07-28T18:35:03Z_0001_weather","KILAMBAKKAM_LITTLEMOUNT(AT_GRADE_BELOWFLYOVER)_003","Corridor_Littlemount_Kilambakkam",30.30,NULL,16.00,"Cloudy","OK",1620.2,0
38660,"2026-07-28 18:35:04.274264+00","2026-07-28T18:35:03Z_0001_weather","KILAMBAKKAM_LITTLEMOUNT(AT_GRADE_BELOWFLYOVER)_002","Corridor_Littlemount_Kilambakkam",30.30,NULL,16.00,"Cloudy","OK",1626.6,0
38661,"2026-07-28 18:35:04.274264+00","2026-07-28T18:35:03Z_0001_weather","KILAMBAKKAM_LITTLEMOUNT_003","Corridor_Littlemount_Kilambakkam",30.20,NULL,16.00,"Cloudy","OK",1630.5,0
38662,"2026-07-28 18:35:04.274264+00","2026-07-28T18:35:03Z_0001_weather","KILAMBAKKAM_LITTLEMOUNT(AT_GRADE_BELOWFLYOVER)_001","Corridor_Littlemount_Kilambakkam",30.30,NULL,16.00,"Cloudy","OK",1633.7,0
38663,"2026-07-28 18:35:04.274264+00","2026-07-28T18:35:03Z_0001_weather","KILAMBAKKAM_LITTLEMOUNT_001","Corridor_Littlemount_Kilambakkam",30.20,NULL,16.00,"Cloudy","OK",1634.0,0
38664,"2026-07-28 18:35:04.274264+00","2026-07-28T18:35:03Z_0001_weather","KILAMBAKKAM_LITTLEMOUNT_006","Corridor_Littlemount_Kilambakkam",30.20,NULL,16.00,"Cloudy","OK",1634.4,0
38665,"2026-07-28 18:35:04.274264+00","2026-07-28T18:35:03Z_0001_weather","KILAMBAKKAM_LITTLEMOUNT(AT_GRADE_BELOWFLYOVER)_004","Corridor_Littlemount_Kilambakkam",30.30,NULL,16.00,"Cloudy","OK",1715.9,0
38666,"2026-07-28 18:35:04.274264+00","2026-07-28T18:35:03Z_0001_weather","KILAMBAKKAM_LITTLEMOUNT_015","Corridor_Littlemount_Kilambakkam",30.30,NULL,16.00,"Cloudy","OK",1867.0,0
38667,"2026-07-28 18:35:04.274264+00","2026-07-28T18:35:03Z_0001_weather","KILAMBAKKAM_LITTLEMOUNT_014","Corridor_Littlemount_Kilambakkam",30.30,NULL,16.00,"Cloudy","OK",1870.2,0
38668,"2026-07-28 18:35:04.274264+00","2026-07-28T18:35:03Z_0001_weather","KILAMBAKKAM_LITTLEMOUNT_018","Corridor_Littlemount_Kilambakkam",30.30,NULL,16.00,"Cloudy","OK",1872.6,0
38669,"2026-07-28 18:35:04.274264+00","2026-07-28T18:35:03Z_0001_weather","KILAMBAKKAM_LITTLEMOUNT_021","Corridor_Littlemount_Kilambakkam",30.30,NULL,16.00,"Cloudy","OK",1875.3,0
38670,"2026-07-28 18:35:04.274264+00","2026-07-28T18:35:03Z_0001_weather","KILAMBAKKAM_LITTLEMOUNT_016","Corridor_Littlemount_Kilambakkam",30.30,NULL,16.00,"Cloudy","OK",1875.4,0
38671,"2026-07-28 18:35:04.274264+00","2026-07-28T18:35:03Z_0001_weather","KILAMBAKKAM_LITTLEMOUNT_019","Corridor_Littlemount_Kilambakkam",30.30,NULL,16.00,"Cloudy","OK",1877.0,0
38672,"2026-07-28 18:35:04.274264+00","2026-07-28T18:35:03Z_0001_weather","KILAMBAKKAM_LITTLEMOUNT_024","Corridor_Littlemount_Kilambakkam",30.50,NULL,16.00,"Cloudy","OK",1882.8,0
38673,"2026-07-28 18:35:04.274264+00","2026-07-28T18:35:03Z_0001_weather","KILAMBAKKAM_LITTLEMOUNT_013","Corridor_Littlemount_Kilambakkam",30.30,NULL,16.00,"Cloudy","OK",1883.8,0
38674,"2026-07-28 18:35:04.274264+00","2026-07-28T18:35:03Z_0001_weather","KILAMBAKKAM_LITTLEMOUNT_012","Corridor_Littlemount_Kilambakkam",30.30,NULL,16.00,"Cloudy","OK",1884.1,0
38675,"2026-07-28 18:35:04.274264+00","2026-07-28T18:35:03Z_0001_weather","KILAMBAKKAM_LITTLEMOUNT_017","Corridor_Littlemount_Kilambakkam",30.30,NULL,16.00,"Cloudy","OK",1884.5,0
38676,"2026-07-28 18:35:04.274264+00","2026-07-28T18:35:03Z_0001_weather","KILAMBAKKAM_LITTLEMOUNT_023","Corridor_Littlemount_Kilambakkam",30.50,NULL,16.00,"Cloudy","OK",1885.5,0
38677,"2026-07-28 18:35:04.274264+00","2026-07-28T18:35:03Z_0001_weather","KILAMBAKKAM_LITTLEMOUNT_022","Corridor_Littlemount_Kilambakkam",30.30,NULL,16.00,"Cloudy","OK",1888.4,0
38678,"2026-07-28 18:35:04.274264+00","2026-07-28T18:35:03Z_0001_weather","KILAMBAKKAM_LITTLEMOUNT_026","Corridor_Littlemount_Kilambakkam",30.50,NULL,16.00,"Cloudy","OK",1898.4,0
38679,"2026-07-28 18:35:04.274264+00","2026-07-28T18:35:03Z_0001_weather","KILAMBAKKAM_LITTLEMOUNT_020","Corridor_Littlemount_Kilambakkam",30.30,NULL,16.00,"Cloudy","OK",1893.3,0
38680,"2026-07-28 18:35:04.274264+00","2026-07-28T18:35:03Z_0001_weather","KILAMBAKKAM_LITTLEMOUNT_027","Corridor_Littlemount_Kilambakkam",30.50,NULL,16.00,"Cloudy","OK",1906.8,0
38681,"2026-07-28 18:35:04.274264+00","2026-07-28T18:35:03Z_0001_weather","LITTLEMOUNT_KILAMBAKKAM(AT_GRADE_BELOWFLYOVER)_001","Corridor_Littlemount_Kilambakkam",30.30,NULL,16.00,"Cloudy","OK",1907.6,0
38682,"2026-07-28 18:35:04.274264+00","2026-07-28T18:35:03Z_0001_weather","KILAMBAKKAM_LITTLEMOUNT_029","Corridor_Littlemount_Kilambakkam",30.50,NULL,16.00,"Cloudy","OK",1908.3,0
38683,"2026-07-28 18:35:04.274264+00","2026-07-28T18:35:03Z_0001_weather","KILAMBAKKAM_LITTLEMOUNT_028","Corridor_Littlemount_Kilambakkam",30.50,NULL,16.00,"Cloudy","OK",1910.9,0
38684,"2026-07-28 18:35:04.274264+00","2026-07-28T18:35:03Z_0001_weather","KILAMBAKKAM_LITTLEMOUNT_025","Corridor_Littlemount_Kilambakkam",30.50,NULL,16.00,"Cloudy","OK",1909.3,0
38685,"2026-07-28 18:35:04.274264+00","2026-07-28T18:35:03Z_0001_weather","LITTLEMOUNT_KILAMBAKKAM(AT_GRADE_BELOWFLYOVER)_002","Corridor_Littlemount_Kilambakkam",30.30,NULL,16.00,"Cloudy","OK",1987.3,0
38686,"2026-07-28 18:35:04.274264+00","2026-07-28T18:35:03Z_0001_weather","LITTLEMOUNT_KILAMBAKKAM(AT_GRADE_BELOWFLYOVER)_003","Corridor_Littlemount_Kilambakkam",30.30,NULL,16.00,"Cloudy","OK",2136.8,0
38687,"2026-07-28 18:35:04.274264+00","2026-07-28T18:35:03Z_0001_weather","LITTLEMOUNT_KILAMBAKKAM(AT_GRADE_BELOWFLYOVER)_004","Corridor_Littlemount_Kilambakkam",30.30,NULL,16.00,"Cloudy","OK",2142.5,0
38688,"2026-07-28 18:35:04.274264+00","2026-07-28T18:35:03Z_0001_weather","LITTLEMOUNT_KILAMBAKKAM(AT_GRADE_BELOWFLYOVER)_006","Corridor_Littlemount_Kilambakkam",30.20,NULL,16.00,"Cloudy","OK",2142.3,0
38689,"2026-07-28 18:35:04.274264+00","2026-07-28T18:35:03Z_0001_weather","LITTLEMOUNT_KILAMBAKKAM_001","Corridor_Littlemount_Kilambakkam",30.50,NULL,16.00,"Cloudy","OK",2143.4,0
38690,"2026-07-28 18:35:04.274264+00","2026-07-28T18:35:03Z_0001_weather","LITTLEMOUNT_KILAMBAKKAM(AT_GRADE_BELOWFLYOVER)_005","Corridor_Littlemount_Kilambakkam",30.20,NULL,16.00,"Cloudy","OK",2144.9,0
38691,"2026-07-28 18:35:04.274264+00","2026-07-28T18:35:03Z_0001_weather","LITTLEMOUNT_KILAMBAKKAM_002","Corridor_Littlemount_Kilambakkam",30.50,NULL,16.00,"Cloudy","OK",2148.8,0
38692,"2026-07-28 18:35:04.274264+00","2026-07-28T18:35:03Z_0001_weather","LITTLEMOUNT_KILAMBAKKAM_007","Corridor_Littlemount_Kilambakkam",30.50,NULL,16.00,"Cloudy","OK",2154.1,0
38693,"2026-07-28 18:35:04.274264+00","2026-07-28T18:35:03Z_0001_weather","LITTLEMOUNT_KILAMBAKKAM_003","Corridor_Littlemount_Kilambakkam",30.50,NULL,16.00,"Cloudy","OK",2158.3,0
38694,"2026-07-28 18:35:04.274264+00","2026-07-28T18:35:03Z_0001_weather","LITTLEMOUNT_KILAMBAKKAM_008","Corridor_Littlemount_Kilambakkam",30.50,NULL,16.00,"Cloudy","OK",2159.3,0
38695,"2026-07-28 18:35:04.274264+00","2026-07-28T18:35:03Z_0001_weather","LITTLEMOUNT_KILAMBAKKAM_006","Corridor_Littlemount_Kilambakkam",30.50,NULL,16.00,"Cloudy","OK",2159.6,0
38696,"2026-07-28 18:35:04.274264+00","2026-07-28T18:35:03Z_0001_weather","LITTLEMOUNT_KILAMBAKKAM_004","Corridor_Littlemount_Kilambakkam",30.50,NULL,16.00,"Cloudy","OK",2159.1,0
38697,"2026-07-28 18:35:04.274264+00","2026-07-28T18:35:03Z_0001_weather","LITTLEMOUNT_KILAMBAKKAM_005","Corridor_Littlemount_Kilambakkam",30.50,NULL,16.00,"Cloudy","OK",2159.6,0
38698,"2026-07-28 18:35:04.274264+00","2026-07-28T18:35:03Z_0001_weather","LITTLEMOUNT_KILAMBAKKAM_009","Corridor_Littlemount_Kilambakkam",30.50,NULL,16.00,"Cloudy","OK",2169.8,0
38699,"2026-07-28 18:35:04.274264+00","2026-07-28T18:35:03Z_0001_weather","LITTLEMOUNT_KILAMBAKKAM_012","Corridor_Littlemount_Kilambakkam",30.30,NULL,16.00,"Cloudy","OK",2179.3,0
38700,"2026-07-28 18:35:04.274264+00","2026-07-28T18:35:03Z_0001_weather","LITTLEMOUNT_KILAMBAKKAM_013","Corridor_Littlemount_Kilambakkam",30.30,NULL,16.00,"Cloudy","OK",2181.7,0
38701,"2026-07-28 18:35:04.274264+00","2026-07-28T18:35:03Z_0001_weather","LITTLEMOUNT_KILAMBAKKAM_014","Corridor_Littlemount_Kilambakkam",30.30,NULL,16.00,"Cloudy","OK",2183.8,0
38702,"2026-07-28 18:35:04.274264+00","2026-07-28T18:35:03Z_0001_weather","LITTLEMOUNT_KILAMBAKKAM_011","Corridor_Littlemount_Kilambakkam",30.50,NULL,16.00,"Cloudy","OK",2184.0,0
38703,"2026-07-28 18:35:04.274264+00","2026-07-28T18:35:03Z_0001_weather","LITTLEMOUNT_KILAMBAKKAM_010","Corridor_Littlemount_Kilambakkam",30.50,NULL,16.00,"Cloudy","OK",2183.2,0
38704,"2026-07-28 18:35:04.274264+00","2026-07-28T18:35:03Z_0001_weather","LITTLEMOUNT_KILAMBAKKAM_015","Corridor_Littlemount_Kilambakkam",30.30,NULL,16.00,"Cloudy","OK",2198.0,0
38705,"2026-07-28 18:35:04.274264+00","2026-07-28T18:35:03Z_0001_weather","LITTLEMOUNT_KILAMBAKKAM_016","Corridor_Littlemount_Kilambakkam",30.30,NULL,16.00,"Cloudy","OK",2260.7,0
38706,"2026-07-28 18:35:04.274264+00","2026-07-28T18:35:03Z_0001_weather","LITTLEMOUNT_KILAMBAKKAM_017","Corridor_Littlemount_Kilambakkam",30.30,NULL,16.00,"Cloudy","OK",2406.1,0
38707,"2026-07-28 18:35:04.274264+00","2026-07-28T18:35:03Z_0001_weather","LITTLEMOUNT_KILAMBAKKAM_018","Corridor_Littlemount_Kilambakkam",30.30,NULL,16.00,"Cloudy","OK",2411.4,0
38708,"2026-07-28 18:35:04.274264+00","2026-07-28T18:35:03Z_0001_weather","LITTLEMOUNT_KILAMBAKKAM_019","Corridor_Littlemount_Kilambakkam",30.30,NULL,16.00,"Cloudy","OK",2412.0,0
38709,"2026-07-28 18:35:04.274264+00","2026-07-28T18:35:03Z_0001_weather","LITTLEMOUNT_KILAMBAKKAM_021","Corridor_Littlemount_Kilambakkam",30.30,NULL,16.00,"Cloudy","OK",2414.3,0
38710,"2026-07-28 18:35:04.274264+00","2026-07-28T18:35:03Z_0001_weather","LITTLEMOUNT_KILAMBAKKAM_020","Corridor_Littlemount_Kilambakkam",30.30,NULL,16.00,"Cloudy","OK",2414.5,0
38711,"2026-07-28 18:35:04.274264+00","2026-07-28T18:35:03Z_0001_weather","LITTLEMOUNT_KILAMBAKKAM_022","Corridor_Littlemount_Kilambakkam",30.30,NULL,16.00,"Cloudy","OK",2418.4,0
38712,"2026-07-28 18:35:04.274264+00","2026-07-28T18:35:03Z_0001_weather","LITTLEMOUNT_KILAMBAKKAM_028","Corridor_Littlemount_Kilambakkam",30.20,NULL,16.00,"Cloudy","OK",2427.4,0
38713,"2026-07-28 18:35:04.274264+00","2026-07-28T18:35:03Z_0001_weather","LITTLEMOUNT_KILAMBAKKAM_027","Corridor_Littlemount_Kilambakkam",30.20,NULL,16.00,"Cloudy","OK",2427.5,0
38714,"2026-07-28 18:35:04.274264+00","2026-07-28T18:35:03Z_0001_weather","LITTLEMOUNT_KILAMBAKKAM_024","Corridor_Littlemount_Kilambakkam",30.20,NULL,16.00,"Cloudy","OK",2429.2,0
38715,"2026-07-28 18:35:04.274264+00","2026-07-28T18:35:03Z_0001_weather","LITTLEMOUNT_KILAMBAKKAM_026","Corridor_Littlemount_Kilambakkam",30.20,NULL,16.00,"Cloudy","OK",2428.1,0
38716,"2026-07-28 18:35:04.274264+00","2026-07-28T18:35:03Z_0001_weather","LITTLEMOUNT_KILAMBAKKAM_023","Corridor_Littlemount_Kilambakkam",30.20,NULL,16.00,"Cloudy","OK",2431.5,0
38717,"2026-07-28 18:35:04.274264+00","2026-07-28T18:35:03Z_0001_weather","LITTLEMOUNT_KILAMBAKKAM_025","Corridor_Littlemount_Kilambakkam",30.20,NULL,16.00,"Cloudy","OK",2435.0,0
38718,"2026-07-28 18:35:04.274264+00","2026-07-28T18:35:03Z_0001_weather","LITTLEMOUNT_KILAMBAKKAM_029","Corridor_Littlemount_Kilambakkam",30.20,NULL,16.00,"Cloudy","OK",2443.8,0
38719,"2026-07-28 18:35:04.274264+00","2026-07-28T18:35:03Z_0001_weather","LITTLEMOUNT_KILAMBAKKAM_030","Corridor_Littlemount_Kilambakkam",30.20,NULL,16.00,"Cloudy","OK",2454.1,0
38720,"2026-07-28 18:35:04.274264+00","2026-07-28T18:35:03Z_0001_weather","LITTLEMOUNT_KILAMBAKKAM_031","Corridor_Littlemount_Kilambakkam",30.20,NULL,16.00,"Cloudy","OK",2457.0,0
38721,"2026-07-28 18:35:04.274264+00","2026-07-28T18:35:03Z_0001_weather","BROADWAY_KOYEMBEDU_001","EVR Salai",30.40,NULL,16.00,"Cloudy","OK",2459.8,0
38722,"2026-07-28 18:35:04.274264+00","2026-07-28T18:35:03Z_0001_weather","LITTLEMOUNT_KILAMBAKKAM_032","Corridor_Littlemount_Kilambakkam",30.20,NULL,16.00,"Cloudy","OK",2459.9,0
38723,"2026-07-28 18:35:04.274264+00","2026-07-28T18:35:03Z_0001_weather","BROADWAY_KOYEMBEDU_002","EVR Salai",30.40,NULL,16.00,"Cloudy","OK",2463.0,0
38724,"2026-07-28 18:35:04.274264+00","2026-07-28T18:35:03Z_0001_weather","BROADWAY_KOYEMBEDU_003","EVR Salai",30.40,NULL,16.00,"Cloudy","OK",2480.1,0
38725,"2026-07-28 18:35:04.274264+00","2026-07-28T18:35:03Z_0001_weather","BROADWAY_KOYEMBEDU_004","EVR Salai",30.40,NULL,16.00,"Cloudy","OK",2540.6,0
38726,"2026-07-28 18:35:04.274264+00","2026-07-28T18:35:03Z_0001_weather","BROADWAY_KOYEMBEDU_012","EVR Salai",30.40,NULL,16.00,"Cloudy","OK",3144.6,0
38727,"2026-07-28 18:35:04.274264+00","2026-07-28T18:35:03Z_0001_weather","BROADWAY_KOYEMBEDU_006","EVR Salai",30.40,NULL,16.00,"Cloudy","OK",3147.4,0
38728,"2026-07-28 18:35:04.274264+00","2026-07-28T18:35:03Z_0001_weather","BROADWAY_KOYEMBEDU_011","EVR Salai",30.40,NULL,16.00,"Cloudy","OK",3148.4,0
38729,"2026-07-28 18:35:04.274264+00","2026-07-28T18:35:03Z_0001_weather","BROADWAY_KOYEMBEDU_016","EVR Salai",30.40,NULL,16.00,"Cloudy","OK",3152.5,0
38730,"2026-07-28 18:35:04.274264+00","2026-07-28T18:35:03Z_0001_weather","BROADWAY_KOYEMBEDU_010","EVR Salai",30.40,NULL,16.00,"Cloudy","OK",3155.2,0
38731,"2026-07-28 18:35:04.274264+00","2026-07-28T18:35:03Z_0001_weather","BROADWAY_KOYEMBEDU_015","EVR Salai",30.40,NULL,16.00,"Cloudy","OK",3160.5,0
38732,"2026-07-28 18:35:04.274264+00","2026-07-28T18:35:03Z_0001_weather","BROADWAY_KOYEMBEDU_005","EVR Salai",30.40,NULL,16.00,"Cloudy","OK",3161.5,0
38733,"2026-07-28 18:35:04.274264+00","2026-07-28T18:35:03Z_0001_weather","BROADWAY_KOYEMBEDU_008","EVR Salai",30.40,NULL,16.00,"Cloudy","OK",3162.2,0
38734,"2026-07-28 18:35:04.274264+00","2026-07-28T18:35:03Z_0001_weather","BROADWAY_KOYEMBEDU_007","EVR Salai",30.40,NULL,16.00,"Cloudy","OK",3165.9,0
38735,"2026-07-28 18:35:04.274264+00","2026-07-28T18:35:03Z_0001_weather","BROADWAY_KOYEMBEDU_013","EVR Salai",30.40,NULL,16.00,"Cloudy","OK",3168.6,0
38736,"2026-07-28 18:35:04.274264+00","2026-07-28T18:35:03Z_0001_weather","BROADWAY_KOYEMBEDU_014","EVR Salai",30.40,NULL,16.00,"Cloudy","OK",3175.4,0
38737,"2026-07-28 18:35:04.274264+00","2026-07-28T18:35:03Z_0001_weather","BROADWAY_KOYEMBEDU_022","EVR Salai",30.40,NULL,16.00,"Cloudy","OK",3170.3,0
38738,"2026-07-28 18:35:04.274264+00","2026-07-28T18:35:03Z_0001_weather","BROADWAY_KOYEMBEDU_009","EVR Salai",30.40,NULL,16.00,"Cloudy","OK",3176.3,0
38739,"2026-07-28 18:35:04.274264+00","2026-07-28T18:35:03Z_0001_weather","BROADWAY_KOYEMBEDU_021","EVR Salai",30.40,NULL,16.00,"Cloudy","OK",3177.7,0
38740,"2026-07-28 18:35:04.274264+00","2026-07-28T18:35:03Z_0001_weather","BROADWAY_KOYEMBEDU_017","EVR Salai",30.40,NULL,16.00,"Cloudy","OK",3181.2,0
38741,"2026-07-28 18:35:04.274264+00","2026-07-28T18:35:03Z_0001_weather","BROADWAY_KOYEMBEDU_020","EVR Salai",30.40,NULL,16.00,"Cloudy","OK",3181.7,0
38742,"2026-07-28 18:35:04.274264+00","2026-07-28T18:35:03Z_0001_weather","BROADWAY_KOYEMBEDU_018","EVR Salai",30.40,NULL,16.00,"Cloudy","OK",3184.6,0
38743,"2026-07-28 18:35:04.274264+00","2026-07-28T18:35:03Z_0001_weather","BROADWAY_KOYEMBEDU_023","EVR Salai",30.40,NULL,16.00,"Cloudy","OK",3196.3,0
38744,"2026-07-28 18:35:04.274264+00","2026-07-28T18:35:03Z_0001_weather","BROADWAY_KOYEMBEDU_019","EVR Salai",30.40,NULL,16.00,"Cloudy","OK",3215.2,0
38745,"2026-07-28 18:35:04.274264+00","2026-07-28T18:35:03Z_0001_weather","BROADWAY_KOYEMBEDU_024","EVR Salai",30.40,NULL,16.00,"Cloudy","OK",3360.5,0
38746,"2026-07-28 18:35:04.274264+00","2026-07-28T18:35:03Z_0001_weather","BROADWAY_KOYEMBEDU_025","EVR Salai",30.40,NULL,16.00,"Cloudy","OK",3415.1,0
38747,"2026-07-28 18:35:04.274264+00","2026-07-28T18:35:03Z_0001_weather","KOYEMBEDU_BROADWAY_001","EVR Salai",30.40,NULL,16.00,"Cloudy","OK",3417.4,0
38748,"2026-07-28 18:35:04.274264+00","2026-07-28T18:35:03Z_0001_weather","BROADWAY_KOYEMBEDU_026","EVR Salai",30.40,NULL,16.00,"Cloudy","OK",3420.0,0
38749,"2026-07-28 18:35:04.274264+00","2026-07-28T18:35:03Z_0001_weather","KOYEMBEDU_BROADWAY_002","EVR Salai",30.40,NULL,16.00,"Cloudy","OK",3421.3,0
38750,"2026-07-28 18:35:04.274264+00","2026-07-28T18:35:03Z_0001_weather","KOYEMBEDU_BROADWAY_003","EVR Salai",30.40,NULL,16.00,"Cloudy","OK",3427.3,0
38751,"2026-07-28 18:35:04.274264+00","2026-07-28T18:35:03Z_0001_weather","KOYEMBEDU_BROADWAY_004","EVR Salai",30.40,NULL,16.00,"Cloudy","OK",3433.8,0
38752,"2026-07-28 18:35:04.274264+00","2026-07-28T18:35:03Z_0001_weather","KOYEMBEDU_BROADWAY_008","EVR Salai",30.40,NULL,16.00,"Cloudy","OK",3436.4,0
38753,"2026-07-28 18:35:04.274264+00","2026-07-28T18:35:03Z_0001_weather","KOYEMBEDU_BROADWAY_005","EVR Salai",30.40,NULL,16.00,"Cloudy","OK",3438.8,0
38754,"2026-07-28 18:35:04.274264+00","2026-07-28T18:35:03Z_0001_weather","KOYEMBEDU_BROADWAY_006","EVR Salai",30.40,NULL,16.00,"Cloudy","OK",3439.2,0
38755,"2026-07-28 18:35:04.274264+00","2026-07-28T18:35:03Z_0001_weather","KOYEMBEDU_BROADWAY_007","EVR Salai",30.40,NULL,16.00,"Cloudy","OK",3442.9,0
38756,"2026-07-28 18:35:04.274264+00","2026-07-28T18:35:03Z_0001_weather","KOYEMBEDU_BROADWAY_012","EVR Salai",30.40,NULL,16.00,"Cloudy","OK",3445.9,0
38757,"2026-07-28 18:35:04.274264+00","2026-07-28T18:35:03Z_0001_weather","KOYEMBEDU_BROADWAY_009","EVR Salai",30.40,NULL,16.00,"Cloudy","OK",3446.0,0
38758,"2026-07-28 18:35:04.274264+00","2026-07-28T18:35:03Z_0001_weather","KOYEMBEDU_BROADWAY_011","EVR Salai",30.40,NULL,16.00,"Cloudy","OK",3449.5,0
38759,"2026-07-28 18:35:04.274264+00","2026-07-28T18:35:03Z_0001_weather","KOYEMBEDU_BROADWAY_014","EVR Salai",30.40,NULL,16.00,"Cloudy","OK",3450.4,0
38760,"2026-07-28 18:35:04.274264+00","2026-07-28T18:35:03Z_0001_weather","KOYEMBEDU_BROADWAY_013","EVR Salai",30.40,NULL,16.00,"Cloudy","OK",3451.0,0
38761,"2026-07-28 18:35:04.274264+00","2026-07-28T18:35:03Z_0001_weather","KOYEMBEDU_BROADWAY_015","EVR Salai",30.40,NULL,16.00,"Cloudy","OK",3455.3,0
38762,"2026-07-28 18:35:04.274264+00","2026-07-28T18:35:03Z_0001_weather","KOYEMBEDU_BROADWAY_010","EVR Salai",30.40,NULL,16.00,"Cloudy","OK",3452.8,0
38763,"2026-07-28 18:35:04.274264+00","2026-07-28T18:35:03Z_0001_weather","KOYEMBEDU_BROADWAY_016","EVR Salai",30.40,NULL,16.00,"Cloudy","OK",3480.4,0
38764,"2026-07-28 18:35:04.274264+00","2026-07-28T18:35:03Z_0001_weather","KOYEMBEDU_BROADWAY_017","EVR Salai",30.40,NULL,16.00,"Cloudy","OK",3489.9,0
38765,"2026-07-28 18:35:04.274264+00","2026-07-28T18:35:03Z_0001_weather","KOYEMBEDU_BROADWAY_018","EVR Salai",30.40,NULL,16.00,"Cloudy","OK",3634.1,0
38766,"2026-07-28 18:35:04.274264+00","2026-07-28T18:35:03Z_0001_weather","KOYEMBEDU_BROADWAY_019","EVR Salai",30.40,NULL,16.00,"Cloudy","OK",3691.6,0
38767,"2026-07-28 18:35:04.274264+00","2026-07-28T18:35:03Z_0001_weather","KOYEMBEDU_BROADWAY_020","EVR Salai",30.40,NULL,16.00,"Cloudy","OK",3693.2,0
38768,"2026-07-28 18:35:04.274264+00","2026-07-28T18:35:03Z_0001_weather","KOYEMBEDU_BROADWAY_022","EVR Salai",30.40,NULL,16.00,"Cloudy","OK",3694.3,0
38769,"2026-07-28 18:35:04.274264+00","2026-07-28T18:35:03Z_0001_weather","KOYEMBEDU_BROADWAY_021","EVR Salai",30.40,NULL,16.00,"Cloudy","OK",3694.4,0
38770,"2026-07-28 18:35:04.274264+00","2026-07-28T18:35:03Z_0001_weather","KOYEMBEDU_BROADWAY_024","EVR Salai",30.40,NULL,16.00,"Cloudy","OK",3704.2,0
38771,"2026-07-28 18:35:04.274264+00","2026-07-28T18:35:03Z_0001_weather","KOYEMBEDU_BROADWAY_026","EVR Salai",30.40,NULL,16.00,"Cloudy","OK",3708.7,0
38772,"2026-07-28 18:35:04.274264+00","2026-07-28T18:35:03Z_0001_weather","GUINDY_TAMBARAM_001","Guindy-Tambaram",30.50,NULL,16.00,"Cloudy","OK",3709.0,0
38773,"2026-07-28 18:35:04.274264+00","2026-07-28T18:35:03Z_0001_weather","KOYEMBEDU_BROADWAY_025","EVR Salai",30.40,NULL,16.00,"Cloudy","OK",3710.7,0
38774,"2026-07-28 18:35:04.274264+00","2026-07-28T18:35:03Z_0001_weather","GUINDY_TAMBARAM_002","Guindy-Tambaram",30.50,NULL,16.00,"Cloudy","OK",3710.9,0
38775,"2026-07-28 18:35:04.274264+00","2026-07-28T18:35:03Z_0001_weather","GUINDY_TAMBARAM_005","Guindy-Tambaram",30.50,NULL,16.00,"Cloudy","OK",3718.4,0
38776,"2026-07-28 18:35:04.274264+00","2026-07-28T18:35:03Z_0001_weather","GUINDY_TAMBARAM_003","Guindy-Tambaram",30.50,NULL,16.00,"Cloudy","OK",3720.0,0
38777,"2026-07-28 18:35:04.274264+00","2026-07-28T18:35:03Z_0001_weather","GUINDY_TAMBARAM_004","Guindy-Tambaram",30.50,NULL,16.00,"Cloudy","OK",3722.0,0
38778,"2026-07-28 18:35:04.274264+00","2026-07-28T18:35:03Z_0001_weather","GUINDY_TAMBARAM_007","Guindy-Tambaram",30.50,NULL,16.00,"Cloudy","OK",3723.3,0
38779,"2026-07-28 18:35:04.274264+00","2026-07-28T18:35:03Z_0001_weather","GUINDY_TAMBARAM_006","Guindy-Tambaram",30.50,NULL,16.00,"Cloudy","OK",3727.4,0
38780,"2026-07-28 18:35:04.274264+00","2026-07-28T18:35:03Z_0001_weather","GUINDY_TAMBARAM_008","Guindy-Tambaram",30.50,NULL,16.00,"Cloudy","OK",3730.1,0
38781,"2026-07-28 18:35:04.274264+00","2026-07-28T18:35:03Z_0001_weather","KOYEMBEDU_BROADWAY_023","EVR Salai",30.40,NULL,16.00,"Cloudy","OK",3734.8,0
38782,"2026-07-28 18:35:04.274264+00","2026-07-28T18:35:03Z_0001_weather","GUINDY_TAMBARAM_009","Guindy-Tambaram",30.50,NULL,16.00,"Cloudy","OK",3744.6,0
38783,"2026-07-28 18:35:04.274264+00","2026-07-28T18:35:03Z_0001_weather","GUINDY_TAMBARAM_011","Guindy-Tambaram",30.50,NULL,16.00,"Cloudy","OK",3765.7,0
38784,"2026-07-28 18:35:04.274264+00","2026-07-28T18:35:03Z_0001_weather","GUINDY_TAMBARAM_010","Guindy-Tambaram",30.50,NULL,16.00,"Cloudy","OK",3767.0,0
38785,"2026-07-28 18:35:04.274264+00","2026-07-28T18:35:03Z_0001_weather","GUINDY_TAMBARAM_012","Guindy-Tambaram",30.50,NULL,16.00,"Cloudy","OK",3904.0,0
38786,"2026-07-28 18:35:04.274264+00","2026-07-28T18:35:03Z_0001_weather","GUINDY_TAMBARAM_014","Guindy-Tambaram",30.50,NULL,16.00,"Cloudy","OK",3959.7,0
38787,"2026-07-28 18:35:04.274264+00","2026-07-28T18:35:03Z_0001_weather","GUINDY_TAMBARAM_016","Guindy-Tambaram",30.30,NULL,16.00,"Cloudy","OK",3960.2,0
38788,"2026-07-28 18:35:04.274264+00","2026-07-28T18:35:03Z_0001_weather","GUINDY_TAMBARAM_013","Guindy-Tambaram",30.50,NULL,16.00,"Cloudy","OK",3960.0,0
38789,"2026-07-28 18:35:04.274264+00","2026-07-28T18:35:03Z_0001_weather","GUINDY_TAMBARAM_015","Guindy-Tambaram",30.30,NULL,16.00,"Cloudy","OK",3969.6,0
38790,"2026-07-28 18:35:04.274264+00","2026-07-28T18:35:03Z_0001_weather","GUINDY_TAMBARAM_019","Guindy-Tambaram",30.30,NULL,16.00,"Cloudy","OK",3977.6,0
38791,"2026-07-28 18:35:04.274264+00","2026-07-28T18:35:03Z_0001_weather","GUINDY_TAMBARAM_021","Guindy-Tambaram",30.30,NULL,16.00,"Cloudy","OK",3978.1,0
38792,"2026-07-28 18:35:04.274264+00","2026-07-28T18:35:03Z_0001_weather","GUINDY_TAMBARAM_020","Guindy-Tambaram",30.30,NULL,16.00,"Cloudy","OK",3978.8,0
38793,"2026-07-28 18:35:04.274264+00","2026-07-28T18:35:03Z_0001_weather","GUINDY_TAMBARAM_018","Guindy-Tambaram",30.30,NULL,16.00,"Cloudy","OK",3978.9,0
38794,"2026-07-28 18:35:04.274264+00","2026-07-28T18:35:03Z_0001_weather","GUINDY_TAMBARAM_017","Guindy-Tambaram",30.30,NULL,16.00,"Cloudy","OK",3978.1,0
38795,"2026-07-28 18:35:04.274264+00","2026-07-28T18:35:03Z_0001_weather","GUINDY_TAMBARAM_022","Guindy-Tambaram",30.30,NULL,16.00,"Cloudy","OK",3991.8,0
38796,"2026-07-28 18:35:04.274264+00","2026-07-28T18:35:03Z_0001_weather","GUINDY_TAMBARAM_024","Guindy-Tambaram",30.20,NULL,16.00,"Cloudy","OK",3992.9,0
38797,"2026-07-28 18:35:04.274264+00","2026-07-28T18:35:03Z_0001_weather","GUINDY_TAMBARAM_023","Guindy-Tambaram",30.30,NULL,16.00,"Cloudy","OK",3997.1,0
38798,"2026-07-28 18:35:04.274264+00","2026-07-28T18:35:03Z_0001_weather","GUINDY_TAMBARAM_025","Guindy-Tambaram",30.20,NULL,16.00,"Cloudy","OK",3997.3,0
38799,"2026-07-28 18:35:04.274264+00","2026-07-28T18:35:03Z_0001_weather","GUINDY_TAMBARAM_028","Guindy-Tambaram",30.20,NULL,16.00,"Cloudy","OK",4001.7,0
38800,"2026-07-28 18:35:04.274264+00","2026-07-28T18:35:03Z_0001_weather","GUINDY_TAMBARAM_027","Guindy-Tambaram",30.20,NULL,16.00,"Cloudy","OK",4002.7,0
38801,"2026-07-28 18:35:04.274264+00","2026-07-28T18:35:03Z_0001_weather","GUINDY_TAMBARAM_026","Guindy-Tambaram",30.20,NULL,16.00,"Cloudy","OK",4005.5,0
38802,"2026-07-28 18:35:04.274264+00","2026-07-28T18:35:03Z_0001_weather","GUINDY_TAMBARAM_029","Guindy-Tambaram",30.20,NULL,16.00,"Cloudy","OK",4025.2,0
38803,"2026-07-28 18:35:04.274264+00","2026-07-28T18:35:03Z_0001_weather","GUINDY_TAMBARAM_030","Guindy-Tambaram",30.20,NULL,16.00,"Cloudy","OK",4043.5,0
38804,"2026-07-28 18:35:04.274264+00","2026-07-28T18:35:03Z_0001_weather","GUINDY_TAMBARAM_031","Guindy-Tambaram",30.20,NULL,16.00,"Cloudy","OK",4048.0,0
38805,"2026-07-28 18:35:04.274264+00","2026-07-28T18:35:03Z_0001_weather","GUINDY_TAMBARAM_032","Guindy-Tambaram",30.20,NULL,16.00,"Cloudy","OK",4175.6,0
38806,"2026-07-28 18:35:04.274264+00","2026-07-28T18:35:03Z_0001_weather","GUINDY_TAMBARAM_035","Guindy-Tambaram",30.20,NULL,16.00,"Cloudy","OK",4230.0,0
38807,"2026-07-28 18:35:04.274264+00","2026-07-28T18:35:03Z_0001_weather","GUINDY_TAMBARAM_034","Guindy-Tambaram",30.20,NULL,16.00,"Cloudy","OK",4231.1,0
38808,"2026-07-28 18:35:04.274264+00","2026-07-28T18:35:03Z_0001_weather","GUINDY_TAMBARAM_033","Guindy-Tambaram",30.20,NULL,16.00,"Cloudy","OK",4231.2,0
38809,"2026-07-28 18:35:04.274264+00","2026-07-28T18:35:03Z_0001_weather","GUINDY_TAMBARAM_036","Guindy-Tambaram",30.20,NULL,16.00,"Cloudy","OK",4237.3,0
38810,"2026-07-28 18:35:04.274264+00","2026-07-28T18:35:03Z_0001_weather","GUINDY_TAMBARAM_041","Guindy-Tambaram",30.20,NULL,16.00,"Cloudy","OK",4247.2,0
38811,"2026-07-28 18:35:04.274264+00","2026-07-28T18:35:03Z_0001_weather","GUINDY_TAMBARAM_040","Guindy-Tambaram",30.20,NULL,16.00,"Cloudy","OK",4248.1,0
38812,"2026-07-28 18:35:04.274264+00","2026-07-28T18:35:03Z_0001_weather","GUINDY_TAMBARAM_039","Guindy-Tambaram",30.20,NULL,16.00,"Cloudy","OK",4248.1,0
38813,"2026-07-28 18:35:04.274264+00","2026-07-28T18:35:03Z_0001_weather","GUINDY_TAMBARAM_038","Guindy-Tambaram",30.20,NULL,16.00,"Cloudy","OK",4248.6,0
38814,"2026-07-28 18:35:04.274264+00","2026-07-28T18:35:03Z_0001_weather","GUINDY_TAMBARAM_037","Guindy-Tambaram",30.20,NULL,16.00,"Cloudy","OK",4248.7,0
38815,"2026-07-28 18:35:04.274264+00","2026-07-28T18:35:03Z_0001_weather","TAMBARAM_GUINDY_002","Guindy-Tambaram",30.20,NULL,16.00,"Cloudy","OK",4263.3,0
38816,"2026-07-28 18:35:04.274264+00","2026-07-28T18:35:03Z_0001_weather","TAMBARAM_GUINDY_001","Guindy-Tambaram",30.20,NULL,16.00,"Cloudy","OK",4264.2,0
38817,"2026-07-28 18:35:04.274264+00","2026-07-28T18:35:03Z_0001_weather","TAMBARAM_GUINDY_003","Guindy-Tambaram",30.20,NULL,16.00,"Cloudy","OK",4264.6,0
38818,"2026-07-28 18:35:04.274264+00","2026-07-28T18:35:03Z_0001_weather","TAMBARAM_GUINDY_004","Guindy-Tambaram",30.20,NULL,16.00,"Cloudy","OK",4270.1,0
38819,"2026-07-28 18:35:04.274264+00","2026-07-28T18:35:03Z_0001_weather","TAMBARAM_GUINDY_005","Guindy-Tambaram",30.20,NULL,16.00,"Cloudy","OK",4270.5,0
38820,"2026-07-28 18:35:04.274264+00","2026-07-28T18:35:03Z_0001_weather","TAMBARAM_GUINDY_006","Guindy-Tambaram",30.20,NULL,16.00,"Cloudy","OK",4271.4,0
38821,"2026-07-28 18:35:04.274264+00","2026-07-28T18:35:03Z_0001_weather","TAMBARAM_GUINDY_007","Guindy-Tambaram",30.20,NULL,16.00,"Cloudy","OK",4274.0,0
38822,"2026-07-28 18:35:04.274264+00","2026-07-28T18:35:03Z_0001_weather","TAMBARAM_GUINDY_008","Guindy-Tambaram",30.20,NULL,16.00,"Cloudy","OK",4309.7,0
38823,"2026-07-28 18:35:04.274264+00","2026-07-28T18:35:03Z_0001_weather","TAMBARAM_GUINDY_009","Guindy-Tambaram",30.20,NULL,16.00,"Cloudy","OK",4320.0,0
38824,"2026-07-28 18:35:04.274264+00","2026-07-28T18:35:03Z_0001_weather","TAMBARAM_GUINDY_010","Guindy-Tambaram",30.20,NULL,16.00,"Cloudy","OK",4335.0,0
38825,"2026-07-28 18:35:04.274264+00","2026-07-28T18:35:03Z_0001_weather","TAMBARAM_GUINDY_011","Guindy-Tambaram",30.20,NULL,16.00,"Cloudy","OK",4446.0,0
38826,"2026-07-28 18:35:04.274264+00","2026-07-28T18:35:03Z_0001_weather","TAMBARAM_GUINDY_013","Guindy-Tambaram",30.20,NULL,16.00,"Cloudy","OK",4505.8,0
38827,"2026-07-28 18:35:04.274264+00","2026-07-28T18:35:03Z_0001_weather","TAMBARAM_GUINDY_015","Guindy-Tambaram",30.20,NULL,16.00,"Cloudy","OK",4510.3,0
38828,"2026-07-28 18:35:04.274264+00","2026-07-28T18:35:03Z_0001_weather","TAMBARAM_GUINDY_017","Guindy-Tambaram",30.20,NULL,16.00,"Cloudy","OK",4516.8,0
38829,"2026-07-28 18:35:04.274264+00","2026-07-28T18:35:03Z_0001_weather","TAMBARAM_GUINDY_016","Guindy-Tambaram",30.20,NULL,16.00,"Cloudy","OK",4517.1,0
38830,"2026-07-28 18:35:04.274264+00","2026-07-28T18:35:03Z_0001_weather","TAMBARAM_GUINDY_019","Guindy-Tambaram",30.30,NULL,16.00,"Cloudy","OK",4518.0,0
38831,"2026-07-28 18:35:04.274264+00","2026-07-28T18:35:03Z_0001_weather","TAMBARAM_GUINDY_020","Guindy-Tambaram",30.30,NULL,16.00,"Cloudy","OK",4520.3,0
38832,"2026-07-28 18:35:04.274264+00","2026-07-28T18:35:03Z_0001_weather","TAMBARAM_GUINDY_012","Guindy-Tambaram",30.20,NULL,16.00,"Cloudy","OK",4525.9,0
38833,"2026-07-28 18:35:04.274264+00","2026-07-28T18:35:03Z_0001_weather","TAMBARAM_GUINDY_018","Guindy-Tambaram",30.30,NULL,16.00,"Cloudy","OK",4527.0,0
38834,"2026-07-28 18:35:04.274264+00","2026-07-28T18:35:03Z_0001_weather","TAMBARAM_GUINDY_014","Guindy-Tambaram",30.20,NULL,16.00,"Cloudy","OK",4527.2,0
38835,"2026-07-28 18:35:04.274264+00","2026-07-28T18:35:03Z_0001_weather","TAMBARAM_GUINDY_022","Guindy-Tambaram",30.30,NULL,16.00,"Cloudy","OK",4535.0,0
38836,"2026-07-28 18:35:04.274264+00","2026-07-28T18:35:03Z_0001_weather","TAMBARAM_GUINDY_023","Guindy-Tambaram",30.30,NULL,16.00,"Cloudy","OK",4541.4,0
38837,"2026-07-28 18:35:04.274264+00","2026-07-28T18:35:03Z_0001_weather","TAMBARAM_GUINDY_024","Guindy-Tambaram",30.30,NULL,16.00,"Cloudy","OK",4543.7,0
38838,"2026-07-28 18:35:04.274264+00","2026-07-28T18:35:03Z_0001_weather","TAMBARAM_GUINDY_025","Guindy-Tambaram",30.50,NULL,16.00,"Cloudy","OK",4544.9,0
38839,"2026-07-28 18:35:04.274264+00","2026-07-28T18:35:03Z_0001_weather","TAMBARAM_GUINDY_026","Guindy-Tambaram",30.50,NULL,16.00,"Cloudy","OK",4549.8,0
38840,"2026-07-28 18:35:04.274264+00","2026-07-28T18:35:03Z_0001_weather","TAMBARAM_GUINDY_027","Guindy-Tambaram",30.50,NULL,16.00,"Cloudy","OK",4554.7,0
38841,"2026-07-28 18:35:04.274264+00","2026-07-28T18:35:03Z_0001_weather","TAMBARAM_GUINDY_021","Guindy-Tambaram",30.30,NULL,16.00,"Cloudy","OK",4554.7,0
38842,"2026-07-28 18:35:04.274264+00","2026-07-28T18:35:03Z_0001_weather","TAMBARAM_GUINDY_029","Guindy-Tambaram",30.50,NULL,16.00,"Cloudy","OK",4597.4,0
38843,"2026-07-28 18:35:04.274264+00","2026-07-28T18:35:03Z_0001_weather","TAMBARAM_GUINDY_028","Guindy-Tambaram",30.50,NULL,16.00,"Cloudy","OK",4601.6,0
38844,"2026-07-28 18:35:04.274264+00","2026-07-28T18:35:03Z_0001_weather","TAMBARAM_GUINDY_030","Guindy-Tambaram",30.50,NULL,16.00,"Cloudy","OK",4618.4,0
38845,"2026-07-28 18:35:04.274264+00","2026-07-28T18:35:03Z_0001_weather","TAMBARAM_GUINDY_031","Guindy-Tambaram",30.50,NULL,16.00,"Cloudy","OK",4715.7,0
38846,"2026-07-28 18:35:04.274264+00","2026-07-28T18:35:03Z_0001_weather","TAMBARAM_GUINDY_032","Guindy-Tambaram",30.50,NULL,16.00,"Cloudy","OK",4774.0,0
38847,"2026-07-28 18:35:04.274264+00","2026-07-28T18:35:03Z_0001_weather","TAMBARAM_GUINDY_034","Guindy-Tambaram",30.50,NULL,16.00,"Cloudy","OK",4786.6,0
38848,"2026-07-28 18:35:04.274264+00","2026-07-28T18:35:03Z_0001_weather","TAMBARAM_GUINDY_036","Guindy-Tambaram",30.50,NULL,16.00,"Cloudy","OK",4787.2,0
38849,"2026-07-28 18:35:04.274264+00","2026-07-28T18:35:03Z_0001_weather","TAMBARAM_GUINDY_033","Guindy-Tambaram",30.50,NULL,16.00,"Cloudy","OK",4787.6,0
38850,"2026-07-28 18:35:04.274264+00","2026-07-28T18:35:03Z_0001_weather","TAMBARAM_GUINDY_037","Guindy-Tambaram",30.50,NULL,16.00,"Cloudy","OK",4788.8,0
38851,"2026-07-28 18:35:04.274264+00","2026-07-28T18:35:03Z_0001_weather","TAMBARAM_GUINDY_035","Guindy-Tambaram",30.50,NULL,16.00,"Cloudy","OK",4791.2,0
38852,"2026-07-28 18:35:04.274264+00","2026-07-28T18:35:03Z_0001_weather","CENTRAL_PUZHAL_001","Puzhal-Central",30.40,NULL,16.00,"Cloudy","OK",4794.0,0
38853,"2026-07-28 18:35:04.274264+00","2026-07-28T18:35:03Z_0001_weather","TAMBARAM_GUINDY_038","Guindy-Tambaram",30.50,NULL,16.00,"Cloudy","OK",4794.7,0
38854,"2026-07-28 18:35:04.274264+00","2026-07-28T18:35:03Z_0001_weather","TAMBARAM_GUINDY_039","Guindy-Tambaram",30.50,NULL,16.00,"Cloudy","OK",4797.3,0
38855,"2026-07-28 18:35:04.274264+00","2026-07-28T18:35:03Z_0001_weather","CENTRAL_PUZHAL_002","Puzhal-Central",30.40,NULL,16.00,"Cloudy","OK",4808.4,0
38856,"2026-07-28 18:35:04.274264+00","2026-07-28T18:35:03Z_0001_weather","CENTRAL_PUZHAL_005","Puzhal-Central",30.40,NULL,16.00,"Cloudy","OK",4816.5,0
38857,"2026-07-28 18:35:04.274264+00","2026-07-28T18:35:03Z_0001_weather","CENTRAL_PUZHAL_004","Puzhal-Central",30.40,NULL,16.00,"Cloudy","OK",4816.8,0
38858,"2026-07-28 18:35:04.274264+00","2026-07-28T18:35:03Z_0001_weather","CENTRAL_PUZHAL_003","Puzhal-Central",30.40,NULL,16.00,"Cloudy","OK",4819.3,0
38859,"2026-07-28 18:35:04.274264+00","2026-07-28T18:35:03Z_0001_weather","CENTRAL_PUZHAL_006","Puzhal-Central",30.40,NULL,16.00,"Cloudy","OK",4825.6,0
38860,"2026-07-28 18:35:04.274264+00","2026-07-28T18:35:03Z_0001_weather","CENTRAL_PUZHAL_008","Puzhal-Central",30.40,NULL,16.00,"Cloudy","OK",4830.0,0
38861,"2026-07-28 18:35:04.274264+00","2026-07-28T18:35:03Z_0001_weather","CENTRAL_PUZHAL_007","Puzhal-Central",30.40,NULL,16.00,"Cloudy","OK",4833.7,0
38862,"2026-07-28 18:35:04.274264+00","2026-07-28T18:35:03Z_0001_weather","CENTRAL_PUZHAL_009","Puzhal-Central",30.40,NULL,16.00,"Cloudy","OK",4878.0,0
38863,"2026-07-28 18:35:04.274264+00","2026-07-28T18:35:03Z_0001_weather","CENTRAL_PUZHAL_010","Puzhal-Central",30.40,NULL,16.00,"Cloudy","OK",4882.2,0
38864,"2026-07-28 18:35:04.274264+00","2026-07-28T18:35:03Z_0001_weather","CENTRAL_PUZHAL_011","Puzhal-Central",30.40,NULL,16.00,"Cloudy","OK",4899.6,0
38865,"2026-07-28 18:35:04.274264+00","2026-07-28T18:35:03Z_0001_weather","CENTRAL_PUZHAL_012","Puzhal-Central",30.40,NULL,16.00,"Cloudy","OK",4987.1,0
38866,"2026-07-28 18:35:04.274264+00","2026-07-28T18:35:03Z_0001_weather","CENTRAL_PUZHAL_013","Puzhal-Central",30.40,NULL,16.00,"Cloudy","OK",5048.7,0
38867,"2026-07-28 18:35:04.274264+00","2026-07-28T18:35:03Z_0001_weather","CENTRAL_PUZHAL_016","Puzhal-Central",30.40,NULL,16.00,"Cloudy","OK",5055.4,0
38868,"2026-07-28 18:35:04.274264+00","2026-07-28T18:35:03Z_0001_weather","CENTRAL_PUZHAL_015","Puzhal-Central",30.40,NULL,16.00,"Cloudy","OK",5059.5,0
38869,"2026-07-28 18:35:04.274264+00","2026-07-28T18:35:03Z_0001_weather","CENTRAL_PUZHAL_017","Puzhal-Central",30.40,NULL,16.00,"Cloudy","OK",5061.0,0
38870,"2026-07-28 18:35:04.274264+00","2026-07-28T18:35:03Z_0001_weather","CENTRAL_PUZHAL_014","Puzhal-Central",30.40,NULL,16.00,"Cloudy","OK",5062.1,0
38871,"2026-07-28 18:35:04.274264+00","2026-07-28T18:35:03Z_0001_weather","CENTRAL_PUZHAL_020","Puzhal-Central",30.40,NULL,16.00,"Cloudy","OK",5063.4,0
38872,"2026-07-28 18:35:04.274264+00","2026-07-28T18:35:03Z_0001_weather","CENTRAL_PUZHAL_019","Puzhal-Central",30.40,NULL,16.00,"Cloudy","OK",5064.5,0
38873,"2026-07-28 18:35:04.274264+00","2026-07-28T18:35:03Z_0001_weather","CENTRAL_PUZHAL_018","Puzhal-Central",30.40,NULL,16.00,"Cloudy","OK",5065.9,0
38874,"2026-07-28 18:35:04.274264+00","2026-07-28T18:35:03Z_0001_weather","CENTRAL_PUZHAL_021","Puzhal-Central",30.40,NULL,16.00,"Cloudy","OK",5066.0,0
38875,"2026-07-28 18:35:04.274264+00","2026-07-28T18:35:03Z_0001_weather","CENTRAL_PUZHAL_022","Puzhal-Central",30.40,NULL,16.00,"Cloudy","OK",5082.6,0
38876,"2026-07-28 18:35:04.274264+00","2026-07-28T18:35:03Z_0001_weather","CENTRAL_PUZHAL_025","Puzhal-Central",30.40,NULL,16.00,"Cloudy","OK",5088.1,0
38877,"2026-07-28 18:35:04.274264+00","2026-07-28T18:35:03Z_0001_weather","CENTRAL_PUZHAL_024","Puzhal-Central",30.40,NULL,16.00,"Cloudy","OK",5089.5,0
38878,"2026-07-28 18:35:04.274264+00","2026-07-28T18:35:03Z_0001_weather","CENTRAL_PUZHAL_023","Puzhal-Central",30.40,NULL,16.00,"Cloudy","OK",5090.4,0
38879,"2026-07-28 18:35:04.274264+00","2026-07-28T18:35:03Z_0001_weather","CENTRAL_PUZHAL_026","Puzhal-Central",30.40,NULL,16.00,"Cloudy","OK",5094.6,0
38880,"2026-07-28 18:35:04.274264+00","2026-07-28T18:35:03Z_0001_weather","CENTRAL_PUZHAL_ATGRADE_001","Puzhal-Central",30.40,NULL,16.00,"Cloudy","OK",5103.7,0
38881,"2026-07-28 18:35:04.274264+00","2026-07-28T18:35:03Z_0001_weather","CENTRAL_PUZHAL_027","Puzhal-Central",30.40,NULL,16.00,"Cloudy","OK",5106.1,0
38882,"2026-07-28 18:35:04.274264+00","2026-07-28T18:35:03Z_0001_weather","CENTRAL_PUZHAL_ATGRADE_002","Puzhal-Central",30.40,NULL,16.00,"Cloudy","OK",5159.7,0
38883,"2026-07-28 18:35:04.274264+00","2026-07-28T18:35:03Z_0001_weather","CENTRAL_PUZHAL_ATGRADE_003","Puzhal-Central",30.40,NULL,16.00,"Cloudy","OK",5166.6,0
38884,"2026-07-28 18:35:04.274264+00","2026-07-28T18:35:03Z_0001_weather","CENTRAL_PUZHAL_ATGRADE_004","Puzhal-Central",30.40,NULL,16.00,"Cloudy","OK",5184.8,0
38885,"2026-07-28 18:35:04.274264+00","2026-07-28T18:35:03Z_0001_weather","PUZHAL_CENTRAL_001","Puzhal-Central",30.40,NULL,16.00,"Cloudy","OK",5256.3,0
38886,"2026-07-28 18:35:04.274264+00","2026-07-28T18:35:03Z_0001_weather","PUZHAL_CENTRAL_002","Puzhal-Central",30.40,NULL,16.00,"Cloudy","OK",5323.2,0
38887,"2026-07-28 18:35:04.274264+00","2026-07-28T18:35:03Z_0001_weather","PUZHAL_CENTRAL_003","Puzhal-Central",30.40,NULL,16.00,"Cloudy","OK",5327.4,0
38888,"2026-07-28 18:35:04.274264+00","2026-07-28T18:35:03Z_0001_weather","PUZHAL_CENTRAL_004","Puzhal-Central",30.40,NULL,16.00,"Cloudy","OK",5328.2,0
38889,"2026-07-28 18:35:04.274264+00","2026-07-28T18:35:03Z_0001_weather","PUZHAL_CENTRAL_006","Puzhal-Central",30.40,NULL,16.00,"Cloudy","OK",5332.5,0
38890,"2026-07-28 18:35:04.274264+00","2026-07-28T18:35:03Z_0001_weather","PUZHAL_CENTRAL_005","Puzhal-Central",30.40,NULL,16.00,"Cloudy","OK",5334.0,0
38891,"2026-07-28 18:35:04.274264+00","2026-07-28T18:35:03Z_0001_weather","PUZHAL_CENTRAL_009","Puzhal-Central",30.40,NULL,16.00,"Cloudy","OK",5335.4,0
38892,"2026-07-28 18:35:04.274264+00","2026-07-28T18:35:03Z_0001_weather","PUZHAL_CENTRAL_010","Puzhal-Central",30.40,NULL,16.00,"Cloudy","OK",5337.9,0
38893,"2026-07-28 18:35:04.274264+00","2026-07-28T18:35:03Z_0001_weather","PUZHAL_CENTRAL_008","Puzhal-Central",30.40,NULL,16.00,"Cloudy","OK",5337.9,0
38894,"2026-07-28 18:35:04.274264+00","2026-07-28T18:35:03Z_0001_weather","PUZHAL_CENTRAL_007","Puzhal-Central",30.40,NULL,16.00,"Cloudy","OK",5338.5,0
38895,"2026-07-28 18:35:04.274264+00","2026-07-28T18:35:03Z_0001_weather","PUZHAL_CENTRAL_011","Puzhal-Central",30.40,NULL,16.00,"Cloudy","OK",5354.5,0
38896,"2026-07-28 18:35:04.274264+00","2026-07-28T18:35:03Z_0001_weather","PUZHAL_CENTRAL_013","Puzhal-Central",30.40,NULL,16.00,"Cloudy","OK",5362.6,0
38897,"2026-07-28 18:35:04.274264+00","2026-07-28T18:35:03Z_0001_weather","PUZHAL_CENTRAL_014","Puzhal-Central",30.40,NULL,16.00,"Cloudy","OK",5366.8,0
38898,"2026-07-28 18:35:04.274264+00","2026-07-28T18:35:03Z_0001_weather","PUZHAL_CENTRAL_012","Puzhal-Central",30.40,NULL,16.00,"Cloudy","OK",5367.2,0
38899,"2026-07-28 18:35:04.274264+00","2026-07-28T18:35:03Z_0001_weather","PUZHAL_CENTRAL_015","Puzhal-Central",30.40,NULL,16.00,"Cloudy","OK",5370.1,0
38900,"2026-07-28 18:35:04.274264+00","2026-07-28T18:35:03Z_0001_weather","PUZHAL_CENTRAL_016","Puzhal-Central",30.40,NULL,16.00,"Cloudy","OK",5383.5,0
38901,"2026-07-28 18:35:04.274264+00","2026-07-28T18:35:03Z_0001_weather","PUZHAL_CENTRAL_017","Puzhal-Central",30.40,NULL,16.00,"Cloudy","OK",5393.4,0
38902,"2026-07-28 18:35:04.274264+00","2026-07-28T18:35:03Z_0001_weather","PUZHAL_CENTRAL_018","Puzhal-Central",30.40,NULL,16.00,"Cloudy","OK",5433.6,0
38903,"2026-07-28 18:35:04.274264+00","2026-07-28T18:35:03Z_0001_weather","PUZHAL_CENTRAL_019","Puzhal-Central",30.40,NULL,16.00,"Cloudy","OK",5455.8,0
38904,"2026-07-28 18:35:04.274264+00","2026-07-28T18:35:03Z_0001_weather","PUZHAL_CENTRAL_020","Puzhal-Central",30.40,NULL,16.00,"Cloudy","OK",5470.3,0
38905,"2026-07-28 18:35:04.274264+00","2026-07-28T18:35:03Z_0001_weather","PUZHAL_CENTRAL_021","Puzhal-Central",30.40,NULL,16.00,"Cloudy","OK",5527.6,0
38906,"2026-07-28 18:35:04.274264+00","2026-07-28T18:35:03Z_0001_weather","PUZHAL_CENTRAL_022","Puzhal-Central",30.40,NULL,16.00,"Cloudy","OK",5591.1,0
38907,"2026-07-28 18:35:04.274264+00","2026-07-28T18:35:03Z_0001_weather","PUZHAL_CENTRAL_024","Puzhal-Central",30.40,NULL,16.00,"Cloudy","OK",5598.4,0
38908,"2026-07-28 18:35:04.274264+00","2026-07-28T18:35:03Z_0001_weather","PUZHAL_CENTRAL_026","Puzhal-Central",30.40,NULL,16.00,"Cloudy","OK",5601.9,0
38909,"2026-07-28 18:35:04.274264+00","2026-07-28T18:35:03Z_0001_weather","PUZHAL_CENTRAL_025","Puzhal-Central",30.40,NULL,16.00,"Cloudy","OK",5602.2,0
38910,"2026-07-28 18:35:04.274264+00","2026-07-28T18:35:03Z_0001_weather","PUZHAL_CENTRAL_023","Puzhal-Central",30.40,NULL,16.00,"Cloudy","OK",5604.6,0
38911,"2026-07-28 18:35:04.274264+00","2026-07-28T18:35:03Z_0001_weather","PUZHAL_CENTRAL_ATGRADE_002","Puzhal-Central",30.40,NULL,16.00,"Cloudy","OK",5605.7,0
38912,"2026-07-28 18:35:04.274264+00","2026-07-28T18:35:03Z_0001_weather","PUZHAL_CENTRAL_ATGRADE_003","Puzhal-Central",30.40,NULL,16.00,"Cloudy","OK",5605.8,0
38913,"2026-07-28 18:35:04.274264+00","2026-07-28T18:35:03Z_0001_weather","PUZHAL_CENTRAL_ATGRADE_001","Puzhal-Central",30.40,NULL,16.00,"Cloudy","OK",5608.2,0
38914,"2026-07-28 18:35:04.274264+00","2026-07-28T18:35:03Z_0001_weather","PUZHAL_CENTRAL_027","Puzhal-Central",30.40,NULL,16.00,"Cloudy","OK",5608.8,0
38915,"2026-07-28 18:35:04.274264+00","2026-07-28T18:35:03Z_0001_weather","PUZHAL_CENTRAL_ATGRADE_004","Puzhal-Central",30.40,NULL,16.00,"Cloudy","OK",5627.1,0
38916,"2026-07-28 18:35:04.274264+00","2026-07-28T18:35:03Z_0001_weather","PALLAVARAM_THORAIPAKKAM_001","Thoraipakkam-Pallavaram",30.30,NULL,16.00,"Cloudy","OK",5635.5,0
38917,"2026-07-28 18:35:04.274264+00","2026-07-28T18:35:03Z_0001_weather","PUZHAL_CENTRAL_ATGRADE_005","Puzhal-Central",30.40,NULL,16.00,"Cloudy","OK",5636.7,0
38918,"2026-07-28 18:35:04.274264+00","2026-07-28T18:35:03Z_0001_weather","PALLAVARAM_THORAIPAKKAM_003","Thoraipakkam-Pallavaram",30.30,NULL,16.00,"Cloudy","OK",5647.3,0
38919,"2026-07-28 18:35:04.274264+00","2026-07-28T18:35:03Z_0001_weather","PALLAVARAM_THORAIPAKKAM_002","Thoraipakkam-Pallavaram",30.30,NULL,16.00,"Cloudy","OK",5649.2,0
38920,"2026-07-28 18:35:04.274264+00","2026-07-28T18:35:03Z_0001_weather","PALLAVARAM_THORAIPAKKAM_004","Thoraipakkam-Pallavaram",30.30,NULL,16.00,"Cloudy","OK",5660.2,0
38921,"2026-07-28 18:35:04.274264+00","2026-07-28T18:35:03Z_0001_weather","PALLAVARAM_THORAIPAKKAM_005","Thoraipakkam-Pallavaram",30.30,NULL,16.00,"Cloudy","OK",5669.6,0
38922,"2026-07-28 18:35:04.274264+00","2026-07-28T18:35:03Z_0001_weather","PALLAVARAM_THORAIPAKKAM_006","Thoraipakkam-Pallavaram",30.50,NULL,16.00,"Cloudy","OK",5708.7,0
38923,"2026-07-28 18:35:04.274264+00","2026-07-28T18:35:03Z_0001_weather","PALLAVARAM_THORAIPAKKAM_007","Thoraipakkam-Pallavaram",30.50,NULL,16.00,"Cloudy","OK",5736.8,0
38924,"2026-07-28 18:35:04.274264+00","2026-07-28T18:35:03Z_0001_weather","PALLAVARAM_THORAIPAKKAM_008","Thoraipakkam-Pallavaram",30.50,NULL,16.00,"Cloudy","OK",5750.5,0
38925,"2026-07-28 18:35:04.274264+00","2026-07-28T18:35:03Z_0001_weather","PALLAVARAM_THORAIPAKKAM_009","Thoraipakkam-Pallavaram",30.50,NULL,16.00,"Cloudy","OK",5799.0,0
38926,"2026-07-28 18:35:04.274264+00","2026-07-28T18:35:03Z_0001_weather","PALLAVARAM_THORAIPAKKAM_010","Thoraipakkam-Pallavaram",30.50,NULL,16.00,"Cloudy","OK",5862.6,0
38927,"2026-07-28 18:35:04.274264+00","2026-07-28T18:35:03Z_0001_weather","THORAIPAKKAM_PALLAVARM_002","Thoraipakkam-Pallavaram",30.50,NULL,16.00,"Cloudy","OK",5872.4,0
38928,"2026-07-28 18:35:04.274264+00","2026-07-28T18:35:03Z_0001_weather","PALLAVARAM_THORAIPAKKAM_AT_GRADE_001","Thoraipakkam-Pallavaram",30.30,NULL,16.00,"Cloudy","OK",5874.1,0
38929,"2026-07-28 18:35:04.274264+00","2026-07-28T18:35:03Z_0001_weather","PALLAVARAM_THORAIPAKKAM_AT_GRADE_002","Thoraipakkam-Pallavaram",30.30,NULL,16.00,"Cloudy","OK",5874.2,0
38930,"2026-07-28 18:35:04.274264+00","2026-07-28T18:35:03Z_0001_weather","THORAIPAKKAM_PALLAVARM_004","Thoraipakkam-Pallavaram",30.50,NULL,16.00,"Cloudy","OK",5875.2,0
38931,"2026-07-28 18:35:04.274264+00","2026-07-28T18:35:03Z_0001_weather","THORAIPAKKAM_PALLAVARM_001","Thoraipakkam-Pallavaram",30.50,NULL,16.00,"Cloudy","OK",5875.7,0
38932,"2026-07-28 18:35:04.274264+00","2026-07-28T18:35:03Z_0001_weather","THORAIPAKKAM_PALLAVARM_005","Thoraipakkam-Pallavaram",30.50,NULL,16.00,"Cloudy","OK",5877.1,0
38933,"2026-07-28 18:35:04.274264+00","2026-07-28T18:35:03Z_0001_weather","THORAIPAKKAM_PALLAVARM_003","Thoraipakkam-Pallavaram",30.50,NULL,16.00,"Cloudy","OK",5877.4,0
38934,"2026-07-28 18:35:04.274264+00","2026-07-28T18:35:03Z_0001_weather","THORAIPAKKAM_PALLAVARM_006","Thoraipakkam-Pallavaram",30.30,NULL,16.00,"Cloudy","OK",5882.4,0
38935,"2026-07-28 18:35:04.274264+00","2026-07-28T18:35:03Z_0001_weather","THORAIPAKKAM_PALLAVARM_007","Thoraipakkam-Pallavaram",30.30,NULL,16.00,"Cloudy","OK",5901.7,0
38936,"2026-07-28 18:35:04.274264+00","2026-07-28T18:35:03Z_0001_weather","THORAIPAKKAM_PALLAVARM_009","Thoraipakkam-Pallavaram",30.30,NULL,16.00,"Cloudy","OK",5907.9,0
38937,"2026-07-28 18:35:04.274264+00","2026-07-28T18:35:03Z_0001_weather","THORAIPAKKAM_PALLAVARM_008","Thoraipakkam-Pallavaram",30.30,NULL,16.00,"Cloudy","OK",5908.1,0
38938,"2026-07-28 18:35:04.274264+00","2026-07-28T18:35:03Z_0001_weather","THORAIPAKKAM_PALLAVARM_010","Thoraipakkam-Pallavaram",30.30,NULL,16.00,"Cloudy","OK",5916.9,0
38939,"2026-07-28 18:35:04.274264+00","2026-07-28T18:35:03Z_0001_weather","THORAIPAKKAM_PALLAVARM_AT_GRADE_001","Thoraipakkam-Pallavaram",30.30,NULL,16.00,"Cloudy","OK",5917.0,0
38940,"2026-07-28 18:35:04.274264+00","2026-07-28T18:35:03Z_0001_weather","THORAIPAKKAM_PALLAVARM_AT_GRADE_002","Thoraipakkam-Pallavaram",30.30,NULL,16.00,"Cloudy","OK",5929.2,0
38941,"2026-07-28 21:35:04.263506+00","2026-07-28T21:35:03Z_0001_weather","KILAMBAKKAM_LITTLEMOUNT(AT_GRADE_BELOWFLYOVER)_001","Corridor_Littlemount_Kilambakkam",29.70,NULL,16.00,"Cloudy","OK",1599.1,0
38942,"2026-07-28 21:35:04.263506+00","2026-07-28T21:35:03Z_0001_weather","KILAMBAKKAM_LITTLEMOUNT_004","Corridor_Littlemount_Kilambakkam",29.60,NULL,16.00,"Cloudy","OK",1598.8,0
38943,"2026-07-28 21:35:04.263506+00","2026-07-28T21:35:03Z_0001_weather","KILAMBAKKAM_LITTLEMOUNT_011","Corridor_Littlemount_Kilambakkam",29.70,NULL,16.00,"Cloudy","OK",1599.0,0
38944,"2026-07-28 21:35:04.263506+00","2026-07-28T21:35:03Z_0001_weather","KILAMBAKKAM_LITTLEMOUNT_010","Corridor_Littlemount_Kilambakkam",29.60,NULL,16.00,"Cloudy","OK",1600.1,0
38945,"2026-07-28 21:35:04.263506+00","2026-07-28T21:35:03Z_0001_weather","KILAMBAKKAM_LITTLEMOUNT_007","Corridor_Littlemount_Kilambakkam",29.60,NULL,16.00,"Cloudy","OK",1602.9,0
38946,"2026-07-28 21:35:04.263506+00","2026-07-28T21:35:03Z_0001_weather","KILAMBAKKAM_LITTLEMOUNT_008","Corridor_Littlemount_Kilambakkam",29.60,NULL,16.00,"Cloudy","OK",1606.1,0
38947,"2026-07-28 21:35:04.263506+00","2026-07-28T21:35:03Z_0001_weather","KILAMBAKKAM_LITTLEMOUNT(AT_GRADE_BELOWFLYOVER)_008","Corridor_Littlemount_Kilambakkam",29.60,NULL,16.00,"Cloudy","OK",1607.3,0
38948,"2026-07-28 21:35:04.263506+00","2026-07-28T21:35:03Z_0001_weather","KILAMBAKKAM_LITTLEMOUNT_006","Corridor_Littlemount_Kilambakkam",29.60,NULL,16.00,"Cloudy","OK",1601.7,0
38949,"2026-07-28 21:35:04.263506+00","2026-07-28T21:35:03Z_0001_weather","KILAMBAKKAM_LITTLEMOUNT(AT_GRADE_BELOWFLYOVER)_009","Corridor_Littlemount_Kilambakkam",29.60,NULL,16.00,"Cloudy","OK",1612.5,0
38950,"2026-07-28 21:35:04.263506+00","2026-07-28T21:35:03Z_0001_weather","KILAMBAKKAM_LITTLEMOUNT_002","Corridor_Littlemount_Kilambakkam",29.60,NULL,16.00,"Cloudy","OK",1614.7,0
38951,"2026-07-28 21:35:04.263506+00","2026-07-28T21:35:03Z_0001_weather","KILAMBAKKAM_LITTLEMOUNT_009","Corridor_Littlemount_Kilambakkam",29.60,NULL,16.00,"Cloudy","OK",1615.5,0
38952,"2026-07-28 21:35:04.263506+00","2026-07-28T21:35:03Z_0001_weather","KILAMBAKKAM_LITTLEMOUNT_003","Corridor_Littlemount_Kilambakkam",29.60,NULL,16.00,"Cloudy","OK",1616.5,0
38953,"2026-07-28 21:35:04.263506+00","2026-07-28T21:35:03Z_0001_weather","KILAMBAKKAM_LITTLEMOUNT(AT_GRADE_BELOWFLYOVER)_005","Corridor_Littlemount_Kilambakkam",29.70,NULL,16.00,"Cloudy","OK",1619.1,0
38954,"2026-07-28 21:35:04.263506+00","2026-07-28T21:35:03Z_0001_weather","KILAMBAKKAM_LITTLEMOUNT(AT_GRADE_BELOWFLYOVER)_003","Corridor_Littlemount_Kilambakkam",29.70,NULL,16.00,"Cloudy","OK",1620.1,0
38955,"2026-07-28 21:35:04.263506+00","2026-07-28T21:35:03Z_0001_weather","KILAMBAKKAM_LITTLEMOUNT(AT_GRADE_BELOWFLYOVER)_004","Corridor_Littlemount_Kilambakkam",29.70,NULL,16.00,"Cloudy","OK",1613.5,0
38956,"2026-07-28 21:35:04.263506+00","2026-07-28T21:35:03Z_0001_weather","KILAMBAKKAM_LITTLEMOUNT(AT_GRADE_BELOWFLYOVER)_006","Corridor_Littlemount_Kilambakkam",29.70,NULL,16.00,"Cloudy","OK",1624.4,0
38957,"2026-07-28 21:35:04.263506+00","2026-07-28T21:35:03Z_0001_weather","KILAMBAKKAM_LITTLEMOUNT(AT_GRADE_BELOWFLYOVER)_002","Corridor_Littlemount_Kilambakkam",29.70,NULL,16.00,"Cloudy","OK",1619.8,0
38958,"2026-07-28 21:35:04.263506+00","2026-07-28T21:35:03Z_0001_weather","KILAMBAKKAM_LITTLEMOUNT_005","Corridor_Littlemount_Kilambakkam",29.60,NULL,16.00,"Cloudy","OK",1628.7,0
38959,"2026-07-28 21:35:04.263506+00","2026-07-28T21:35:03Z_0001_weather","KILAMBAKKAM_LITTLEMOUNT(AT_GRADE_BELOWFLYOVER)_007","Corridor_Littlemount_Kilambakkam",29.70,NULL,16.00,"Cloudy","OK",1635.6,0
38960,"2026-07-28 21:35:04.263506+00","2026-07-28T21:35:03Z_0001_weather","KILAMBAKKAM_LITTLEMOUNT_001","Corridor_Littlemount_Kilambakkam",29.60,NULL,16.00,"Cloudy","OK",1708.8,0
38961,"2026-07-28 21:35:04.263506+00","2026-07-28T21:35:03Z_0001_weather","KILAMBAKKAM_LITTLEMOUNT_013","Corridor_Littlemount_Kilambakkam",29.70,NULL,16.00,"Cloudy","OK",1867.3,0
38962,"2026-07-28 21:35:04.263506+00","2026-07-28T21:35:03Z_0001_weather","KILAMBAKKAM_LITTLEMOUNT_014","Corridor_Littlemount_Kilambakkam",29.70,NULL,16.00,"Cloudy","OK",1869.2,0
38963,"2026-07-28 21:35:04.263506+00","2026-07-28T21:35:03Z_0001_weather","KILAMBAKKAM_LITTLEMOUNT_012","Corridor_Littlemount_Kilambakkam",29.70,NULL,16.00,"Cloudy","OK",1870.0,0
38964,"2026-07-28 21:35:04.263506+00","2026-07-28T21:35:03Z_0001_weather","KILAMBAKKAM_LITTLEMOUNT_018","Corridor_Littlemount_Kilambakkam",29.70,NULL,16.00,"Cloudy","OK",1875.0,0
38965,"2026-07-28 21:35:04.263506+00","2026-07-28T21:35:03Z_0001_weather","KILAMBAKKAM_LITTLEMOUNT_016","Corridor_Littlemount_Kilambakkam",29.70,NULL,16.00,"Cloudy","OK",1875.7,0
38966,"2026-07-28 21:35:04.263506+00","2026-07-28T21:35:03Z_0001_weather","KILAMBAKKAM_LITTLEMOUNT_022","Corridor_Littlemount_Kilambakkam",29.70,NULL,16.00,"Cloudy","OK",1882.1,0
38967,"2026-07-28 21:35:04.263506+00","2026-07-28T21:35:03Z_0001_weather","KILAMBAKKAM_LITTLEMOUNT_023","Corridor_Littlemount_Kilambakkam",30.10,NULL,16.00,"Cloudy","OK",1889.2,0
38968,"2026-07-28 21:35:04.263506+00","2026-07-28T21:35:03Z_0001_weather","KILAMBAKKAM_LITTLEMOUNT_024","Corridor_Littlemount_Kilambakkam",30.10,NULL,16.00,"Cloudy","OK",1890.0,0
38969,"2026-07-28 21:35:04.263506+00","2026-07-28T21:35:03Z_0001_weather","KILAMBAKKAM_LITTLEMOUNT_020","Corridor_Littlemount_Kilambakkam",29.70,NULL,16.00,"Cloudy","OK",1890.5,0
38970,"2026-07-28 21:35:04.263506+00","2026-07-28T21:35:03Z_0001_weather","KILAMBAKKAM_LITTLEMOUNT_015","Corridor_Littlemount_Kilambakkam",29.70,NULL,16.00,"Cloudy","OK",1891.1,0
38971,"2026-07-28 21:35:04.263506+00","2026-07-28T21:35:03Z_0001_weather","KILAMBAKKAM_LITTLEMOUNT_017","Corridor_Littlemount_Kilambakkam",29.70,NULL,16.00,"Cloudy","OK",1892.3,0
38972,"2026-07-28 21:35:04.263506+00","2026-07-28T21:35:03Z_0001_weather","KILAMBAKKAM_LITTLEMOUNT_021","Corridor_Littlemount_Kilambakkam",29.70,NULL,16.00,"Cloudy","OK",1894.2,0
38973,"2026-07-28 21:35:04.263506+00","2026-07-28T21:35:03Z_0001_weather","KILAMBAKKAM_LITTLEMOUNT_025","Corridor_Littlemount_Kilambakkam",30.10,NULL,16.00,"Cloudy","OK",1894.6,0
38974,"2026-07-28 21:35:04.263506+00","2026-07-28T21:35:03Z_0001_weather","KILAMBAKKAM_LITTLEMOUNT_027","Corridor_Littlemount_Kilambakkam",30.10,NULL,16.00,"Cloudy","OK",1897.6,0
38975,"2026-07-28 21:35:04.263506+00","2026-07-28T21:35:03Z_0001_weather","KILAMBAKKAM_LITTLEMOUNT_019","Corridor_Littlemount_Kilambakkam",29.70,NULL,16.00,"Cloudy","OK",1888.5,0
38976,"2026-07-28 21:35:04.263506+00","2026-07-28T21:35:03Z_0001_weather","KILAMBAKKAM_LITTLEMOUNT_029","Corridor_Littlemount_Kilambakkam",30.10,NULL,16.00,"Cloudy","OK",1900.5,0
38977,"2026-07-28 21:35:04.263506+00","2026-07-28T21:35:03Z_0001_weather","KILAMBAKKAM_LITTLEMOUNT_026","Corridor_Littlemount_Kilambakkam",30.10,NULL,16.00,"Cloudy","OK",1902.6,0
38978,"2026-07-28 21:35:04.263506+00","2026-07-28T21:35:03Z_0001_weather","LITTLEMOUNT_KILAMBAKKAM(AT_GRADE_BELOWFLYOVER)_001","Corridor_Littlemount_Kilambakkam",29.70,NULL,16.00,"Cloudy","OK",1912.4,0
38979,"2026-07-28 21:35:04.263506+00","2026-07-28T21:35:03Z_0001_weather","KILAMBAKKAM_LITTLEMOUNT_028","Corridor_Littlemount_Kilambakkam",30.10,NULL,16.00,"Cloudy","OK",1903.7,0
38980,"2026-07-28 21:35:04.263506+00","2026-07-28T21:35:03Z_0001_weather","LITTLEMOUNT_KILAMBAKKAM(AT_GRADE_BELOWFLYOVER)_002","Corridor_Littlemount_Kilambakkam",29.70,NULL,16.00,"Cloudy","OK",1995.0,0
38981,"2026-07-28 21:35:04.263506+00","2026-07-28T21:35:03Z_0001_weather","LITTLEMOUNT_KILAMBAKKAM(AT_GRADE_BELOWFLYOVER)_003","Corridor_Littlemount_Kilambakkam",29.70,NULL,16.00,"Cloudy","OK",2135.8,0
38982,"2026-07-28 21:35:04.263506+00","2026-07-28T21:35:03Z_0001_weather","LITTLEMOUNT_KILAMBAKKAM(AT_GRADE_BELOWFLYOVER)_005","Corridor_Littlemount_Kilambakkam",29.60,NULL,16.00,"Cloudy","OK",2137.2,0
38983,"2026-07-28 21:35:04.263506+00","2026-07-28T21:35:03Z_0001_weather","LITTLEMOUNT_KILAMBAKKAM(AT_GRADE_BELOWFLYOVER)_004","Corridor_Littlemount_Kilambakkam",29.70,NULL,16.00,"Cloudy","OK",2140.8,0
38984,"2026-07-28 21:35:04.263506+00","2026-07-28T21:35:03Z_0001_weather","LITTLEMOUNT_KILAMBAKKAM(AT_GRADE_BELOWFLYOVER)_006","Corridor_Littlemount_Kilambakkam",29.60,NULL,16.00,"Cloudy","OK",2143.3,0
38985,"2026-07-28 21:35:04.263506+00","2026-07-28T21:35:03Z_0001_weather","LITTLEMOUNT_KILAMBAKKAM_001","Corridor_Littlemount_Kilambakkam",30.10,NULL,16.00,"Cloudy","OK",2149.9,0
38986,"2026-07-28 21:35:04.263506+00","2026-07-28T21:35:03Z_0001_weather","LITTLEMOUNT_KILAMBAKKAM_002","Corridor_Littlemount_Kilambakkam",30.10,NULL,16.00,"Cloudy","OK",2154.6,0
38987,"2026-07-28 21:35:04.263506+00","2026-07-28T21:35:03Z_0001_weather","LITTLEMOUNT_KILAMBAKKAM_005","Corridor_Littlemount_Kilambakkam",30.10,NULL,16.00,"Cloudy","OK",2157.4,0
38988,"2026-07-28 21:35:04.263506+00","2026-07-28T21:35:03Z_0001_weather","LITTLEMOUNT_KILAMBAKKAM_006","Corridor_Littlemount_Kilambakkam",30.10,NULL,16.00,"Cloudy","OK",2159.9,0
38989,"2026-07-28 21:35:04.263506+00","2026-07-28T21:35:03Z_0001_weather","LITTLEMOUNT_KILAMBAKKAM_004","Corridor_Littlemount_Kilambakkam",30.10,NULL,16.00,"Cloudy","OK",2165.3,0
38990,"2026-07-28 21:35:04.263506+00","2026-07-28T21:35:03Z_0001_weather","LITTLEMOUNT_KILAMBAKKAM_003","Corridor_Littlemount_Kilambakkam",30.10,NULL,16.00,"Cloudy","OK",2166.2,0
38991,"2026-07-28 21:35:04.263506+00","2026-07-28T21:35:03Z_0001_weather","LITTLEMOUNT_KILAMBAKKAM_010","Corridor_Littlemount_Kilambakkam",30.10,NULL,16.00,"Cloudy","OK",2170.9,0
38992,"2026-07-28 21:35:04.263506+00","2026-07-28T21:35:03Z_0001_weather","LITTLEMOUNT_KILAMBAKKAM_008","Corridor_Littlemount_Kilambakkam",30.10,NULL,16.00,"Cloudy","OK",2173.6,0
38993,"2026-07-28 21:35:04.263506+00","2026-07-28T21:35:03Z_0001_weather","LITTLEMOUNT_KILAMBAKKAM_007","Corridor_Littlemount_Kilambakkam",30.10,NULL,16.00,"Cloudy","OK",2179.0,0
38994,"2026-07-28 21:35:04.263506+00","2026-07-28T21:35:03Z_0001_weather","LITTLEMOUNT_KILAMBAKKAM_009","Corridor_Littlemount_Kilambakkam",30.10,NULL,16.00,"Cloudy","OK",2178.8,0
38995,"2026-07-28 21:35:04.263506+00","2026-07-28T21:35:03Z_0001_weather","LITTLEMOUNT_KILAMBAKKAM_011","Corridor_Littlemount_Kilambakkam",30.10,NULL,16.00,"Cloudy","OK",2175.4,0
38996,"2026-07-28 21:35:04.263506+00","2026-07-28T21:35:03Z_0001_weather","LITTLEMOUNT_KILAMBAKKAM_012","Corridor_Littlemount_Kilambakkam",29.70,NULL,16.00,"Cloudy","OK",2185.6,0
38997,"2026-07-28 21:35:04.263506+00","2026-07-28T21:35:03Z_0001_weather","LITTLEMOUNT_KILAMBAKKAM_014","Corridor_Littlemount_Kilambakkam",29.70,NULL,16.00,"Cloudy","OK",2190.4,0
38998,"2026-07-28 21:35:04.263506+00","2026-07-28T21:35:03Z_0001_weather","LITTLEMOUNT_KILAMBAKKAM_013","Corridor_Littlemount_Kilambakkam",29.70,NULL,16.00,"Cloudy","OK",2187.1,0
38999,"2026-07-28 21:35:04.263506+00","2026-07-28T21:35:03Z_0001_weather","LITTLEMOUNT_KILAMBAKKAM_015","Corridor_Littlemount_Kilambakkam",29.70,NULL,16.00,"Cloudy","OK",2193.3,0
39000,"2026-07-28 21:35:04.263506+00","2026-07-28T21:35:03Z_0001_weather","LITTLEMOUNT_KILAMBAKKAM_016","Corridor_Littlemount_Kilambakkam",29.70,NULL,16.00,"Cloudy","OK",2282.6,0
39001,"2026-07-28 21:35:04.263506+00","2026-07-28T21:35:03Z_0001_weather","LITTLEMOUNT_KILAMBAKKAM_017","Corridor_Littlemount_Kilambakkam",29.70,NULL,16.00,"Cloudy","OK",2407.2,0
39002,"2026-07-28 21:35:04.263506+00","2026-07-28T21:35:03Z_0001_weather","LITTLEMOUNT_KILAMBAKKAM_020","Corridor_Littlemount_Kilambakkam",29.70,NULL,16.00,"Cloudy","OK",2409.9,0
39003,"2026-07-28 21:35:04.263506+00","2026-07-28T21:35:03Z_0001_weather","LITTLEMOUNT_KILAMBAKKAM_019","Corridor_Littlemount_Kilambakkam",29.70,NULL,16.00,"Cloudy","OK",2412.3,0
39004,"2026-07-28 21:35:04.263506+00","2026-07-28T21:35:03Z_0001_weather","LITTLEMOUNT_KILAMBAKKAM_018","Corridor_Littlemount_Kilambakkam",29.70,NULL,16.00,"Cloudy","OK",2415.3,0
39005,"2026-07-28 21:35:04.263506+00","2026-07-28T21:35:03Z_0001_weather","LITTLEMOUNT_KILAMBAKKAM_021","Corridor_Littlemount_Kilambakkam",29.70,NULL,16.00,"Cloudy","OK",2421.7,0
39006,"2026-07-28 21:35:04.263506+00","2026-07-28T21:35:03Z_0001_weather","LITTLEMOUNT_KILAMBAKKAM_022","Corridor_Littlemount_Kilambakkam",29.70,NULL,16.00,"Cloudy","OK",2424.2,0
39007,"2026-07-28 21:35:04.263506+00","2026-07-28T21:35:03Z_0001_weather","LITTLEMOUNT_KILAMBAKKAM_023","Corridor_Littlemount_Kilambakkam",29.60,NULL,16.00,"Cloudy","OK",2434.9,0
39008,"2026-07-28 21:35:04.263506+00","2026-07-28T21:35:03Z_0001_weather","LITTLEMOUNT_KILAMBAKKAM_025","Corridor_Littlemount_Kilambakkam",29.60,NULL,16.00,"Cloudy","OK",2439.2,0
39009,"2026-07-28 21:35:04.263506+00","2026-07-28T21:35:03Z_0001_weather","LITTLEMOUNT_KILAMBAKKAM_024","Corridor_Littlemount_Kilambakkam",29.60,NULL,16.00,"Cloudy","OK",2439.4,0
39010,"2026-07-28 21:35:04.263506+00","2026-07-28T21:35:03Z_0001_weather","LITTLEMOUNT_KILAMBAKKAM_026","Corridor_Littlemount_Kilambakkam",29.60,NULL,16.00,"Cloudy","OK",2441.1,0
39011,"2026-07-28 21:35:04.263506+00","2026-07-28T21:35:03Z_0001_weather","LITTLEMOUNT_KILAMBAKKAM_028","Corridor_Littlemount_Kilambakkam",29.60,NULL,16.00,"Cloudy","OK",2442.8,0
39012,"2026-07-28 21:35:04.263506+00","2026-07-28T21:35:03Z_0001_weather","LITTLEMOUNT_KILAMBAKKAM_027","Corridor_Littlemount_Kilambakkam",29.60,NULL,16.00,"Cloudy","OK",2443.5,0
39013,"2026-07-28 21:35:04.263506+00","2026-07-28T21:35:03Z_0001_weather","LITTLEMOUNT_KILAMBAKKAM_030","Corridor_Littlemount_Kilambakkam",29.60,NULL,16.00,"Cloudy","OK",2446.9,0
39014,"2026-07-28 21:35:04.263506+00","2026-07-28T21:35:03Z_0001_weather","LITTLEMOUNT_KILAMBAKKAM_029","Corridor_Littlemount_Kilambakkam",29.60,NULL,16.00,"Cloudy","OK",2449.4,0
39015,"2026-07-28 21:35:04.263506+00","2026-07-28T21:35:03Z_0001_weather","LITTLEMOUNT_KILAMBAKKAM_032","Corridor_Littlemount_Kilambakkam",29.60,NULL,16.00,"Cloudy","OK",2459.7,0
39016,"2026-07-28 21:35:04.263506+00","2026-07-28T21:35:03Z_0001_weather","LITTLEMOUNT_KILAMBAKKAM_031","Corridor_Littlemount_Kilambakkam",29.60,NULL,16.00,"Cloudy","OK",2462.3,0
39017,"2026-07-28 21:35:04.263506+00","2026-07-28T21:35:03Z_0001_weather","BROADWAY_KOYEMBEDU_001","EVR Salai",30.00,NULL,16.00,"Cloudy","OK",2467.8,0
39018,"2026-07-28 21:35:04.263506+00","2026-07-28T21:35:03Z_0001_weather","BROADWAY_KOYEMBEDU_002","EVR Salai",30.00,NULL,16.00,"Cloudy","OK",2476.4,0
39019,"2026-07-28 21:35:04.263506+00","2026-07-28T21:35:03Z_0001_weather","BROADWAY_KOYEMBEDU_003","EVR Salai",30.00,NULL,16.00,"Cloudy","OK",2484.7,0
39020,"2026-07-28 21:35:04.263506+00","2026-07-28T21:35:03Z_0001_weather","BROADWAY_KOYEMBEDU_004","EVR Salai",30.00,NULL,16.00,"Cloudy","OK",2570.6,0
39021,"2026-07-28 21:35:04.263506+00","2026-07-28T21:35:03Z_0001_weather","BROADWAY_KOYEMBEDU_013","EVR Salai",30.00,NULL,16.00,"Cloudy","OK",3143.8,0
39022,"2026-07-28 21:35:04.263506+00","2026-07-28T21:35:03Z_0001_weather","BROADWAY_KOYEMBEDU_009","EVR Salai",30.00,NULL,16.00,"Cloudy","OK",3150.1,0
39023,"2026-07-28 21:35:04.263506+00","2026-07-28T21:35:03Z_0001_weather","BROADWAY_KOYEMBEDU_005","EVR Salai",30.00,NULL,16.00,"Cloudy","OK",3155.1,0
39024,"2026-07-28 21:35:04.263506+00","2026-07-28T21:35:03Z_0001_weather","BROADWAY_KOYEMBEDU_015","EVR Salai",30.00,NULL,16.00,"Cloudy","OK",3166.1,0
39025,"2026-07-28 21:35:04.263506+00","2026-07-28T21:35:03Z_0001_weather","BROADWAY_KOYEMBEDU_014","EVR Salai",30.00,NULL,16.00,"Cloudy","OK",3164.9,0
39026,"2026-07-28 21:35:04.263506+00","2026-07-28T21:35:03Z_0001_weather","BROADWAY_KOYEMBEDU_018","EVR Salai",30.00,NULL,16.00,"Cloudy","OK",3177.9,0
39027,"2026-07-28 21:35:04.263506+00","2026-07-28T21:35:03Z_0001_weather","BROADWAY_KOYEMBEDU_008","EVR Salai",30.00,NULL,16.00,"Cloudy","OK",3176.1,0
39028,"2026-07-28 21:35:04.263506+00","2026-07-28T21:35:03Z_0001_weather","BROADWAY_KOYEMBEDU_017","EVR Salai",30.00,NULL,16.00,"Cloudy","OK",3176.6,0
39029,"2026-07-28 21:35:04.263506+00","2026-07-28T21:35:03Z_0001_weather","BROADWAY_KOYEMBEDU_012","EVR Salai",30.00,NULL,16.00,"Cloudy","OK",3178.6,0
39030,"2026-07-28 21:35:04.263506+00","2026-07-28T21:35:03Z_0001_weather","BROADWAY_KOYEMBEDU_021","EVR Salai",30.00,NULL,16.00,"Cloudy","OK",3179.0,0
39031,"2026-07-28 21:35:04.263506+00","2026-07-28T21:35:03Z_0001_weather","BROADWAY_KOYEMBEDU_020","EVR Salai",30.00,NULL,16.00,"Cloudy","OK",3177.1,0
39032,"2026-07-28 21:35:04.263506+00","2026-07-28T21:35:03Z_0001_weather","BROADWAY_KOYEMBEDU_007","EVR Salai",30.00,NULL,16.00,"Cloudy","OK",3183.4,0
39033,"2026-07-28 21:35:04.263506+00","2026-07-28T21:35:03Z_0001_weather","BROADWAY_KOYEMBEDU_006","EVR Salai",30.00,NULL,16.00,"Cloudy","OK",3186.8,0
39034,"2026-07-28 21:35:04.263506+00","2026-07-28T21:35:03Z_0001_weather","BROADWAY_KOYEMBEDU_010","EVR Salai",30.00,NULL,16.00,"Cloudy","OK",3187.1,0
39035,"2026-07-28 21:35:04.263506+00","2026-07-28T21:35:03Z_0001_weather","BROADWAY_KOYEMBEDU_023","EVR Salai",30.00,NULL,16.00,"Cloudy","OK",3194.8,0
39036,"2026-07-28 21:35:04.263506+00","2026-07-28T21:35:03Z_0001_weather","BROADWAY_KOYEMBEDU_011","EVR Salai",30.00,NULL,16.00,"Cloudy","OK",3203.7,0
39037,"2026-07-28 21:35:04.263506+00","2026-07-28T21:35:03Z_0001_weather","BROADWAY_KOYEMBEDU_016","EVR Salai",30.00,NULL,16.00,"Cloudy","OK",3207.2,0
39038,"2026-07-28 21:35:04.263506+00","2026-07-28T21:35:03Z_0001_weather","BROADWAY_KOYEMBEDU_022","EVR Salai",30.00,NULL,16.00,"Cloudy","OK",3210.0,0
39039,"2026-07-28 21:35:04.263506+00","2026-07-28T21:35:03Z_0001_weather","BROADWAY_KOYEMBEDU_019","EVR Salai",30.00,NULL,16.00,"Cloudy","OK",3216.5,0
39040,"2026-07-28 21:35:04.263506+00","2026-07-28T21:35:03Z_0001_weather","BROADWAY_KOYEMBEDU_024","EVR Salai",30.00,NULL,16.00,"Cloudy","OK",3294.0,0
39041,"2026-07-28 21:35:04.263506+00","2026-07-28T21:35:03Z_0001_weather","BROADWAY_KOYEMBEDU_025","EVR Salai",30.00,NULL,16.00,"Cloudy","OK",3412.5,0
39042,"2026-07-28 21:35:04.263506+00","2026-07-28T21:35:03Z_0001_weather","BROADWAY_KOYEMBEDU_026","EVR Salai",30.00,NULL,16.00,"Cloudy","OK",3420.0,0
39043,"2026-07-28 21:35:04.263506+00","2026-07-28T21:35:03Z_0001_weather","KOYEMBEDU_BROADWAY_001","EVR Salai",30.00,NULL,16.00,"Cloudy","OK",3422.4,0
39044,"2026-07-28 21:35:04.263506+00","2026-07-28T21:35:03Z_0001_weather","KOYEMBEDU_BROADWAY_003","EVR Salai",30.00,NULL,16.00,"Cloudy","OK",3433.9,0
39045,"2026-07-28 21:35:04.263506+00","2026-07-28T21:35:03Z_0001_weather","KOYEMBEDU_BROADWAY_002","EVR Salai",30.00,NULL,16.00,"Cloudy","OK",3435.1,0
39046,"2026-07-28 21:35:04.263506+00","2026-07-28T21:35:03Z_0001_weather","KOYEMBEDU_BROADWAY_008","EVR Salai",30.00,NULL,16.00,"Cloudy","OK",3445.7,0
39047,"2026-07-28 21:35:04.263506+00","2026-07-28T21:35:03Z_0001_weather","KOYEMBEDU_BROADWAY_004","EVR Salai",30.00,NULL,16.00,"Cloudy","OK",3447.1,0
39048,"2026-07-28 21:35:04.263506+00","2026-07-28T21:35:03Z_0001_weather","KOYEMBEDU_BROADWAY_006","EVR Salai",30.00,NULL,16.00,"Cloudy","OK",3449.3,0
39049,"2026-07-28 21:35:04.263506+00","2026-07-28T21:35:03Z_0001_weather","KOYEMBEDU_BROADWAY_007","EVR Salai",30.00,NULL,16.00,"Cloudy","OK",3449.7,0
39050,"2026-07-28 21:35:04.263506+00","2026-07-28T21:35:03Z_0001_weather","KOYEMBEDU_BROADWAY_005","EVR Salai",30.00,NULL,16.00,"Cloudy","OK",3449.6,0
39051,"2026-07-28 21:35:04.263506+00","2026-07-28T21:35:03Z_0001_weather","KOYEMBEDU_BROADWAY_012","EVR Salai",30.00,NULL,16.00,"Cloudy","OK",3456.7,0
39052,"2026-07-28 21:35:04.263506+00","2026-07-28T21:35:03Z_0001_weather","KOYEMBEDU_BROADWAY_010","EVR Salai",30.00,NULL,16.00,"Cloudy","OK",3459.7,0
39053,"2026-07-28 21:35:04.263506+00","2026-07-28T21:35:03Z_0001_weather","KOYEMBEDU_BROADWAY_011","EVR Salai",30.00,NULL,16.00,"Cloudy","OK",3463.1,0
39054,"2026-07-28 21:35:04.263506+00","2026-07-28T21:35:03Z_0001_weather","KOYEMBEDU_BROADWAY_009","EVR Salai",30.00,NULL,16.00,"Cloudy","OK",3462.5,0
39055,"2026-07-28 21:35:04.263506+00","2026-07-28T21:35:03Z_0001_weather","KOYEMBEDU_BROADWAY_014","EVR Salai",30.00,NULL,16.00,"Cloudy","OK",3480.8,0
39056,"2026-07-28 21:35:04.263506+00","2026-07-28T21:35:03Z_0001_weather","KOYEMBEDU_BROADWAY_015","EVR Salai",30.00,NULL,16.00,"Cloudy","OK",3482.1,0
39057,"2026-07-28 21:35:04.263506+00","2026-07-28T21:35:03Z_0001_weather","KOYEMBEDU_BROADWAY_013","EVR Salai",30.00,NULL,16.00,"Cloudy","OK",3481.3,0
39058,"2026-07-28 21:35:04.263506+00","2026-07-28T21:35:03Z_0001_weather","KOYEMBEDU_BROADWAY_017","EVR Salai",30.00,NULL,16.00,"Cloudy","OK",3493.2,0
39059,"2026-07-28 21:35:04.263506+00","2026-07-28T21:35:03Z_0001_weather","KOYEMBEDU_BROADWAY_016","EVR Salai",30.00,NULL,16.00,"Cloudy","OK",3497.9,0
39060,"2026-07-28 21:35:04.263506+00","2026-07-28T21:35:03Z_0001_weather","KOYEMBEDU_BROADWAY_018","EVR Salai",30.00,NULL,16.00,"Cloudy","OK",3571.0,0
39061,"2026-07-28 21:35:04.263506+00","2026-07-28T21:35:03Z_0001_weather","KOYEMBEDU_BROADWAY_019","EVR Salai",30.00,NULL,16.00,"Cloudy","OK",3684.2,0
39062,"2026-07-28 21:35:04.263506+00","2026-07-28T21:35:03Z_0001_weather","KOYEMBEDU_BROADWAY_021","EVR Salai",30.00,NULL,16.00,"Cloudy","OK",3692.4,0
39063,"2026-07-28 21:35:04.263506+00","2026-07-28T21:35:03Z_0001_weather","KOYEMBEDU_BROADWAY_020","EVR Salai",30.00,NULL,16.00,"Cloudy","OK",3692.4,0
39064,"2026-07-28 21:35:04.263506+00","2026-07-28T21:35:03Z_0001_weather","KOYEMBEDU_BROADWAY_022","EVR Salai",30.00,NULL,16.00,"Cloudy","OK",3706.1,0
39065,"2026-07-28 21:35:04.263506+00","2026-07-28T21:35:03Z_0001_weather","KOYEMBEDU_BROADWAY_023","EVR Salai",30.00,NULL,16.00,"Cloudy","OK",3706.8,0
39066,"2026-07-28 21:35:04.263506+00","2026-07-28T21:35:03Z_0001_weather","GUINDY_TAMBARAM_002","Guindy-Tambaram",30.10,NULL,16.00,"Cloudy","OK",3719.2,0
39067,"2026-07-28 21:35:04.263506+00","2026-07-28T21:35:03Z_0001_weather","GUINDY_TAMBARAM_001","Guindy-Tambaram",30.10,NULL,16.00,"Cloudy","OK",3719.5,0
39068,"2026-07-28 21:35:04.263506+00","2026-07-28T21:35:03Z_0001_weather","KOYEMBEDU_BROADWAY_026","EVR Salai",30.00,NULL,16.00,"Cloudy","OK",3722.7,0
39069,"2026-07-28 21:35:04.263506+00","2026-07-28T21:35:03Z_0001_weather","KOYEMBEDU_BROADWAY_025","EVR Salai",30.00,NULL,16.00,"Cloudy","OK",3722.9,0
39070,"2026-07-28 21:35:04.263506+00","2026-07-28T21:35:03Z_0001_weather","KOYEMBEDU_BROADWAY_024","EVR Salai",30.00,NULL,16.00,"Cloudy","OK",3725.4,0
39071,"2026-07-28 21:35:04.263506+00","2026-07-28T21:35:03Z_0001_weather","GUINDY_TAMBARAM_003","Guindy-Tambaram",30.10,NULL,16.00,"Cloudy","OK",3730.5,0
39072,"2026-07-28 21:35:04.263506+00","2026-07-28T21:35:03Z_0001_weather","GUINDY_TAMBARAM_005","Guindy-Tambaram",30.10,NULL,16.00,"Cloudy","OK",3732.9,0
39073,"2026-07-28 21:35:04.263506+00","2026-07-28T21:35:03Z_0001_weather","GUINDY_TAMBARAM_004","Guindy-Tambaram",30.10,NULL,16.00,"Cloudy","OK",3736.2,0
39074,"2026-07-28 21:35:04.263506+00","2026-07-28T21:35:03Z_0001_weather","GUINDY_TAMBARAM_006","Guindy-Tambaram",30.10,NULL,16.00,"Cloudy","OK",3744.8,0
39075,"2026-07-28 21:35:04.263506+00","2026-07-28T21:35:03Z_0001_weather","GUINDY_TAMBARAM_007","Guindy-Tambaram",30.10,NULL,16.00,"Cloudy","OK",3751.1,0
39076,"2026-07-28 21:35:04.263506+00","2026-07-28T21:35:03Z_0001_weather","GUINDY_TAMBARAM_008","Guindy-Tambaram",30.10,NULL,16.00,"Cloudy","OK",3757.8,0
39077,"2026-07-28 21:35:04.263506+00","2026-07-28T21:35:03Z_0001_weather","GUINDY_TAMBARAM_010","Guindy-Tambaram",30.10,NULL,16.00,"Cloudy","OK",3770.2,0
39078,"2026-07-28 21:35:04.263506+00","2026-07-28T21:35:03Z_0001_weather","GUINDY_TAMBARAM_009","Guindy-Tambaram",30.10,NULL,16.00,"Cloudy","OK",3767.5,0
39079,"2026-07-28 21:35:04.263506+00","2026-07-28T21:35:03Z_0001_weather","GUINDY_TAMBARAM_011","Guindy-Tambaram",30.10,NULL,16.00,"Cloudy","OK",3780.4,0
39080,"2026-07-28 21:35:04.263506+00","2026-07-28T21:35:03Z_0001_weather","GUINDY_TAMBARAM_012","Guindy-Tambaram",30.10,NULL,16.00,"Cloudy","OK",3860.4,0
39081,"2026-07-28 21:35:04.263506+00","2026-07-28T21:35:03Z_0001_weather","GUINDY_TAMBARAM_014","Guindy-Tambaram",30.10,NULL,16.00,"Cloudy","OK",3963.4,0
39082,"2026-07-28 21:35:04.263506+00","2026-07-28T21:35:03Z_0001_weather","GUINDY_TAMBARAM_015","Guindy-Tambaram",29.80,NULL,16.00,"Cloudy","OK",3963.9,0
39083,"2026-07-28 21:35:04.263506+00","2026-07-28T21:35:03Z_0001_weather","GUINDY_TAMBARAM_013","Guindy-Tambaram",30.10,NULL,16.00,"Cloudy","OK",3969.6,0
39084,"2026-07-28 21:35:04.263506+00","2026-07-28T21:35:03Z_0001_weather","GUINDY_TAMBARAM_017","Guindy-Tambaram",29.80,NULL,16.00,"Cloudy","OK",3975.9,0
39085,"2026-07-28 21:35:04.263506+00","2026-07-28T21:35:03Z_0001_weather","GUINDY_TAMBARAM_016","Guindy-Tambaram",29.80,NULL,16.00,"Cloudy","OK",3980.5,0
39086,"2026-07-28 21:35:04.263506+00","2026-07-28T21:35:03Z_0001_weather","GUINDY_TAMBARAM_018","Guindy-Tambaram",29.80,NULL,16.00,"Cloudy","OK",3990.4,0
39087,"2026-07-28 21:35:04.263506+00","2026-07-28T21:35:03Z_0001_weather","GUINDY_TAMBARAM_020","Guindy-Tambaram",29.80,NULL,16.00,"Cloudy","OK",3990.6,0
39088,"2026-07-28 21:35:04.263506+00","2026-07-28T21:35:03Z_0001_weather","GUINDY_TAMBARAM_019","Guindy-Tambaram",29.80,NULL,16.00,"Cloudy","OK",3993.6,0
39089,"2026-07-28 21:35:04.263506+00","2026-07-28T21:35:03Z_0001_weather","GUINDY_TAMBARAM_021","Guindy-Tambaram",29.80,NULL,16.00,"Cloudy","OK",3996.0,0
39090,"2026-07-28 21:35:04.263506+00","2026-07-28T21:35:03Z_0001_weather","GUINDY_TAMBARAM_023","Guindy-Tambaram",29.80,NULL,16.00,"Cloudy","OK",4000.8,0
39091,"2026-07-28 21:35:04.263506+00","2026-07-28T21:35:03Z_0001_weather","GUINDY_TAMBARAM_022","Guindy-Tambaram",29.80,NULL,16.00,"Cloudy","OK",4003.0,0
39092,"2026-07-28 21:35:04.263506+00","2026-07-28T21:35:03Z_0001_weather","GUINDY_TAMBARAM_024","Guindy-Tambaram",29.60,NULL,16.00,"Cloudy","OK",4005.2,0
39093,"2026-07-28 21:35:04.263506+00","2026-07-28T21:35:03Z_0001_weather","GUINDY_TAMBARAM_025","Guindy-Tambaram",29.60,NULL,16.00,"Cloudy","OK",4007.5,0
39094,"2026-07-28 21:35:04.263506+00","2026-07-28T21:35:03Z_0001_weather","GUINDY_TAMBARAM_027","Guindy-Tambaram",29.60,NULL,16.00,"Cloudy","OK",4028.7,0
39095,"2026-07-28 21:35:04.263506+00","2026-07-28T21:35:03Z_0001_weather","GUINDY_TAMBARAM_028","Guindy-Tambaram",29.60,NULL,16.00,"Cloudy","OK",4031.5,0
39096,"2026-07-28 21:35:04.263506+00","2026-07-28T21:35:03Z_0001_weather","GUINDY_TAMBARAM_026","Guindy-Tambaram",29.60,NULL,16.00,"Cloudy","OK",4033.9,0
39097,"2026-07-28 21:35:04.263506+00","2026-07-28T21:35:03Z_0001_weather","GUINDY_TAMBARAM_029","Guindy-Tambaram",29.60,NULL,16.00,"Cloudy","OK",4045.4,0
39098,"2026-07-28 21:35:04.263506+00","2026-07-28T21:35:03Z_0001_weather","GUINDY_TAMBARAM_030","Guindy-Tambaram",29.60,NULL,16.00,"Cloudy","OK",4049.7,0
39099,"2026-07-28 21:35:04.263506+00","2026-07-28T21:35:03Z_0001_weather","GUINDY_TAMBARAM_031","Guindy-Tambaram",29.60,NULL,16.00,"Cloudy","OK",4069.9,0
39100,"2026-07-28 21:35:04.263506+00","2026-07-28T21:35:03Z_0001_weather","GUINDY_TAMBARAM_032","Guindy-Tambaram",29.60,NULL,16.00,"Cloudy","OK",4151.5,0
39101,"2026-07-28 21:35:04.263506+00","2026-07-28T21:35:03Z_0001_weather","GUINDY_TAMBARAM_034","Guindy-Tambaram",29.60,NULL,16.00,"Cloudy","OK",4233.5,0
39102,"2026-07-28 21:35:04.263506+00","2026-07-28T21:35:03Z_0001_weather","GUINDY_TAMBARAM_033","Guindy-Tambaram",29.60,NULL,16.00,"Cloudy","OK",4235.3,0
39103,"2026-07-28 21:35:04.263506+00","2026-07-28T21:35:03Z_0001_weather","GUINDY_TAMBARAM_035","Guindy-Tambaram",29.60,NULL,16.00,"Cloudy","OK",4236.7,0
39104,"2026-07-28 21:35:04.263506+00","2026-07-28T21:35:03Z_0001_weather","GUINDY_TAMBARAM_036","Guindy-Tambaram",29.60,NULL,16.00,"Cloudy","OK",4248.0,0
39105,"2026-07-28 21:35:04.263506+00","2026-07-28T21:35:03Z_0001_weather","GUINDY_TAMBARAM_037","Guindy-Tambaram",29.60,NULL,16.00,"Cloudy","OK",4250.4,0
39106,"2026-07-28 21:35:04.263506+00","2026-07-28T21:35:03Z_0001_weather","GUINDY_TAMBARAM_039","Guindy-Tambaram",29.60,NULL,16.00,"Cloudy","OK",4261.7,0
39107,"2026-07-28 21:35:04.263506+00","2026-07-28T21:35:03Z_0001_weather","GUINDY_TAMBARAM_038","Guindy-Tambaram",29.60,NULL,16.00,"Cloudy","OK",4264.2,0
39108,"2026-07-28 21:35:04.263506+00","2026-07-28T21:35:03Z_0001_weather","GUINDY_TAMBARAM_040","Guindy-Tambaram",29.60,NULL,16.00,"Cloudy","OK",4265.8,0
39109,"2026-07-28 21:35:04.263506+00","2026-07-28T21:35:03Z_0001_weather","GUINDY_TAMBARAM_041","Guindy-Tambaram",29.60,NULL,16.00,"Cloudy","OK",4268.6,0
39110,"2026-07-28 21:35:04.263506+00","2026-07-28T21:35:03Z_0001_weather","TAMBARAM_GUINDY_002","Guindy-Tambaram",29.60,NULL,16.00,"Cloudy","OK",4270.6,0
39111,"2026-07-28 21:35:04.263506+00","2026-07-28T21:35:03Z_0001_weather","TAMBARAM_GUINDY_001","Guindy-Tambaram",29.60,NULL,16.00,"Cloudy","OK",4271.6,0
39112,"2026-07-28 21:35:04.263506+00","2026-07-28T21:35:03Z_0001_weather","TAMBARAM_GUINDY_003","Guindy-Tambaram",29.60,NULL,16.00,"Cloudy","OK",4277.9,0
39113,"2026-07-28 21:35:04.263506+00","2026-07-28T21:35:03Z_0001_weather","TAMBARAM_GUINDY_004","Guindy-Tambaram",29.60,NULL,16.00,"Cloudy","OK",4282.4,0
39114,"2026-07-28 21:35:04.263506+00","2026-07-28T21:35:03Z_0001_weather","TAMBARAM_GUINDY_006","Guindy-Tambaram",29.60,NULL,16.00,"Cloudy","OK",4305.7,0
39115,"2026-07-28 21:35:04.263506+00","2026-07-28T21:35:03Z_0001_weather","TAMBARAM_GUINDY_005","Guindy-Tambaram",29.60,NULL,16.00,"Cloudy","OK",4305.7,0
39116,"2026-07-28 21:35:04.263506+00","2026-07-28T21:35:03Z_0001_weather","TAMBARAM_GUINDY_008","Guindy-Tambaram",29.60,NULL,16.00,"Cloudy","OK",4322.3,0
39117,"2026-07-28 21:35:04.263506+00","2026-07-28T21:35:03Z_0001_weather","TAMBARAM_GUINDY_007","Guindy-Tambaram",29.60,NULL,16.00,"Cloudy","OK",4319.2,0
39118,"2026-07-28 21:35:04.263506+00","2026-07-28T21:35:03Z_0001_weather","TAMBARAM_GUINDY_009","Guindy-Tambaram",29.60,NULL,16.00,"Cloudy","OK",4333.2,0
39119,"2026-07-28 21:35:04.263506+00","2026-07-28T21:35:03Z_0001_weather","TAMBARAM_GUINDY_010","Guindy-Tambaram",29.60,NULL,16.00,"Cloudy","OK",4358.2,0
39120,"2026-07-28 21:35:04.263506+00","2026-07-28T21:35:03Z_0001_weather","TAMBARAM_GUINDY_011","Guindy-Tambaram",29.60,NULL,16.00,"Cloudy","OK",4431.3,0
39121,"2026-07-28 21:35:04.263506+00","2026-07-28T21:35:03Z_0001_weather","TAMBARAM_GUINDY_014","Guindy-Tambaram",29.60,NULL,16.00,"Cloudy","OK",4505.8,0
39122,"2026-07-28 21:35:04.263506+00","2026-07-28T21:35:03Z_0001_weather","TAMBARAM_GUINDY_013","Guindy-Tambaram",29.60,NULL,16.00,"Cloudy","OK",4508.0,0
39123,"2026-07-28 21:35:04.263506+00","2026-07-28T21:35:03Z_0001_weather","TAMBARAM_GUINDY_012","Guindy-Tambaram",29.60,NULL,16.00,"Cloudy","OK",4508.2,0
39124,"2026-07-28 21:35:04.263506+00","2026-07-28T21:35:03Z_0001_weather","TAMBARAM_GUINDY_016","Guindy-Tambaram",29.60,NULL,16.00,"Cloudy","OK",4519.7,0
39125,"2026-07-28 21:35:04.263506+00","2026-07-28T21:35:03Z_0001_weather","TAMBARAM_GUINDY_015","Guindy-Tambaram",29.60,NULL,16.00,"Cloudy","OK",4520.3,0
39126,"2026-07-28 21:35:04.263506+00","2026-07-28T21:35:03Z_0001_weather","TAMBARAM_GUINDY_018","Guindy-Tambaram",29.80,NULL,16.00,"Cloudy","OK",4534.0,0
39127,"2026-07-28 21:35:04.263506+00","2026-07-28T21:35:03Z_0001_weather","TAMBARAM_GUINDY_019","Guindy-Tambaram",29.80,NULL,16.00,"Cloudy","OK",4535.2,0
39128,"2026-07-28 21:35:04.263506+00","2026-07-28T21:35:03Z_0001_weather","TAMBARAM_GUINDY_017","Guindy-Tambaram",29.60,NULL,16.00,"Cloudy","OK",4535.4,0
39129,"2026-07-28 21:35:04.263506+00","2026-07-28T21:35:03Z_0001_weather","TAMBARAM_GUINDY_022","Guindy-Tambaram",29.80,NULL,16.00,"Cloudy","OK",4544.4,0
39130,"2026-07-28 21:35:04.263506+00","2026-07-28T21:35:03Z_0001_weather","TAMBARAM_GUINDY_020","Guindy-Tambaram",29.80,NULL,16.00,"Cloudy","OK",4544.6,0
39131,"2026-07-28 21:35:04.263506+00","2026-07-28T21:35:03Z_0001_weather","TAMBARAM_GUINDY_023","Guindy-Tambaram",29.80,NULL,16.00,"Cloudy","OK",4546.9,0
39132,"2026-07-28 21:35:04.263506+00","2026-07-28T21:35:03Z_0001_weather","TAMBARAM_GUINDY_021","Guindy-Tambaram",29.80,NULL,16.00,"Cloudy","OK",4551.3,0
39133,"2026-07-28 21:35:04.263506+00","2026-07-28T21:35:03Z_0001_weather","TAMBARAM_GUINDY_024","Guindy-Tambaram",29.80,NULL,16.00,"Cloudy","OK",4559.2,0
39134,"2026-07-28 21:35:04.263506+00","2026-07-28T21:35:03Z_0001_weather","TAMBARAM_GUINDY_026","Guindy-Tambaram",30.10,NULL,16.00,"Cloudy","OK",4575.2,0
39135,"2026-07-28 21:35:04.263506+00","2026-07-28T21:35:03Z_0001_weather","TAMBARAM_GUINDY_025","Guindy-Tambaram",30.10,NULL,16.00,"Cloudy","OK",4581.9,0
39136,"2026-07-28 21:35:04.263506+00","2026-07-28T21:35:03Z_0001_weather","TAMBARAM_GUINDY_027","Guindy-Tambaram",30.10,NULL,16.00,"Cloudy","OK",4599.7,0
39137,"2026-07-28 21:35:04.263506+00","2026-07-28T21:35:03Z_0001_weather","TAMBARAM_GUINDY_028","Guindy-Tambaram",30.10,NULL,16.00,"Cloudy","OK",4602.4,0
39138,"2026-07-28 21:35:04.263506+00","2026-07-28T21:35:03Z_0001_weather","TAMBARAM_GUINDY_029","Guindy-Tambaram",30.10,NULL,16.00,"Cloudy","OK",4621.4,0
39139,"2026-07-28 21:35:04.263506+00","2026-07-28T21:35:03Z_0001_weather","TAMBARAM_GUINDY_030","Guindy-Tambaram",30.10,NULL,16.00,"Cloudy","OK",4641.2,0
39140,"2026-07-28 21:35:04.263506+00","2026-07-28T21:35:03Z_0001_weather","TAMBARAM_GUINDY_031","Guindy-Tambaram",30.10,NULL,16.00,"Cloudy","OK",4720.5,0
39141,"2026-07-28 21:35:04.263506+00","2026-07-28T21:35:03Z_0001_weather","TAMBARAM_GUINDY_034","Guindy-Tambaram",30.10,NULL,16.00,"Cloudy","OK",4779.4,0
39142,"2026-07-28 21:35:04.263506+00","2026-07-28T21:35:03Z_0001_weather","TAMBARAM_GUINDY_033","Guindy-Tambaram",30.10,NULL,16.00,"Cloudy","OK",4779.8,0
39143,"2026-07-28 21:35:04.263506+00","2026-07-28T21:35:03Z_0001_weather","TAMBARAM_GUINDY_032","Guindy-Tambaram",30.10,NULL,16.00,"Cloudy","OK",4786.5,0
39144,"2026-07-28 21:35:04.263506+00","2026-07-28T21:35:03Z_0001_weather","TAMBARAM_GUINDY_036","Guindy-Tambaram",30.10,NULL,16.00,"Cloudy","OK",4791.7,0
39145,"2026-07-28 21:35:04.263506+00","2026-07-28T21:35:03Z_0001_weather","TAMBARAM_GUINDY_035","Guindy-Tambaram",30.10,NULL,16.00,"Cloudy","OK",4795.0,0
39146,"2026-07-28 21:35:04.263506+00","2026-07-28T21:35:03Z_0001_weather","TAMBARAM_GUINDY_037","Guindy-Tambaram",30.10,NULL,16.00,"Cloudy","OK",4804.7,0
39147,"2026-07-28 21:35:04.263506+00","2026-07-28T21:35:03Z_0001_weather","TAMBARAM_GUINDY_039","Guindy-Tambaram",30.10,NULL,16.00,"Cloudy","OK",4804.9,0
39148,"2026-07-28 21:35:04.263506+00","2026-07-28T21:35:03Z_0001_weather","TAMBARAM_GUINDY_038","Guindy-Tambaram",30.10,NULL,16.00,"Cloudy","OK",4808.7,0
39149,"2026-07-28 21:35:04.263506+00","2026-07-28T21:35:03Z_0001_weather","CENTRAL_PUZHAL_003","Puzhal-Central",30.00,NULL,16.00,"Cloudy","OK",4813.5,0
39150,"2026-07-28 21:35:04.263506+00","2026-07-28T21:35:03Z_0001_weather","CENTRAL_PUZHAL_001","Puzhal-Central",30.00,NULL,16.00,"Cloudy","OK",4815.2,0
39151,"2026-07-28 21:35:04.263506+00","2026-07-28T21:35:03Z_0001_weather","CENTRAL_PUZHAL_002","Puzhal-Central",30.00,NULL,16.00,"Cloudy","OK",4815.9,0
39152,"2026-07-28 21:35:04.263506+00","2026-07-28T21:35:03Z_0001_weather","CENTRAL_PUZHAL_004","Puzhal-Central",30.00,NULL,16.00,"Cloudy","OK",4826.6,0
39153,"2026-07-28 21:35:04.263506+00","2026-07-28T21:35:03Z_0001_weather","CENTRAL_PUZHAL_005","Puzhal-Central",30.00,NULL,16.00,"Cloudy","OK",4829.5,0
39154,"2026-07-28 21:35:04.263506+00","2026-07-28T21:35:03Z_0001_weather","CENTRAL_PUZHAL_006","Puzhal-Central",30.00,NULL,16.00,"Cloudy","OK",4853.5,0
39155,"2026-07-28 21:35:04.263506+00","2026-07-28T21:35:03Z_0001_weather","CENTRAL_PUZHAL_007","Puzhal-Central",30.00,NULL,16.00,"Cloudy","OK",4863.8,0
39156,"2026-07-28 21:35:04.263506+00","2026-07-28T21:35:03Z_0001_weather","CENTRAL_PUZHAL_008","Puzhal-Central",30.00,NULL,16.00,"Cloudy","OK",4875.2,0
39157,"2026-07-28 21:35:04.263506+00","2026-07-28T21:35:03Z_0001_weather","CENTRAL_PUZHAL_009","Puzhal-Central",30.00,NULL,16.00,"Cloudy","OK",4890.3,0
39158,"2026-07-28 21:35:04.263506+00","2026-07-28T21:35:03Z_0001_weather","CENTRAL_PUZHAL_010","Puzhal-Central",30.00,NULL,16.00,"Cloudy","OK",4905.5,0
39159,"2026-07-28 21:35:04.263506+00","2026-07-28T21:35:03Z_0001_weather","CENTRAL_PUZHAL_011","Puzhal-Central",30.00,NULL,16.00,"Cloudy","OK",4929.7,0
39160,"2026-07-28 21:35:04.263506+00","2026-07-28T21:35:03Z_0001_weather","CENTRAL_PUZHAL_012","Puzhal-Central",30.00,NULL,16.00,"Cloudy","OK",5008.8,0
39161,"2026-07-28 21:35:04.263506+00","2026-07-28T21:35:03Z_0001_weather","CENTRAL_PUZHAL_013","Puzhal-Central",30.00,NULL,16.00,"Cloudy","OK",5048.3,0
39162,"2026-07-28 21:35:04.263506+00","2026-07-28T21:35:03Z_0001_weather","CENTRAL_PUZHAL_014","Puzhal-Central",30.00,NULL,16.00,"Cloudy","OK",5050.9,0
39163,"2026-07-28 21:35:04.263506+00","2026-07-28T21:35:03Z_0001_weather","CENTRAL_PUZHAL_015","Puzhal-Central",30.00,NULL,16.00,"Cloudy","OK",5053.4,0
39164,"2026-07-28 21:35:04.263506+00","2026-07-28T21:35:03Z_0001_weather","CENTRAL_PUZHAL_016","Puzhal-Central",30.00,NULL,16.00,"Cloudy","OK",5064.2,0
39165,"2026-07-28 21:35:04.263506+00","2026-07-28T21:35:03Z_0001_weather","CENTRAL_PUZHAL_017","Puzhal-Central",30.00,NULL,16.00,"Cloudy","OK",5065.3,0
39166,"2026-07-28 21:35:04.263506+00","2026-07-28T21:35:03Z_0001_weather","CENTRAL_PUZHAL_019","Puzhal-Central",30.00,NULL,16.00,"Cloudy","OK",5075.4,0
39167,"2026-07-28 21:35:04.263506+00","2026-07-28T21:35:03Z_0001_weather","CENTRAL_PUZHAL_018","Puzhal-Central",30.00,NULL,16.00,"Cloudy","OK",5076.5,0
39168,"2026-07-28 21:35:04.263506+00","2026-07-28T21:35:03Z_0001_weather","CENTRAL_PUZHAL_020","Puzhal-Central",30.00,NULL,16.00,"Cloudy","OK",5080.0,0
39169,"2026-07-28 21:35:04.263506+00","2026-07-28T21:35:03Z_0001_weather","CENTRAL_PUZHAL_022","Puzhal-Central",30.00,NULL,16.00,"Cloudy","OK",5084.6,0
39170,"2026-07-28 21:35:04.263506+00","2026-07-28T21:35:03Z_0001_weather","CENTRAL_PUZHAL_021","Puzhal-Central",30.00,NULL,16.00,"Cloudy","OK",5087.0,0
39171,"2026-07-28 21:35:04.263506+00","2026-07-28T21:35:03Z_0001_weather","CENTRAL_PUZHAL_023","Puzhal-Central",30.00,NULL,16.00,"Cloudy","OK",5087.9,0
39172,"2026-07-28 21:35:04.263506+00","2026-07-28T21:35:03Z_0001_weather","CENTRAL_PUZHAL_024","Puzhal-Central",30.00,NULL,16.00,"Cloudy","OK",5093.6,0
39173,"2026-07-28 21:35:04.263506+00","2026-07-28T21:35:03Z_0001_weather","CENTRAL_PUZHAL_025","Puzhal-Central",30.00,NULL,16.00,"Cloudy","OK",5104.5,0
39174,"2026-07-28 21:35:04.263506+00","2026-07-28T21:35:03Z_0001_weather","CENTRAL_PUZHAL_026","Puzhal-Central",30.00,NULL,16.00,"Cloudy","OK",5129.6,0
39175,"2026-07-28 21:35:04.263506+00","2026-07-28T21:35:03Z_0001_weather","CENTRAL_PUZHAL_027","Puzhal-Central",30.00,NULL,16.00,"Cloudy","OK",5138.0,0
39176,"2026-07-28 21:35:04.263506+00","2026-07-28T21:35:03Z_0001_weather","CENTRAL_PUZHAL_ATGRADE_001","Puzhal-Central",30.00,NULL,16.00,"Cloudy","OK",5151.5,0
39177,"2026-07-28 21:35:04.263506+00","2026-07-28T21:35:03Z_0001_weather","CENTRAL_PUZHAL_ATGRADE_002","Puzhal-Central",30.00,NULL,16.00,"Cloudy","OK",5173.1,0
39178,"2026-07-28 21:35:04.263506+00","2026-07-28T21:35:03Z_0001_weather","CENTRAL_PUZHAL_ATGRADE_003","Puzhal-Central",30.00,NULL,16.00,"Cloudy","OK",5188.6,0
39179,"2026-07-28 21:35:04.263506+00","2026-07-28T21:35:03Z_0001_weather","CENTRAL_PUZHAL_ATGRADE_004","Puzhal-Central",30.00,NULL,16.00,"Cloudy","OK",5216.8,0
39180,"2026-07-28 21:35:04.263506+00","2026-07-28T21:35:03Z_0001_weather","PUZHAL_CENTRAL_001","Puzhal-Central",30.00,NULL,16.00,"Cloudy","OK",5288.5,0
39181,"2026-07-28 21:35:04.263506+00","2026-07-28T21:35:03Z_0001_weather","PUZHAL_CENTRAL_003","Puzhal-Central",30.00,NULL,16.00,"Cloudy","OK",5321.3,0
39182,"2026-07-28 21:35:04.263506+00","2026-07-28T21:35:03Z_0001_weather","PUZHAL_CENTRAL_002","Puzhal-Central",30.00,NULL,16.00,"Cloudy","OK",5321.9,0
39183,"2026-07-28 21:35:04.263506+00","2026-07-28T21:35:03Z_0001_weather","PUZHAL_CENTRAL_004","Puzhal-Central",30.00,NULL,16.00,"Cloudy","OK",5323.6,0
39184,"2026-07-28 21:35:04.263506+00","2026-07-28T21:35:03Z_0001_weather","PUZHAL_CENTRAL_006","Puzhal-Central",30.00,NULL,16.00,"Cloudy","OK",5336.0,0
39185,"2026-07-28 21:35:04.263506+00","2026-07-28T21:35:03Z_0001_weather","PUZHAL_CENTRAL_005","Puzhal-Central",30.00,NULL,16.00,"Cloudy","OK",5336.2,0
39186,"2026-07-28 21:35:04.263506+00","2026-07-28T21:35:03Z_0001_weather","PUZHAL_CENTRAL_008","Puzhal-Central",30.00,NULL,16.00,"Cloudy","OK",5345.7,0
39187,"2026-07-28 21:35:04.263506+00","2026-07-28T21:35:03Z_0001_weather","PUZHAL_CENTRAL_009","Puzhal-Central",30.00,NULL,16.00,"Cloudy","OK",5350.2,0
39188,"2026-07-28 21:35:04.263506+00","2026-07-28T21:35:03Z_0001_weather","PUZHAL_CENTRAL_007","Puzhal-Central",30.00,NULL,16.00,"Cloudy","OK",5350.4,0
39189,"2026-07-28 21:35:04.263506+00","2026-07-28T21:35:03Z_0001_weather","PUZHAL_CENTRAL_011","Puzhal-Central",30.00,NULL,16.00,"Cloudy","OK",5355.9,0
39190,"2026-07-28 21:35:04.263506+00","2026-07-28T21:35:03Z_0001_weather","PUZHAL_CENTRAL_010","Puzhal-Central",30.00,NULL,16.00,"Cloudy","OK",5359.9,0
39191,"2026-07-28 21:35:04.263506+00","2026-07-28T21:35:03Z_0001_weather","PUZHAL_CENTRAL_012","Puzhal-Central",30.00,NULL,16.00,"Cloudy","OK",5366.8,0
39192,"2026-07-28 21:35:04.263506+00","2026-07-28T21:35:03Z_0001_weather","PUZHAL_CENTRAL_013","Puzhal-Central",30.00,NULL,16.00,"Cloudy","OK",5373.3,0
39193,"2026-07-28 21:35:04.263506+00","2026-07-28T21:35:03Z_0001_weather","PUZHAL_CENTRAL_014","Puzhal-Central",30.00,NULL,16.00,"Cloudy","OK",5381.2,0
39194,"2026-07-28 21:35:04.263506+00","2026-07-28T21:35:03Z_0001_weather","PUZHAL_CENTRAL_015","Puzhal-Central",30.00,NULL,16.00,"Cloudy","OK",5398.5,0
39195,"2026-07-28 21:35:04.263506+00","2026-07-28T21:35:03Z_0001_weather","PUZHAL_CENTRAL_016","Puzhal-Central",30.00,NULL,16.00,"Cloudy","OK",5413.0,0
39196,"2026-07-28 21:35:04.263506+00","2026-07-28T21:35:03Z_0001_weather","PUZHAL_CENTRAL_017","Puzhal-Central",30.00,NULL,16.00,"Cloudy","OK",5427.9,0
39197,"2026-07-28 21:35:04.263506+00","2026-07-28T21:35:03Z_0001_weather","PUZHAL_CENTRAL_018","Puzhal-Central",30.00,NULL,16.00,"Cloudy","OK",5456.4,0
39198,"2026-07-28 21:35:04.263506+00","2026-07-28T21:35:03Z_0001_weather","PUZHAL_CENTRAL_019","Puzhal-Central",30.00,NULL,16.00,"Cloudy","OK",5476.2,0
39199,"2026-07-28 21:35:04.263506+00","2026-07-28T21:35:03Z_0001_weather","PUZHAL_CENTRAL_020","Puzhal-Central",30.00,NULL,16.00,"Cloudy","OK",5498.4,0
39200,"2026-07-28 21:35:04.263506+00","2026-07-28T21:35:03Z_0001_weather","PUZHAL_CENTRAL_021","Puzhal-Central",30.00,NULL,16.00,"Cloudy","OK",5577.7,0
39201,"2026-07-28 21:35:04.263506+00","2026-07-28T21:35:03Z_0001_weather","PUZHAL_CENTRAL_022","Puzhal-Central",30.00,NULL,16.00,"Cloudy","OK",5592.3,0
39202,"2026-07-28 21:35:04.263506+00","2026-07-28T21:35:03Z_0001_weather","PUZHAL_CENTRAL_023","Puzhal-Central",30.00,NULL,16.00,"Cloudy","OK",5593.5,0
39203,"2026-07-28 21:35:04.263506+00","2026-07-28T21:35:03Z_0001_weather","PUZHAL_CENTRAL_024","Puzhal-Central",30.00,NULL,16.00,"Cloudy","OK",5601.1,0
39204,"2026-07-28 21:35:04.263506+00","2026-07-28T21:35:03Z_0001_weather","PUZHAL_CENTRAL_026","Puzhal-Central",30.00,NULL,16.00,"Cloudy","OK",5606.0,0
39205,"2026-07-28 21:35:04.263506+00","2026-07-28T21:35:03Z_0001_weather","PUZHAL_CENTRAL_025","Puzhal-Central",30.00,NULL,16.00,"Cloudy","OK",5611.1,0
39206,"2026-07-28 21:35:04.263506+00","2026-07-28T21:35:03Z_0001_weather","PUZHAL_CENTRAL_027","Puzhal-Central",30.00,NULL,16.00,"Cloudy","OK",5616.3,0
39207,"2026-07-28 21:35:04.263506+00","2026-07-28T21:35:03Z_0001_weather","PUZHAL_CENTRAL_ATGRADE_002","Puzhal-Central",30.00,NULL,16.00,"Cloudy","OK",5619.0,0
39208,"2026-07-28 21:35:04.263506+00","2026-07-28T21:35:03Z_0001_weather","PUZHAL_CENTRAL_ATGRADE_003","Puzhal-Central",30.00,NULL,16.00,"Cloudy","OK",5622.9,0
39209,"2026-07-28 21:35:04.263506+00","2026-07-28T21:35:03Z_0001_weather","PUZHAL_CENTRAL_ATGRADE_001","Puzhal-Central",30.00,NULL,16.00,"Cloudy","OK",5624.5,0
39210,"2026-07-28 21:35:04.263506+00","2026-07-28T21:35:03Z_0001_weather","PUZHAL_CENTRAL_ATGRADE_004","Puzhal-Central",30.00,NULL,16.00,"Cloudy","OK",5628.0,0
39211,"2026-07-28 21:35:04.263506+00","2026-07-28T21:35:03Z_0001_weather","PUZHAL_CENTRAL_ATGRADE_005","Puzhal-Central",30.00,NULL,16.00,"Cloudy","OK",5637.4,0
39212,"2026-07-28 21:35:04.263506+00","2026-07-28T21:35:03Z_0001_weather","PALLAVARAM_THORAIPAKKAM_001","Thoraipakkam-Pallavaram",29.70,NULL,16.00,"Cloudy","OK",5649.7,0
39213,"2026-07-28 21:35:04.263506+00","2026-07-28T21:35:03Z_0001_weather","PALLAVARAM_THORAIPAKKAM_002","Thoraipakkam-Pallavaram",29.70,NULL,16.00,"Cloudy","OK",5652.5,0
39214,"2026-07-28 21:35:04.263506+00","2026-07-28T21:35:03Z_0001_weather","PALLAVARAM_THORAIPAKKAM_003","Thoraipakkam-Pallavaram",29.70,NULL,16.00,"Cloudy","OK",5678.3,0
39215,"2026-07-28 21:35:04.263506+00","2026-07-28T21:35:03Z_0001_weather","PALLAVARAM_THORAIPAKKAM_004","Thoraipakkam-Pallavaram",29.70,NULL,16.00,"Cloudy","OK",5687.4,0
39216,"2026-07-28 21:35:04.263506+00","2026-07-28T21:35:03Z_0001_weather","PALLAVARAM_THORAIPAKKAM_005","Thoraipakkam-Pallavaram",29.70,NULL,16.00,"Cloudy","OK",5703.2,0
39217,"2026-07-28 21:35:04.263506+00","2026-07-28T21:35:03Z_0001_weather","PALLAVARAM_THORAIPAKKAM_006","Thoraipakkam-Pallavaram",30.10,NULL,16.00,"Cloudy","OK",5744.8,0
39218,"2026-07-28 21:35:04.263506+00","2026-07-28T21:35:03Z_0001_weather","PALLAVARAM_THORAIPAKKAM_007","Thoraipakkam-Pallavaram",30.10,NULL,16.00,"Cloudy","OK",5760.9,0
39219,"2026-07-28 21:35:04.263506+00","2026-07-28T21:35:03Z_0001_weather","PALLAVARAM_THORAIPAKKAM_008","Thoraipakkam-Pallavaram",30.10,NULL,16.00,"Cloudy","OK",5789.6,0
39220,"2026-07-28 21:35:04.263506+00","2026-07-28T21:35:03Z_0001_weather","PALLAVARAM_THORAIPAKKAM_AT_GRADE_001","Thoraipakkam-Pallavaram",29.70,NULL,16.00,"Cloudy","OK",5863.4,0
39221,"2026-07-28 21:35:04.263506+00","2026-07-28T21:35:03Z_0001_weather","PALLAVARAM_THORAIPAKKAM_010","Thoraipakkam-Pallavaram",30.10,NULL,16.00,"Cloudy","OK",5864.0,0
39222,"2026-07-28 21:35:04.263506+00","2026-07-28T21:35:03Z_0001_weather","PALLAVARAM_THORAIPAKKAM_009","Thoraipakkam-Pallavaram",30.10,NULL,16.00,"Cloudy","OK",5866.4,0
39223,"2026-07-28 21:35:04.263506+00","2026-07-28T21:35:03Z_0001_weather","PALLAVARAM_THORAIPAKKAM_AT_GRADE_002","Thoraipakkam-Pallavaram",29.70,NULL,16.00,"Cloudy","OK",5868.1,0
39224,"2026-07-28 21:35:04.263506+00","2026-07-28T21:35:03Z_0001_weather","THORAIPAKKAM_PALLAVARM_001","Thoraipakkam-Pallavaram",30.10,NULL,16.00,"Cloudy","OK",5876.9,0
39225,"2026-07-28 21:35:04.263506+00","2026-07-28T21:35:03Z_0001_weather","THORAIPAKKAM_PALLAVARM_002","Thoraipakkam-Pallavaram",30.10,NULL,16.00,"Cloudy","OK",5881.7,0
39226,"2026-07-28 21:35:04.263506+00","2026-07-28T21:35:03Z_0001_weather","THORAIPAKKAM_PALLAVARM_004","Thoraipakkam-Pallavaram",30.10,NULL,16.00,"Cloudy","OK",5890.1,0
39227,"2026-07-28 21:35:04.263506+00","2026-07-28T21:35:03Z_0001_weather","THORAIPAKKAM_PALLAVARM_003","Thoraipakkam-Pallavaram",30.10,NULL,16.00,"Cloudy","OK",5890.3,0
39228,"2026-07-28 21:35:04.263506+00","2026-07-28T21:35:03Z_0001_weather","THORAIPAKKAM_PALLAVARM_006","Thoraipakkam-Pallavaram",29.70,NULL,16.00,"Cloudy","OK",5896.8,0
39229,"2026-07-28 21:35:04.263506+00","2026-07-28T21:35:03Z_0001_weather","THORAIPAKKAM_PALLAVARM_007","Thoraipakkam-Pallavaram",29.70,NULL,16.00,"Cloudy","OK",5897.8,0
39230,"2026-07-28 21:35:04.263506+00","2026-07-28T21:35:03Z_0001_weather","THORAIPAKKAM_PALLAVARM_005","Thoraipakkam-Pallavaram",30.10,NULL,16.00,"Cloudy","OK",5898.8,0
39231,"2026-07-28 21:35:04.263506+00","2026-07-28T21:35:03Z_0001_weather","THORAIPAKKAM_PALLAVARM_008","Thoraipakkam-Pallavaram",29.70,NULL,16.00,"Cloudy","OK",5910.5,0
39232,"2026-07-28 21:35:04.263506+00","2026-07-28T21:35:03Z_0001_weather","THORAIPAKKAM_PALLAVARM_009","Thoraipakkam-Pallavaram",29.70,NULL,16.00,"Cloudy","OK",5917.6,0
39233,"2026-07-28 21:35:04.263506+00","2026-07-28T21:35:03Z_0001_weather","THORAIPAKKAM_PALLAVARM_010","Thoraipakkam-Pallavaram",29.70,NULL,16.00,"Cloudy","OK",5929.9,0
39234,"2026-07-28 21:35:04.263506+00","2026-07-28T21:35:03Z_0001_weather","THORAIPAKKAM_PALLAVARM_AT_GRADE_001","Thoraipakkam-Pallavaram",29.70,NULL,16.00,"Cloudy","OK",5958.6,0
39235,"2026-07-28 21:35:04.263506+00","2026-07-28T21:35:03Z_0001_weather","THORAIPAKKAM_PALLAVARM_AT_GRADE_002","Thoraipakkam-Pallavaram",29.70,NULL,16.00,"Cloudy","OK",5963.7,0
