segment_uid,Corridor_Name,Placement_Type,Shapefile_Name,Sequence_Order,Original_Shapefile_Row,Segment_Length_Meters,Start_Lat,Start_Lon,End_Lat,End_Lon,Midpoint_Lat,Midpoint_Lon,network_layer_type,nearest_signal_dist_meters,nearest_bus_stop_dist_meters,Google_Maps_Origin,Google_Maps_Destination,Google_Maps_Midpoint,Polyline_Geometry_String,Topology_Flipped_To_Fit,Continuity_Status,Validation_Checkpoint,attr_id,attr_Length,attr_Corridor,attr_S.no
KILAMBAKKAM_LITTLEMOUNT(AT_GRADE_BELOWFLYOVER)_001,Corridor_Littlemount_Kilambakkam,Littlemount_Kilambakkam,Kilambakkam_Littlemount(At-Grade_BelowFlyover).shp,1,0,285.9,12.96514494,80.14793373,12.96746861,80.14908817,12.96630945,80.14850548,At-Grade (Below Flyover),2599.43,3786.47,"12.965144935688812,80.14793372970996","12.967468608112,80.14908816671013","12.9663094525635,80.14850548242654","12.965144935688812,80.14793372970996|12.965362962083393,80.14803458213933|12.965843071346203,80.14826874525116|12.966477943819683,80.14859100933583|12.96699307047262,80.14885531225417|12.967468608112,80.14908816671013",FALSE,Continuous,CORRIDOR_START_NODE,,0.29,,
KILAMBAKKAM_LITTLEMOUNT(AT_GRADE_BELOWFLYOVER)_002,Corridor_Littlemount_Kilambakkam,Littlemount_Kilambakkam,Kilambakkam_Littlemount(At-Grade_BelowFlyover).shp,2,7,588.19,12.96746861,80.14908817,12.97225788,80.15143785,12.96988127,80.15022969,At-Grade (Below Flyover),2207.45,3412.15,"12.967468608112,80.14908816671013","12.972257883618745,80.15143784706582","12.969881270937329,80.15022968620032","12.967468608112,80.14908816671013|12.967537567222735,80.14912193361917|12.968852488071102,80.1497409588753|12.970345886310438,80.1504504035508|12.97156816170764,80.15103001521375|12.971898016885534,80.15121085405262|12.972049388635797,80.15129663657875|12.972257883618745,80.15143784706582",FALSE,Continuous,Intermediate,,0.59,,
KILAMBAKKAM_LITTLEMOUNT(AT_GRADE_BELOWFLYOVER)_003,Corridor_Littlemount_Kilambakkam,Littlemount_Kilambakkam,Kilambakkam_Littlemount(At-Grade_BelowFlyover).shp,3,8,223.28,12.97225788,80.15143785,12.97342683,80.15311061,12.97287963,80.15224697,At-Grade (Below Flyover),1840.82,3047.88,"12.972257883618745,80.15143784706582","12.973426826494403,80.15311061314411","12.972879634605727,80.15224696868094","12.972257883618745,80.15143784706582|12.97227531644992,80.15144965405776|12.97244137326244,80.15163628901328|12.972868375985573,80.15222865213288|12.973238896272958,80.15283144826242|12.973426826494403,80.15311061314411",FALSE,Continuous,Intermediate,,0.22,,
KILAMBAKKAM_LITTLEMOUNT(AT_GRADE_BELOWFLYOVER)_004,Corridor_Littlemount_Kilambakkam,Littlemount_Kilambakkam,Kilambakkam_Littlemount(At-Grade_BelowFlyover).shp,4,5,308.56,12.97342683,80.15311061,12.97497627,80.15547448,12.9742188,80.15428198,At-Grade (Below Flyover),1575.24,2782.29,"12.973426826494403,80.15311061314411","12.974976267574814,80.15547447744582","12.974218802397585,80.15428198184838","12.973426826494403,80.15311061314411|12.973885046185151,80.15379128517638|12.974354972339563,80.15448218227871|12.974705157117588,80.15502006190202|12.974847490144485,80.15523567744064|12.974942378783819,80.1553979687063|12.974976267574814,80.15547447744582",FALSE,Continuous,Intermediate,,0.31,,
KILAMBAKKAM_LITTLEMOUNT(AT_GRADE_BELOWFLYOVER)_005,Corridor_Littlemount_Kilambakkam,Littlemount_Kilambakkam,Kilambakkam_Littlemount(At-Grade_BelowFlyover).shp,5,1,601.95,12.97692995,80.1584047,12.98006729,80.16291216,12.97856081,80.16061594,At-Grade (Below Flyover),740.72,1946.41,"12.976929948567166,80.15840470420781","12.980067291749409,80.16291216021571","12.978560812373155,80.16061594403276","12.976929948567166,80.15840470420781|12.977101085546444,80.15854381100692|12.977289166645239,80.1588168081002|12.977690744731294,80.15939931782155|12.978007601244345,80.15989662462843|12.978315985270335,80.16027916832601|12.978793810313281,80.16093644795185|12.979108971009163,80.16135029067925|12.979530879057192,80.1619380169056|12.979783345779627,80.16230664992325|12.979981591281268,80.16267876061092|12.980067291749409,80.16291216021571",FALSE,Broken,Intermediate,,0.6,,
KILAMBAKKAM_LITTLEMOUNT(AT_GRADE_BELOWFLYOVER)_006,Corridor_Littlemount_Kilambakkam,Littlemount_Kilambakkam,Kilambakkam_Littlemount(At-Grade_BelowFlyover).shp,6,2,437.25,12.98006729,80.16291216,12.98154625,80.16661801,12.98059931,80.16484894,At-Grade (Below Flyover),229.47,1436.37,"12.980067291749409,80.16291216021571","12.981546246121544,80.16661800677424","12.980599309876501,80.16484894425354","12.980067291749409,80.16291216021571|12.980113754861199,80.16303869945365|12.980381470615443,80.16413764316674|12.980605131657414,80.16486795386214|12.98080507090335,80.16532700629928|12.98103889795304,80.16575128203658|12.981208337706667,80.16606079466469|12.981437081190828,80.16645377137219|12.981546246121544,80.16661800677424",FALSE,Broken,Intermediate,,0.44,,
KILAMBAKKAM_LITTLEMOUNT(AT_GRADE_BELOWFLYOVER)_007,Corridor_Littlemount_Kilambakkam,Littlemount_Kilambakkam,Kilambakkam_Littlemount(At-Grade_BelowFlyover).shp,7,3,710.1,12.98154625,80.16661801,12.98482415,80.17224409,12.98319627,80.16942476,At-Grade (Below Flyover),307.87,863.14,"12.981546246121544,80.16661800677424","12.984824154512728,80.17224409188587","12.983196268356757,80.16942476157976","12.981546246121544,80.16661800677424|12.981786126397987,80.16697889953886|12.982030118873055,80.16741013061619|12.98240627346948,80.16807436558202|12.982711263264846,80.16856123937895|12.983128082046536,80.16931241609423|12.983497457455773,80.16992100834042|12.983738059491271,80.1703383287378|12.98421248535757,80.1711260209879|12.984425976701898,80.17150160934551|12.984703854049908,80.17198326663751|12.984791961436837,80.17216584431135|12.984824154512728,80.17224409188587",FALSE,Broken,Intermediate,,0.71,,
KILAMBAKKAM_LITTLEMOUNT(AT_GRADE_BELOWFLYOVER)_008,Corridor_Littlemount_Kilambakkam,Littlemount_Kilambakkam,Kilambakkam_Littlemount(At-Grade_BelowFlyover).shp,8,4,420.49,12.8756337,80.07870008,12.87921213,80.07998409,12.8774227,80.0793315,At-Grade (Below Flyover),14920.09,13895.93,"12.875633704457828,80.07870007649024","12.879212134532327,80.07998409459658","12.877422697447331,80.07933149921024","12.875633704457828,80.07870007649024|12.875839768899272,80.07871633644721|12.87610697308756,80.07883015614603|12.876573447513215,80.07900436997072|12.877683019114706,80.079431774554|12.878747297463592,80.07979878501136|12.879212134532327,80.07998409459658",FALSE,Broken,Intermediate,,0.42,,
KILAMBAKKAM_LITTLEMOUNT(AT_GRADE_BELOWFLYOVER)_009,Corridor_Littlemount_Kilambakkam,Littlemount_Kilambakkam,Kilambakkam_Littlemount(At-Grade_BelowFlyover).shp,9,6,743.16,12.87921213,80.07998409,12.88537403,80.08256414,12.88237361,80.08112358,At-Grade (Below Flyover),14374.99,13511.46,"12.879212134532327,80.07998409459658","12.885374026794798,80.08256413912221","12.88237361366271,80.08112357778684","12.879212134532327,80.07998409459658|12.879702879704428,80.08017973257472|12.88073997668567,80.08058390864801|12.88119738490711,80.08066288558192|12.88145552581199,80.08074186251577|12.88233637303775,80.08110887297312|12.882621685356865,80.08122153124648|12.883131170832772,80.08141897358114|12.88396219602995,80.08173720416758|12.884502247711415,80.0819718121182|12.884930212367873,80.08213905738992|12.88517476327182,80.08232488546963|12.885374026794798,80.08256413912221",FALSE,Broken,CORRIDOR_END_NODE,,0.74,,
KILAMBAKKAM_LITTLEMOUNT_001,Corridor_Littlemount_Kilambakkam,Littlemount_Kilambakkam,Kilambakkam_Littlemount.shp,1,25,1160.95,12.87558508,80.07872777,12.88537844,80.08256743,12.88050487,80.08059167,At-Grade (Ground),14570.36,13640.37,"12.875585076434607,80.07872777357368","12.88537844075999,80.08256742827867","12.880504870614962,80.08059167252695","12.875585076434607,80.07872777357368|12.87594,80.07886|12.87598,80.07888|12.87606,80.07891|12.87609,80.07892|12.8762,80.07896|12.87636,80.07902|12.87691,80.07924|12.87764,80.07951|12.87904,80.08003|12.8792,80.08009|12.87936,80.08016|12.88058,80.08062|12.88097,80.08077|12.88152,80.08099|12.88172,80.08107|12.88226,80.0813|12.88266,80.08146|12.88369,80.08189|12.88422,80.08208|12.88449,80.08218|12.88459,80.08222|12.8848,80.08233|12.88489,80.08236|12.88514,80.08248|12.88537844075999,80.08256742827867",FALSE,Continuous,CORRIDOR_START_NODE,,1.16,Kilambakkam-Littlemount,
KILAMBAKKAM_LITTLEMOUNT_002,Corridor_Littlemount_Kilambakkam,Littlemount_Kilambakkam,Kilambakkam_Littlemount.shp,2,27,638.08,12.88537844,80.08256743,12.89071807,80.08479185,12.8880432,80.08369124,At-Grade (Ground),13717.63,13036.06,"12.88537844075999,80.08256742827867","12.890718072826665,80.08479185128485","12.888043202665523,80.08369123974148","12.88537844075999,80.08256742827867|12.88544,80.08259|12.88586,80.08276|12.88601,80.08282|12.88607,80.08285|12.88614,80.08288|12.88646,80.08301|12.88773,80.08357|12.88866,80.08393|12.8888,80.08399|12.88921,80.08416|12.89032,80.08462|12.89067,80.08477|12.890718072826665,80.08479185128485",FALSE,Continuous,Intermediate,,0.64,Kilambakkam-Littlemount,
KILAMBAKKAM_LITTLEMOUNT_003,Corridor_Littlemount_Kilambakkam,Littlemount_Kilambakkam,Kilambakkam_Littlemount.shp,3,14,634.98,12.89071807,80.08479185,12.89550044,80.08798783,12.89319035,80.08625578,At-Grade (Ground),13106.51,12597.03,"12.890718072826665,80.08479185128485","12.895500443561847,80.08798783267139","12.893190346662598,80.0862557802268","12.890718072826665,80.08479185128485|12.89078,80.08482|12.89116,80.08499|12.89144,80.0851|12.89167,80.08522|12.89194,80.08537|12.89208,80.08546|12.89244,80.0857|12.89265,80.08585|12.89266,80.08586|12.89278,80.08593|12.89313,80.08621|12.89342,80.08643|12.89409,80.08693|12.89481,80.08749|12.89537,80.08789|12.895500443561847,80.08798783267139",FALSE,Continuous,Intermediate,,0.64,Kilambakkam-Littlemount,
KILAMBAKKAM_LITTLEMOUNT_004,Corridor_Littlemount_Kilambakkam,Littlemount_Kilambakkam,Kilambakkam_Littlemount.shp,4,15,1006.83,12.89550044,80.08798783,12.90281591,80.09350979,12.89916872,80.09073506,At-Grade (Ground),12289.83,11951.02,"12.895500443561847,80.08798783267139","12.902815905431229,80.09350979358813","12.89916872083633,80.09073505778676","12.895500443561847,80.08798783267139|12.89601,80.08837|12.89729,80.08935|12.89794,80.08983|12.89999,80.09134|12.90242,80.09321|12.90254,80.09331|12.902815905431229,80.09350979358813",FALSE,Continuous,Intermediate,,1.01,Kilambakkam-Littlemount,
KILAMBAKKAM_LITTLEMOUNT_005,Corridor_Littlemount_Kilambakkam,Littlemount_Kilambakkam,Kilambakkam_Littlemount.shp,5,16,937.98,12.90281591,80.09350979,12.90935688,80.09894338,12.90615709,80.09614631,At-Grade (Ground),11323.04,11206.21,"12.902815905431229,80.09350979358813","12.909356880574276,80.09894338206075","12.906157094946005,80.09614631068118","12.902815905431229,80.09350979358813|12.90283,80.09352|12.90286,80.0936|12.90288,80.09363|12.9029,80.09365|12.90293,80.09368|12.90301,80.09376|12.9031,80.09384|12.90375,80.09433|12.9042,80.09465|12.90524,80.09547|12.90533,80.09554|12.90541,80.09559|12.906,80.09603|12.90704,80.0968|12.90792,80.09746|12.90815,80.09763|12.90836,80.09781|12.90863,80.09806|12.90876,80.0982|12.90889,80.09836|12.90907,80.09858|12.909356880574276,80.09894338206075",FALSE,Continuous,Intermediate,,0.94,Kilambakkam-Littlemount,
KILAMBAKKAM_LITTLEMOUNT_006,Corridor_Littlemount_Kilambakkam,Littlemount_Kilambakkam,Kilambakkam_Littlemount.shp,6,17,1374.78,12.90935688,80.09894338,12.91705641,80.10711374,12.91438767,80.10169484,At-Grade (Ground),10246.69,10465.8,"12.909356880574276,80.09894338206075","12.917056410023678,80.10711373576503","12.914387668916634,80.10169483838513","12.909356880574276,80.09894338206075|12.90937,80.09896|12.90951,80.09917|12.90971,80.09947|12.91001,80.09998|12.91013,80.1002|12.9102,80.10032|12.91026,80.10042|12.91033,80.10051|12.9104,80.1006|12.91048,80.10069|12.91062,80.10085|12.91067,80.10089|12.91089,80.10107|12.911,80.10117|12.91108,80.10122|12.91113,80.10126|12.91117,80.10128|12.91121,80.1013|12.91127,80.10133|12.9113,80.10134|12.91138,80.10137|12.91145,80.10139|12.91153,80.10139|12.91174,80.10141|12.91189,80.10143|12.91211,80.10145|12.91233,80.10148|12.91252,80.10149|12.91264,80.10149|12.91281,80.10148|12.91292,80.10148|12.91298,80.10148|12.9131,80.10147|12.91321,80.10148|12.91384,80.1015|12.91387,80.10153|12.9139,80.10155|12.91395,80.10157|12.91398,80.10158|12.91408,80.10162|12.91445,80.10171|12.91463,80.10179|12.91474,80.10184|12.91487,80.10193|12.91502,80.10205|12.91515,80.10219|12.91528,80.10235|12.91533,80.10243|12.9154,80.10254|12.91546,80.10266|12.91552,80.10282|12.91554,80.10287|12.9156,80.10306|12.91572,80.10401|12.91576,80.10421|12.91576,80.10424|12.91576,80.10425|12.91577,80.10432|12.91581,80.10454|12.91585,80.10471|12.91588,80.10485|12.91592,80.10498|12.91598,80.10511|12.91603,80.10521|12.91622,80.10556|12.91637,80.10583|12.9165,80.10608|12.91663,80.10632|12.91676,80.10656|12.91693,80.10686|12.91704,80.10708|12.91705,80.1071|12.917056410023678,80.10711373576503",FALSE,Continuous,Intermediate,,1.38,Kilambakkam-Littlemount,
KILAMBAKKAM_LITTLEMOUNT_007,Corridor_Littlemount_Kilambakkam,Littlemount_Kilambakkam,Kilambakkam_Littlemount.shp,7,23,667.28,12.91705641,80.10711374,12.92087534,80.11185798,12.91889134,80.10954267,At-Grade (Ground),9303.5,9567.36,"12.917056410023678,80.10711373576503","12.920875339066159,80.11185798342545","12.918891336072436,80.10954266992398","12.917056410023678,80.10711373576503|12.91712,80.10725|12.9172,80.10737|12.91726,80.10748|12.9174,80.1077|12.91746,80.10778|12.91762,80.10798|12.91771,80.1081|12.91784,80.10825|12.91819,80.1087|12.91839,80.10895|12.91862,80.10922|12.91899,80.10966|12.91964,80.11047|12.91979,80.11067|12.91985,80.11074|12.92007,80.11101|12.92043,80.11139|12.920875339066159,80.11185798342545",FALSE,Continuous,Intermediate,,0.67,Kilambakkam-Littlemount,
KILAMBAKKAM_LITTLEMOUNT_008,Corridor_Littlemount_Kilambakkam,Littlemount_Kilambakkam,Kilambakkam_Littlemount.shp,8,18,900.5,12.92087534,80.11185798,12.92664096,80.11771624,12.92373744,80.11480744,At-Grade (Ground),8523.55,8966.97,"12.920875339066159,80.11185798342545","12.926640964126939,80.11771623591943","12.923737435063225,80.11480743506323","12.920875339066159,80.11185798342545|12.92102,80.11201|12.92121,80.11222|12.92131,80.11232|12.92209,80.11316|12.92286,80.11393|12.92318,80.11424|12.92341,80.11448|12.92451,80.11558|12.92494,80.11603|12.92524,80.11634|12.92642,80.1175|12.92649,80.11758|12.926640964126939,80.11771623591943",FALSE,Continuous,Intermediate,,0.9,Kilambakkam-Littlemount,
KILAMBAKKAM_LITTLEMOUNT_009,Corridor_Littlemount_Kilambakkam,Littlemount_Kilambakkam,Kilambakkam_Littlemount.shp,9,19,520.41,12.92664096,80.11771624,12.93001533,80.1210555,12.92830151,80.11941151,At-Grade (Ground),7814.77,8370.51,"12.926640964126939,80.11771623591943","12.930015329560831,80.12105549939498","12.928301507761553,80.11941150776155","12.926640964126939,80.11771623591943|12.9269,80.11795|12.92704,80.11809|12.92728,80.11838|12.92817,80.11928|12.9285,80.11961|12.92892,80.12002|12.92928,80.12035|12.92947,80.12053|12.930015329560831,80.12105549939498",FALSE,Continuous,Intermediate,,0.52,Kilambakkam-Littlemount,
KILAMBAKKAM_LITTLEMOUNT_010,Corridor_Littlemount_Kilambakkam,Littlemount_Kilambakkam,Kilambakkam_Littlemount.shp,10,0,1138.86,12.93001533,80.1210555,12.93751055,80.12823911,12.9336615,80.1247515,At-Grade (Ground),6987.47,7559.29,"12.930015329560831,80.12105549939498","12.937510551926401,80.12823911302735","12.933661499839735,80.12475149983973","12.930015329560831,80.12105549939498|12.93002,80.12106|12.93015,80.12121|12.93029,80.12135|12.93076,80.12188|12.9318,80.12294|12.9321,80.1232|12.93231,80.12338|12.93276,80.12381|12.93335,80.12444|12.93377,80.12486|12.9341,80.12519|12.93443,80.12551|12.93446,80.12554|12.93477,80.12581|12.93515,80.12616|12.93554,80.1265|12.93604,80.12695|12.93615,80.12704|12.93661,80.12746|12.93674,80.12758|12.93688,80.1277|12.93732,80.12808|12.9375,80.12823|12.937510551926401,80.12823911302735",FALSE,Continuous,Intermediate,,1.14,,
KILAMBAKKAM_LITTLEMOUNT_011,Corridor_Littlemount_Kilambakkam,Littlemount_Kilambakkam,Kilambakkam_Littlemount.shp,11,1,773.03,12.93751055,80.12823911,12.94259708,80.1331196,12.94013049,80.13059878,At-Grade (Ground),6031.46,6641.58,"12.937510551926401,80.12823911302735","12.942597076991547,80.13311959578145","12.940130489196745,80.13059878192767","12.937510551926401,80.12823911302735|12.93772,80.12842|12.93807,80.12872|12.93875,80.12932|12.93989,80.13035|12.94018,80.13065|12.94056,80.13103|12.94064,80.13111|12.94156,80.13207|12.94163,80.13214|12.94257,80.13309|12.942597076991547,80.13311959578145",FALSE,Continuous,Intermediate,,0.77,,
KILAMBAKKAM_LITTLEMOUNT_012,Corridor_Littlemount_Kilambakkam,Littlemount_Kilambakkam,Kilambakkam_Littlemount.shp,12,24,1119.34,12.94259708,80.1331196,12.95052305,80.13950152,12.94647109,80.13641728,At-Grade (Ground),5088.37,5745.92,"12.942597076991547,80.13311959578145","12.950523054840765,80.13950151785139","12.946471087274162,80.13641728285828","12.942597076991547,80.13311959578145|12.943,80.13356|12.94314,80.1337|12.94328,80.13384|12.94346,80.13402|12.94351,80.13407|12.94355,80.13411|12.94376,80.13431|12.94406,80.13455|12.94416,80.13463|12.94438,80.1348|12.94459,80.13495|12.94636,80.13633|12.94678,80.13666|12.94686,80.13673|12.9469,80.13676|12.94691,80.13677|12.94702,80.13685|12.94717,80.13695|12.94718,80.13696|12.94754,80.13718|12.94808,80.13757|12.94833,80.13775|12.94853,80.13789|12.94908,80.13829|12.9495,80.13865|12.94975,80.13886|12.95003,80.13911|12.9505,80.13948|12.950523054840765,80.13950151785139",FALSE,Continuous,Intermediate,,1.12,Kilambakkam-Littlemount,
KILAMBAKKAM_LITTLEMOUNT_013,Corridor_Littlemount_Kilambakkam,Littlemount_Kilambakkam,Kilambakkam_Littlemount.shp,13,2,314.84,12.95052305,80.13950152,12.95279199,80.14124999,12.95165599,80.14037816,At-Grade (Ground),4373.26,5104.86,"12.950523054840765,80.13950151785139","12.95279198841002,80.14124999172145","12.951655985408468,80.14037816366297","12.950523054840765,80.13950151785139|12.95065,80.13962|12.95084,80.13976|12.95121,80.14003|12.95146,80.14022|12.95203,80.14068|12.9521,80.14072|12.95234,80.1409|12.95245,80.141|12.95261,80.14112|12.95279198841002,80.14124999172145",FALSE,Continuous,Intermediate,,0.31,,
KILAMBAKKAM_LITTLEMOUNT_014,Corridor_Littlemount_Kilambakkam,Littlemount_Kilambakkam,Kilambakkam_Littlemount.shp,14,3,661.86,12.95279199,80.14124999,12.95807958,80.14409726,12.95542304,80.14269609,At-Grade (Ground),3894.35,4709.37,"12.95279198841002,80.14124999172145","12.958079578979953,80.14409726317622","12.955423038373187,80.14269609226271","12.95279198841002,80.14124999172145|12.95282,80.14127|12.95299,80.14138|12.9532,80.14152|12.95357,80.14172|12.95378,80.14183|12.954,80.14195|12.95412,80.14202|12.95423,80.14207|12.95429,80.1421|12.95449,80.14222|12.95492,80.14244|12.95547,80.14272|12.95564,80.1428|12.95577,80.14288|12.95587,80.14293|12.95614,80.14308|12.95627,80.14316|12.95661,80.14333|12.95701,80.14354|12.95711,80.14358|12.9576,80.14384|12.95796,80.14403|12.958079578979953,80.14409726317622",FALSE,Continuous,Intermediate,,0.66,,
KILAMBAKKAM_LITTLEMOUNT_015,Corridor_Littlemount_Kilambakkam,Littlemount_Kilambakkam,Kilambakkam_Littlemount.shp,15,28,885.5,12.95807958,80.14409726,12.96514218,80.1479329,12.96161814,80.14600162,At-Grade (Ground),3150.87,4154.95,"12.958079578979953,80.14409726317622","12.965142175974368,80.14793290129916","12.961618144417772,80.14600161517008","12.958079578979953,80.14409726317622|12.95812,80.14412|12.95824,80.14419|12.95885,80.14454|12.9591,80.14466|12.95926,80.14475|12.9594,80.14482|12.95956,80.1449|12.95972,80.14498|12.9602,80.14524|12.96028,80.14528|12.96036,80.14532|12.9605,80.1454|12.96092,80.1456|12.96099,80.14564|12.96124,80.14578|12.96128,80.14581|12.96188,80.14615|12.96217,80.1463|12.96355,80.14703|12.96362,80.14707|12.9637,80.14712|12.9638,80.14718|12.963959699824391,80.14726710899512|12.96402,80.1473|12.96436,80.14748|12.96453,80.14758|12.96465,80.14764|12.96478,80.14771|12.96495,80.1478|12.96514,80.14793|12.965142175974368,80.14793290129916",FALSE,Continuous,Intermediate,,0.89,,
KILAMBAKKAM_LITTLEMOUNT_016,Corridor_Littlemount_Kilambakkam,Littlemount_Kilambakkam,Kilambakkam_Littlemount.shp,16,5,1406.01,12.96514218,80.1479329,12.97497916,80.15547618,12.97089154,80.15072194,At-Grade (Ground),2099.41,3305.52,"12.965142175974368,80.14793290129916","12.97497915764559,80.1554761827089","12.970891540473044,80.15072193942706","12.965142175974368,80.14793290129916|12.96517,80.14797|12.9652,80.148|12.96522,80.14801|12.96525,80.14803|12.9653,80.14806|12.96536,80.14809|12.96546,80.14814|12.96561,80.14821|12.96576,80.14829|12.96599,80.14841|12.96619,80.14851|12.9664,80.14862|12.96672,80.14878|12.96694,80.14887|12.96728,80.14903|12.96737,80.14907|12.96751,80.14913|12.96758,80.14917|12.96784,80.14929|12.96801,80.14937|12.96807,80.14939|12.96813,80.14942|12.96847,80.14958|12.96866,80.14967|12.96885,80.14975|12.96917,80.14991|12.96939,80.15002|12.96957,80.1501|12.9696,80.15011|12.96963,80.15013|12.96967,80.15014|12.96973,80.15018|12.97015,80.15036|12.9703,80.15044|12.97046,80.15051|12.97052,80.15054|12.9707,80.15063|12.97095,80.15075|12.97111,80.15083|12.97113,80.15084|12.97144,80.15097|12.97149,80.151|12.97161,80.15105|12.97166,80.15108|12.97172,80.15111|12.97177,80.15114|12.97182,80.15117|12.97188,80.15121|12.97192,80.15124|12.97206,80.15134|12.97208,80.15136|12.97218,80.15144|12.97223,80.15149|12.9723,80.15155|12.97235,80.15161|12.97241,80.15168|12.97248,80.15176|12.97255,80.15186|12.97262,80.15195|12.9727,80.15206|12.97278,80.15219|12.97286,80.15231|12.97298,80.1525|12.97304,80.15259|12.97315,80.15275|12.97325,80.15291|12.97334,80.15305|12.97354,80.15334|12.97364,80.15349|12.97371,80.15361|12.97384,80.1538|12.97403,80.15408|12.97414,80.15425|12.97422,80.15436|12.97434,80.15456|12.97443,80.1547|12.97467,80.15506|12.9747,80.15511|12.97475,80.15518|12.97494,80.15542|12.97497915764559,80.1554761827089",FALSE,Continuous,Intermediate,,1.41,,
KILAMBAKKAM_LITTLEMOUNT_017,Corridor_Littlemount_Kilambakkam,Littlemount_Kilambakkam,Kilambakkam_Littlemount.shp,17,4,384.31,12.97497916,80.15547618,12.9769324,80.1584048,12.97597586,80.15692736,At-Grade (Ground),1229.24,2436.2,"12.97497915764559,80.1554761827089","12.9769323998535,80.158404799707","12.975975862646234,80.15692735715568","12.97497915764559,80.1554761827089|12.9754,80.15608|12.97559,80.15638|12.9757,80.15653|12.9758,80.15667|12.97586,80.15676|12.97613,80.15715|12.97652,80.15773|12.97664,80.15791|12.97684,80.15825|12.97692,80.15838|12.9769323998535,80.158404799707",FALSE,Continuous,Intermediate,,0.38,,
KILAMBAKKAM_LITTLEMOUNT_018,Corridor_Littlemount_Kilambakkam,Littlemount_Kilambakkam,Kilambakkam_Littlemount.shp,18,6,1746.56,12.9769324,80.1584048,12.9848275,80.17224296,12.98076569,80.16534376,At-Grade (Ground),173.95,1380.98,"12.9769323998535,80.158404799707","12.984827501799662,80.17224295699954","12.980765690553616,80.16534375678582","12.9769323998535,80.158404799707|12.97694,80.15842|12.97699,80.1585|12.97713,80.1587|12.97715,80.15872|12.97759,80.15938|12.97773,80.15959|12.97783,80.15972|12.97815,80.16017|12.97829,80.16036|12.97834,80.16043|12.9785,80.16066|12.97869,80.16091|12.97873,80.16095|12.97883,80.1611|12.9789,80.16119|12.97897,80.16129|12.97915,80.16155|12.9792,80.16161|12.97926,80.16169|12.97937,80.16186|12.97951,80.16205|12.97957,80.16215|12.97965,80.16227|12.97967,80.1623|12.97972,80.16238|12.97976,80.16246|12.97982,80.16256|12.97988,80.16269|12.97991,80.16274|12.97993,80.16279|12.97995,80.16285|12.97999,80.16295|12.98002,80.16303|12.98007,80.1632|12.9801,80.16329|12.98017,80.16356|12.9803,80.16404|12.98039,80.16436|12.98042,80.16446|12.98051,80.16471|12.98056,80.16487|12.98062,80.16502|12.98071,80.16522|12.9808,80.16542|12.98081,80.16543|12.98083,80.16548|12.98087,80.16556|12.9809,80.16561|12.98091,80.16562|12.981,80.16579|12.98109,80.16595|12.98111,80.16599|12.98119,80.16611|12.9813,80.16631|12.98134,80.16638|12.98149,80.16662|12.98152,80.16667|12.98158,80.16677|12.98168,80.16693|12.98175,80.16704|12.98194,80.16735|12.98206,80.16754|12.98214,80.16768|12.98215,80.16769|12.98224,80.16785|12.9825,80.16831|12.98272,80.16868|12.98281,80.16884|12.98291,80.169|12.98318,80.16948|12.98322,80.16954|12.98337,80.1698|12.98385,80.17063|12.98392,80.17075|12.98395,80.1708|12.98409,80.17104|12.98411,80.17107|12.98428,80.17136|12.98468,80.17204|12.98473,80.17211|12.984827501799662,80.17224295699954",FALSE,Continuous,Intermediate,,1.75,,
KILAMBAKKAM_LITTLEMOUNT_019,Corridor_Littlemount_Kilambakkam,Littlemount_Kilambakkam,Kilambakkam_Littlemount.shp,19,7,339.46,12.9848275,80.17224296,12.98661738,80.17478401,12.98572932,80.17350927,At-Grade (Ground),831.69,339.02,"12.984827501799662,80.17224295699954","12.986617377073433,80.17478401095968","12.98572932358752,80.17350926538677","12.984827501799662,80.17224295699954|12.98495,80.17241|12.98511,80.17264|12.98532,80.17294|12.98542,80.17308|12.98591,80.17376|12.98631,80.17433|12.98637,80.17443|12.98648,80.17461|12.986617377073433,80.17478401095968",FALSE,Continuous,Intermediate,,0.34,,
KILAMBAKKAM_LITTLEMOUNT_020,Corridor_Littlemount_Kilambakkam,Littlemount_Kilambakkam,Kilambakkam_Littlemount.shp,20,22,549,12.98661738,80.17478401,12.98952508,80.17888391,12.98804947,80.17685034,At-Grade (Ground),1275.57,108.42,"12.986617377073433,80.17478401095968","12.989525079469953,80.17888391408125","12.98804947463626,80.17685033563254","12.986617377073433,80.17478401095968|12.98663,80.1748|12.98716,80.17556|12.98745,80.17599|12.98757,80.17617|12.98831,80.17722|12.98869,80.1778|12.98915,80.17842|12.989525079469953,80.17888391408125",FALSE,Continuous,Intermediate,,0.55,Kilambakkam-Littlemount,
KILAMBAKKAM_LITTLEMOUNT_021,Corridor_Littlemount_Kilambakkam,Littlemount_Kilambakkam,Kilambakkam_Littlemount.shp,21,21,882.97,12.98952508,80.17888391,12.99406723,80.18555092,12.99201406,80.18207231,At-Grade (Ground),1990.92,577.53,"12.989525079469953,80.17888391408125","12.994067226114712,80.18555091637037","12.992014062492569,80.1820723104412","12.989525079469953,80.17888391408125|12.98953,80.17889|12.99036,80.17994|12.9907,80.18037|12.99089,80.18061|12.99116,80.18097|12.99141,80.18129|12.99202,80.18208|12.99212,80.18222|12.99226,80.1824|12.99248,80.18272|12.99265,80.183|12.99293,80.18345|12.99307,80.1837|12.99401,80.18543|12.99404,80.1855|12.994067226114712,80.18555091637037",FALSE,Continuous,Intermediate,,0.88,Kilambakkam-Littlemount,
KILAMBAKKAM_LITTLEMOUNT_022,Corridor_Littlemount_Kilambakkam,Littlemount_Kilambakkam,Kilambakkam_Littlemount.shp,22,20,470.14,12.99406723,80.18555092,12.99614001,80.18932801,12.99506645,80.18746276,At-Grade (Ground),2530.2,806.21,"12.994067226114712,80.18555091637037","12.996140008730723,80.18932801134994","12.995066447024405,80.1874627573959","12.994067226114712,80.18555091637037|12.99481,80.18694|12.99507,80.18747|12.99561,80.18854|12.99571,80.18871|12.99578,80.18883|12.99598,80.18912|12.996140008730723,80.18932801134994",FALSE,Continuous,Intermediate,,0.47,Kilambakkam-Littlemount,
KILAMBAKKAM_LITTLEMOUNT_023,Corridor_Littlemount_Kilambakkam,Littlemount_Kilambakkam,Kilambakkam_Littlemount.shp,23,8,394.69,12.99614001,80.18932801,12.99845378,80.19209408,12.99733583,80.19067799,At-Grade (Ground),2310.98,1074.16,"12.996140008730723,80.18932801134994","12.998453782133756,80.1920940838123","12.997335833826153,80.1906779884179","12.996140008730723,80.18932801134994|12.99618,80.18938|12.99634,80.18957|12.99636,80.18959|12.99659,80.18983|12.99681,80.19007|12.99704,80.19031|12.99745,80.19082|12.99757,80.19099|12.9978,80.19127|12.99792,80.19141|12.99833,80.19193|12.99841,80.19204|12.998453782133756,80.1920940838123",FALSE,Continuous,Intermediate,,0.39,,
KILAMBAKKAM_LITTLEMOUNT_024,Corridor_Littlemount_Kilambakkam,Littlemount_Kilambakkam,Kilambakkam_Littlemount.shp,24,11,556.26,12.99845378,80.19209408,13.00163399,80.19606513,13.00003633,80.19408689,At-Grade (Ground),1876.53,891.51,"12.998453782133756,80.1920940838123","13.001633986698419,80.19606512575511","13.000036331182727,80.19408688622623","12.998453782133756,80.1920940838123|12.99858,80.19225|12.99877,80.19249|12.99925,80.1931|12.99974,80.19372|13.00016,80.19424|13.00089,80.19516|13.00144,80.19586|13.00151,80.19595|13.00163,80.19606|13.001633986698419,80.19606512575511",FALSE,Continuous,Intermediate,,0.56,,
KILAMBAKKAM_LITTLEMOUNT_025,Corridor_Littlemount_Kilambakkam,Littlemount_Kilambakkam,Kilambakkam_Littlemount.shp,25,9,833.36,13.00163399,80.19606513,13.00510016,80.20136014,13.00190536,80.19969913,At-Grade (Ground),1335.88,805.36,"13.001633986698419,80.19606512575511","13.00510015507046,80.20136014473242","13.001905362838963,80.19969913277534","13.001633986698419,80.19606512575511|13.0017,80.19615|13.00181,80.19628|13.00189,80.19637|13.00199,80.19651|13.00209,80.19674|13.00213,80.19692|13.00215,80.19702|13.00216,80.19712|13.00216,80.19723|13.00216,80.19731|13.00215,80.1975|13.0021,80.19784|13.00203,80.19827|13.00199,80.1985|13.00194,80.19878|13.00192,80.1989|13.00191,80.19897|13.0019,80.19908|13.00189,80.19917|13.00188,80.19931|13.00188,80.19947|13.00188,80.19956|13.00189,80.19963|13.00191,80.19972|13.00192,80.19978|13.00194,80.19985|13.00197,80.19993|13.002,80.2|13.00203,80.20006|13.00209,80.20016|13.00219,80.20029|13.00228,80.20039|13.00237,80.20047|13.00245,80.20052|13.00252,80.20055|13.0026,80.2006|13.00273,80.20064|13.00287,80.20068|13.00303,80.20073|13.00315,80.20076|13.00334,80.20082|13.00398,80.20097|13.00429,80.20105|13.00474,80.20116|13.0048,80.20119|13.00492,80.20124|13.0051,80.20136|13.00510015507046,80.20136014473242",FALSE,Continuous,Intermediate,,0.83,,
KILAMBAKKAM_LITTLEMOUNT_026,Corridor_Littlemount_Kilambakkam,Littlemount_Kilambakkam,Kilambakkam_Littlemount.shp,26,12,980.71,13.00510016,80.20136014,13.00776003,80.2060802,13.00843916,80.20346148,At-Grade (Ground),593.2,637.02,"13.00510015507046,80.20136014473242","13.007760032726608,80.20608019635965","13.008439155730045,80.20346147747243","13.00510015507046,80.20136014473242|13.00525,80.2015|13.00554,80.20179|13.00569,80.20197|13.00577,80.2021|13.0059,80.20234|13.00595,80.20243|13.00604,80.20259|13.0061,80.20269|13.00618,80.20281|13.00627,80.20294|13.00646,80.20312|13.00666,80.20326|13.00687,80.20339|13.00697,80.20346|13.0071,80.20353|13.0072,80.20358|13.00734,80.20363|13.00743,80.20365|13.00746,80.20366|13.00768,80.20371|13.0078,80.20373|13.00788,80.20373|13.00796,80.20373|13.00802,80.20373|13.00818,80.20372|13.00827,80.20366|13.00836,80.20359|13.0084,80.20353|13.00844,80.20346|13.00845,80.20342|13.00846,80.20338|13.00847,80.20332|13.00848,80.20322|13.00848,80.20321|13.00847,80.20316|13.00846,80.20312|13.00845,80.20309|13.00844,80.20305|13.00842,80.20303|13.0084,80.203|13.00838,80.20297|13.00834,80.20293|13.0083,80.20289|13.00827,80.20287|13.00824,80.20285|13.00818,80.20282|13.00814,80.20281|13.0081,80.2028|13.00805,80.20279|13.00801,80.20279|13.00797,80.2028|13.00793,80.20281|13.00789,80.20282|13.00784,80.20283|13.00782,80.20285|13.00778,80.20287|13.00772,80.20292|13.00766,80.20298|13.00762,80.20307|13.00759,80.20318|13.00759,80.20328|13.0076,80.20341|13.00764,80.20369|13.00766,80.20397|13.00767,80.20404|13.00767,80.2041|13.00768,80.20418|13.00768,80.20427|13.00768,80.20438|13.00768,80.20529|13.00768,80.20536|13.00768,80.20541|13.0077,80.20547|13.00773,80.20553|13.00773,80.20571|13.00773,80.20581|13.00773,80.20589|13.00775,80.20603|13.00776,80.20608|13.007760032726608,80.20608019635965",FALSE,Continuous,Intermediate,,0.98,,
KILAMBAKKAM_LITTLEMOUNT_027,Corridor_Littlemount_Kilambakkam,Littlemount_Kilambakkam,Kilambakkam_Littlemount.shp,27,13,696.2,13.00776003,80.2060802,13.00922221,80.21229553,13.00824079,80.20924952,At-Grade (Ground),567.66,23.84,"13.007760032726608,80.20608019635965","13.009222212647115,80.21229553161778","13.008240785288969,80.20924951541157","13.007760032726608,80.20608019635965|13.00777,80.20614|13.00783,80.2065|13.00792,80.20705|13.00814,80.20867|13.00826,80.20936|13.00832,80.20961|13.0084,80.20989|13.00846,80.21005|13.0086,80.21038|13.00878,80.21093|13.00889,80.21127|13.00895,80.21143|13.00898,80.2115|13.00903,80.21166|13.00909,80.21181|13.00916,80.21202|13.00921,80.21224|13.00922,80.21229|13.009222212647115,80.21229553161778",FALSE,Continuous,Intermediate,,0.7,,
KILAMBAKKAM_LITTLEMOUNT_028,Corridor_Littlemount_Kilambakkam,Littlemount_Kilambakkam,Kilambakkam_Littlemount.shp,28,26,1051.68,13.00922221,80.21229553,13.01249825,80.22133194,13.01079797,80.21683543,At-Grade (Ground),693.56,398.54,"13.009222212647115,80.21229553161778","13.012498252986251,80.22133194272594","13.01079796768004,80.2168354272801","13.009222212647115,80.21229553161778|13.00924,80.21234|13.00926,80.21238|13.00949,80.21302|13.00968,80.21352|13.00983,80.21385|13.00989,80.214|13.00992,80.21408|13.00996,80.21417|13.00997,80.21418|13.01009,80.21447|13.01011,80.21454|13.01013,80.21461|13.01014,80.21466|13.01015,80.21471|13.01016,80.21476|13.01017,80.2148|13.01018,80.21493|13.01019,80.21497|13.0102,80.21503|13.01026,80.21553|13.01027,80.21559|13.01028,80.21563|13.01029,80.21568|13.01029,80.2157|13.0103,80.21573|13.01031,80.21576|13.01038,80.2159|13.01042,80.21599|13.01076,80.21675|13.0108,80.21684|13.01082,80.21688|13.01083,80.21689|13.01085,80.2169|13.01086,80.21691|13.01088,80.21692|13.01116,80.21745|13.01129,80.2178|13.01135,80.21795|13.01137,80.21801|13.01151,80.21843|13.01158,80.21863|13.01161,80.2187|13.01168,80.2189|13.01171,80.21898|13.01182,80.21929|13.01189,80.21952|13.01199,80.21987|13.0121,80.22025|13.01222,80.22064|13.01227,80.22078|13.01238,80.22114|13.01241,80.22118|13.01245,80.22126|13.01248,80.2213|13.012498252986251,80.22133194272594",FALSE,Continuous,Intermediate,,1.05,Kilambakkam-Littlemount,
KILAMBAKKAM_LITTLEMOUNT_029,Corridor_Littlemount_Kilambakkam,Littlemount_Kilambakkam,Kilambakkam_Littlemount.shp,29,10,555.46,13.01249825,80.22133194,13.01575,80.22518,13.01405268,80.22333171,At-Grade (Ground),209.55,249.9,"13.012498252986251,80.22133194272594","13.01575,80.22518","13.01405268249773,80.22333170624432","13.012498252986251,80.22133194272594|13.01252,80.22137|13.01255,80.22142|13.01258,80.22148|13.01262,80.22154|13.01265,80.22159|13.01275,80.2217|13.0129,80.2219|13.01324,80.22233|13.01347,80.22259|13.01361,80.22275|13.01377,80.22293|13.01394,80.22317|13.01397,80.2232|13.014,80.22324|13.01404,80.2233|13.01406,80.22335|13.01408,80.22342|13.01418,80.22354|13.01429,80.22367|13.01434,80.22374|13.01453,80.22395|13.01487,80.22434|13.01514,80.22468|13.01522,80.2247|13.01525,80.22472|13.01543,80.22487|13.0156,80.22503|13.01561,80.22505|13.01566,80.2251|13.01571,80.22515|13.01575,80.22518",FALSE,Continuous,CORRIDOR_END_NODE,,0.56,,
LITTLEMOUNT_KILAMBAKKAM(AT_GRADE_BELOWFLYOVER)_001,Corridor_Littlemount_Kilambakkam,Littlemount_Kilambakkam,Littlemount_Kilambakkam(At-Grade_BelowFlyover).shp,1,0,426.91,12.96396838,80.14735412,12.96735711,80.14921759,12.96562429,80.14834855,At-Grade (Below Flyover),2662.09,3814.56,"12.963968380630916,80.14735411804686","12.967357109852271,80.14921759362389","12.96562429196603,80.14834854692033","12.963968380630916,80.14735411804686|12.964163814549511,80.14753495688578|12.964604387560284,80.14778534912416|12.9652166697827,80.14814470835526|12.965575904776586,80.14832322874749|12.965804097805268,80.14844262875003|12.966499972283875,80.14879966953448|12.966964264076072,80.14903267342301|12.967357109852271,80.14921759362389",FALSE,Continuous,CORRIDOR_START_NODE,,0.43,,
LITTLEMOUNT_KILAMBAKKAM(AT_GRADE_BELOWFLYOVER)_002,Corridor_Littlemount_Kilambakkam,Littlemount_Kilambakkam,Littlemount_Kilambakkam(At-Grade_BelowFlyover).shp,2,4,592.62,12.96735711,80.14921759,12.97216518,80.15159456,12.96980187,80.15033536,At-Grade (Below Flyover),2203.38,3407.69,"12.967357109852271,80.14921759362389","12.972165176666138,80.15159455697342","12.969801873318067,80.15033535873975","12.967357109852271,80.14921759362389|12.967456796514492,80.14926451808819|12.967755026691384,80.1494036248873|12.968471229519821,80.14970038605874|12.969250690823028,80.15008756664962|12.969729662934187,80.15029622684833|12.969930740573952,80.15040519384095|12.97052493534616,80.15066717831266|12.97099034927157,80.15089902297785|12.971437688049054,80.15110536472986|12.971643282873922,80.15121665016918|12.971898581705629,80.15136503075489|12.972165176666138,80.15159455697342",FALSE,Continuous,Intermediate,,0.59,,
LITTLEMOUNT_KILAMBAKKAM(AT_GRADE_BELOWFLYOVER)_003,Corridor_Littlemount_Kilambakkam,Littlemount_Kilambakkam,Littlemount_Kilambakkam(At-Grade_BelowFlyover).shp,3,5,213.96,12.97216518,80.15159456,12.97330118,80.15318831,12.97275792,80.15237297,At-Grade (Below Flyover),1836.34,3043.35,"12.972165176666138,80.15159455697342","12.973301182699156,80.15318830984397","12.972757918456596,80.15237297291199","12.972165176666138,80.15159455697342|12.9723097704235,80.15175684823906|12.972531179451561,80.15203738028396|12.972766143918841,80.15238514728178|12.973064367730723,80.15283260748564|12.973301182699156,80.15318830984397",FALSE,Continuous,Intermediate,,0.21,,
LITTLEMOUNT_KILAMBAKKAM(AT_GRADE_BELOWFLYOVER)_004,Corridor_Littlemount_Kilambakkam,Littlemount_Kilambakkam,Littlemount_Kilambakkam(At-Grade_BelowFlyover).shp,4,2,320.32,12.97330118,80.15318831,12.97494309,80.15562029,12.97410033,80.15441914,At-Grade (Below Flyover),1569.44,2776.48,"12.973301182699156,80.15318830984397","12.974943093904969,80.1556202880433","12.974100329801285,80.15441913758386","12.973301182699156,80.15318830984397|12.973468776722541,80.15344004050844|12.973796370116489,80.15395009877186|12.97410137047468,80.15442074344226|12.974476407439376,80.15497021529879|12.97477236994597,80.15539217258949|12.97492712882634,80.15560083278818|12.974943093904969,80.1556202880433",FALSE,Continuous,Intermediate,,0.32,,
LITTLEMOUNT_KILAMBAKKAM(AT_GRADE_BELOWFLYOVER)_005,Corridor_Littlemount_Kilambakkam,Littlemount_Kilambakkam,Littlemount_Kilambakkam(At-Grade_BelowFlyover).shp,5,1,514.49,12.87476666,80.07861151,12.87909759,80.08033969,12.87692976,80.07948082,At-Grade (Below Flyover),14951.98,13902.22,"12.874766656110927,80.07861150689553","12.879097586703537,80.08033969467809","12.876929761308341,80.07948082030353","12.874766656110927,80.07861150689553|12.875409953199892,80.07889841466871|12.87648804422417,80.07931051856113|12.878361979143238,80.08003300449909|12.879094473719778,80.08033839681005|12.879097586703537,80.08033969467809",FALSE,Broken,Intermediate,,0.51,,
LITTLEMOUNT_KILAMBAKKAM(AT_GRADE_BELOWFLYOVER)_006,Corridor_Littlemount_Kilambakkam,Littlemount_Kilambakkam,Littlemount_Kilambakkam(At-Grade_BelowFlyover).shp,6,3,644.68,12.87909759,80.08033969,12.88455324,80.08235435,12.88180304,80.08143909,At-Grade (Below Flyover),14401.23,13502.25,"12.879097586703537,80.08033969467809","12.884553238428305,80.08235434920945","12.881803035914304,80.08143908924245","12.879097586703537,80.08033969467809|12.879231561550709,80.0803955515943|12.879928242354847,80.08066420160007|12.880370659086175,80.08086503704133|12.881188110933989,80.08117020258193|12.881494495776112,80.08131104821604|12.88205386962512,80.08154318268708|12.883020057877074,80.08193963706456|12.8834039895426,80.0820935239611|12.883800633559197,80.08223436959523|12.884039636701848,80.08232826668463|12.884553238428305,80.08235434920945",FALSE,Broken,CORRIDOR_END_NODE,,0.64,,
LITTLEMOUNT_KILAMBAKKAM_001,Corridor_Littlemount_Kilambakkam,Littlemount_Kilambakkam,Littlemount_Kilambakkam.shp,1,29,624.76,13.01491201,80.2260692,13.00961603,80.22792069,13.01226737,80.22707497,At-Grade (Ground),290.05,198.63,"13.014912011326848,80.22606919546926","13.009616032478043,80.22792068831869","13.012267369792818,80.22707497216183","13.014912011326848,80.22606919546926|13.01491,80.22607|13.01442,80.22623|13.01435,80.22626|13.01385,80.22646|13.0135,80.22658|13.01293,80.2268|13.01262,80.22694|13.01239,80.22702|13.0121,80.22715|13.01131,80.22745|13.01018,80.2279|13.00992,80.22797|13.00986,80.22798|13.00981,80.22798|13.00977,80.22798|13.00974,80.22797|13.00969,80.22796|13.00965,80.22794|13.00963,80.22793|13.009616032478043,80.22792068831869",FALSE,Continuous,CORRIDOR_START_NODE,,0.62,LittleMount-Kilambakkam,
LITTLEMOUNT_KILAMBAKKAM_002,Corridor_Littlemount_Kilambakkam,Littlemount_Kilambakkam,Littlemount_Kilambakkam.shp,2,12,363.01,13.00961603,80.22792069,13.01076775,80.2248854,13.01010889,80.22641154,At-Grade (Ground),183.09,386.89,"13.009616032478043,80.22792068831869","13.010767751256255,80.22488539698499","13.010108886376939,80.22641153599096","13.009616032478043,80.22792068831869|13.0096,80.22791|13.00958,80.22789|13.00956,80.22786|13.00954,80.22783|13.00953,80.22781|13.00952,80.22779|13.00952,80.22777|13.00952,80.22774|13.00953,80.22772|13.00954,80.22769|13.00956,80.22763|13.00962,80.2275|13.01015,80.22632|13.01019,80.22623|13.0102,80.2262|13.01021,80.22617|13.01021,80.22615|13.01021,80.22611|13.01051,80.22543|13.01072,80.225|13.010767751256255,80.22488539698499",FALSE,Continuous,Intermediate,,0.36,,
LITTLEMOUNT_KILAMBAKKAM_003,Corridor_Littlemount_Kilambakkam,Littlemount_Kilambakkam,Littlemount_Kilambakkam.shp,3,28,195.24,13.01076775,80.2248854,13.01144779,80.22322452,13.01110445,80.22405353,At-Grade (Ground),95.33,147.87,"13.010767751256255,80.22488539698499","13.011447785059211,80.22322451944024","13.011104452165863,80.22405353393559","13.010767751256255,80.22488539698499|13.01077,80.22488|13.01082,80.22475|13.01094,80.22447|13.01107,80.22415|13.01112,80.22401|13.0113,80.22359|13.01138,80.22338|13.0114,80.22334|13.011447785059211,80.22322451944024",FALSE,Continuous,Intermediate,,0.2,LittleMount-Kilambakkam,
LITTLEMOUNT_KILAMBAKKAM_004,Corridor_Littlemount_Kilambakkam,Littlemount_Kilambakkam,Littlemount_Kilambakkam.shp,4,27,225.3,13.01144779,80.22322452,13.01215638,80.22128086,13.01181712,80.22225769,At-Grade (Ground),110.63,164.23,"13.011447785059211,80.22322451944024","13.012156379824495,80.22128086052652","13.01181711756925,80.222257686482","13.011447785059211,80.22322451944024|13.01152,80.22305|13.01157,80.22293|13.0116,80.22283|13.01166,80.22271|13.01179,80.22233|13.01188,80.22209|13.01189,80.22206|13.01202,80.22165|13.01208,80.2215|13.01209,80.22147|13.01212,80.22135|13.01213,80.22133|13.01215,80.2213|13.012156379824495,80.22128086052652",FALSE,Continuous,Intermediate,,0.23,LittleMount-Kilambakkam,
LITTLEMOUNT_KILAMBAKKAM_005,Corridor_Littlemount_Kilambakkam,Littlemount_Kilambakkam,Littlemount_Kilambakkam.shp,5,11,1029.98,13.01215638,80.22128086,13.00912711,80.21235519,13.01068534,80.21679788,At-Grade (Ground),698.97,407.05,"13.012156379824495,80.22128086052652","13.009127113236362,80.21235518872727","13.010685338177042,80.21679788499016","13.012156379824495,80.22128086052652|13.01216,80.22127|13.01217,80.22125|13.01217,80.22118|13.01216,80.22109|13.01211,80.22088|13.01199,80.22051|13.0119,80.22025|13.01183,80.22|13.01166,80.21948|13.01165,80.21945|13.01155,80.21913|13.01131,80.21836|13.01123,80.21816|13.01109,80.21782|13.01106,80.21773|13.01093,80.21742|13.01086,80.21723|13.01086,80.21722|13.0108,80.21706|13.01073,80.21689|13.01057,80.21656|13.01041,80.2162|13.01036,80.21609|13.01029,80.21595|13.01025,80.21584|13.01022,80.21576|13.0102,80.21569|13.01019,80.21564|13.01017,80.21553|13.01017,80.2155|13.01015,80.21539|13.01008,80.21485|13.01008,80.2148|13.01006,80.21473|13.01006,80.21469|13.01005,80.21465|13.01004,80.21462|13.01002,80.21456|13.01,80.2145|13.00997,80.21443|13.00986,80.21418|13.00983,80.21411|13.00962,80.2136|13.00959,80.21353|13.00955,80.21343|13.00913,80.21236|13.009127113236362,80.21235518872727",FALSE,Continuous,Intermediate,,1.03,,
LITTLEMOUNT_KILAMBAKKAM_006,Corridor_Littlemount_Kilambakkam,Littlemount_Kilambakkam,Littlemount_Kilambakkam.shp,6,25,703.51,13.00912711,80.21235519,13.00760029,80.20609228,13.00807972,80.20929403,At-Grade (Ground),549.84,10.47,"13.009127113236362,80.21235518872727","13.007600285160331,80.20609228128265","13.00807972390816,80.20929403367856","13.009127113236362,80.21235518872727|13.0091,80.21231|13.00908,80.21225|13.00905,80.21219|13.00899,80.21201|13.00892,80.21176|13.00886,80.21161|13.00879,80.21139|13.00868,80.21108|13.00866,80.21103|13.00858,80.21081|13.00852,80.21063|13.0084,80.21031|13.00834,80.21017|13.00825,80.20986|13.00813,80.20946|13.00809,80.20933|13.00805,80.20919|13.00802,80.20898|13.00798,80.20866|13.00794,80.20838|13.00793,80.20833|13.00787,80.20794|13.00783,80.20768|13.00781,80.20753|13.00778,80.20731|13.00773,80.20706|13.00769,80.20684|13.00767,80.20665|13.00765,80.20649|13.00763,80.20633|13.007600285160331,80.20609228128265",FALSE,Continuous,Intermediate,,0.7,LittleMount-Kilambakkam,
LITTLEMOUNT_KILAMBAKKAM_007,Corridor_Littlemount_Kilambakkam,Littlemount_Kilambakkam,Littlemount_Kilambakkam.shp,7,10,591.57,13.00760029,80.20609228,13.00496,80.20145345,13.00647718,80.20364317,At-Grade (Ground),805.63,647.33,"13.007600285160331,80.20609228128265","13.00496,80.20145345398832","13.006477177575482,80.20364317056782","13.007600285160331,80.20609228128265|13.0076,80.20609|13.00756,80.20604|13.00755,80.20601|13.00751,80.20589|13.00746,80.20569|13.00743,80.20558|13.00739,80.20548|13.00736,80.20536|13.00727,80.20514|13.00719,80.20495|13.00716,80.20488|13.00711,80.20475|13.00695,80.20443|13.00693,80.20439|13.00687,80.20426|13.00681,80.20414|13.00655,80.20374|13.00649,80.20366|13.00633,80.20345|13.00621,80.20329|13.00611,80.20318|13.00606,80.20311|13.00599,80.20301|13.00592,80.20288|13.0058,80.20269|13.00574,80.20249|13.00563,80.20224|13.00551,80.20205|13.00536,80.20188|13.00525,80.20176|13.00514,80.20166|13.00508,80.20163|13.00502,80.20159|13.005,80.20157|13.00499,80.20156|13.00497,80.20153|13.00497,80.20151|13.00496,80.20149|13.00496,80.20145345398832",FALSE,Continuous,Intermediate,,0.59,,
LITTLEMOUNT_KILAMBAKKAM_008,Corridor_Littlemount_Kilambakkam,Littlemount_Kilambakkam,Littlemount_Kilambakkam.shp,8,9,821.66,13.00496,80.20145345,13.00150814,80.19619939,13.00176912,80.19980318,At-Grade (Ground),1327.2,789.64,"13.00496,80.20145345398832","13.001508141809513,80.19619939439559","13.001769118757833,80.19980318002507","13.00496,80.20145345398832|13.00496,80.20145|13.00491,80.20142|13.00483,80.20138|13.0047,80.20133|13.00451,80.20125|13.00422,80.20115|13.0039,80.20105|13.00377,80.20101|13.0036,80.20097|13.00339,80.20092|13.0028,80.20077|13.00265,80.20073|13.00249,80.20065|13.00234,80.20057|13.00228,80.20053|13.00224,80.2005|13.00215,80.20043|13.00208,80.20036|13.00201,80.20028|13.00185,80.20003|13.00179,80.19987|13.00174,80.19971|13.00172,80.19959|13.00171,80.19942|13.00172,80.19932|13.00172,80.19924|13.00172,80.19915|13.00172,80.19911|13.00173,80.19905|13.00175,80.1989|13.00178,80.19875|13.00185,80.19832|13.00192,80.19774|13.00195,80.19748|13.00196,80.19731|13.00197,80.19726|13.00197,80.19725|13.00196,80.19709|13.00194,80.19695|13.00191,80.19682|13.00185,80.19668|13.00176,80.19652|13.00163,80.19634|13.001508141809513,80.19619939439559",FALSE,Continuous,Intermediate,,0.82,,
LITTLEMOUNT_KILAMBAKKAM_009,Corridor_Littlemount_Kilambakkam,Littlemount_Kilambakkam,Littlemount_Kilambakkam.shp,9,7,558.78,13.00150814,80.19619939,12.99833959,80.19218943,12.99992458,80.19419418,At-Grade (Ground),1879.77,874.6,"13.001508141809513,80.19619939439559","12.998339592102102,80.19218942894294","12.999924580587692,80.19419418379339","13.001508141809513,80.19619939439559|13.0015,80.19619|13.00143,80.19611|13.00138,80.19605|13.00131,80.19596|13.00125,80.19587|13.00117,80.19578|13.00079,80.19529|13.00017,80.19449|13.00004,80.19435|12.99984,80.19408|12.99955,80.19373|12.99933,80.19342|12.99899,80.193|12.99865,80.19259|12.99848,80.19237|12.99839,80.19225|12.99834,80.19219|12.998339592102102,80.19218942894294",FALSE,Continuous,Intermediate,,0.56,,
LITTLEMOUNT_KILAMBAKKAM_010,Corridor_Littlemount_Kilambakkam,Littlemount_Kilambakkam,Littlemount_Kilambakkam.shp,10,8,395.17,12.99833959,80.19218943,12.99603877,80.18940575,12.99722272,80.1907697,At-Grade (Ground),2324.93,1061.17,"12.998339592102102,80.19218942894294","12.9960387677707,80.18940575434182","12.997222716703792,80.19076969777284","12.998339592102102,80.19218942894294|12.99829,80.19212|12.9982,80.19202|12.99769,80.19137|12.99757,80.19122|12.99756,80.1912|12.99728,80.19084|12.99706,80.19057|12.99686,80.19032|12.99675,80.1902|12.99653,80.18996|12.99636,80.18976|12.99607,80.18945|12.9960387677707,80.18940575434182",FALSE,Continuous,Intermediate,,0.4,,
LITTLEMOUNT_KILAMBAKKAM_011,Corridor_Littlemount_Kilambakkam,Littlemount_Kilambakkam,Littlemount_Kilambakkam.shp,11,6,477.7,12.99603877,80.18940575,12.99397344,80.18554714,12.99495922,80.18750498,At-Grade (Ground),2542.13,795.9,"12.9960387677707,80.18940575434182","12.993973435223046,80.18554714164792","12.99495922114472,80.1875049791469","12.9960387677707,80.18940575434182|12.99595,80.18928|12.99592,80.18925|12.99583,80.18913|12.99574,80.18899|12.99561,80.18879|12.99556,80.18871|12.99537,80.18835|12.99519,80.18797|12.99511,80.18781|12.99504,80.18768|12.99492,80.18742|12.99488,80.18734|12.99485,80.18728|12.99475,80.18709|12.9946,80.18679|12.99454,80.18668|12.99435,80.18633|12.993973435223046,80.18554714164792",FALSE,Continuous,Intermediate,,0.48,,
LITTLEMOUNT_KILAMBAKKAM_012,Corridor_Littlemount_Kilambakkam,Littlemount_Kilambakkam,Littlemount_Kilambakkam.shp,12,21,875.2,12.99397344,80.18554714,12.98943937,80.17895924,12.9919087,80.1821169,At-Grade (Ground),1988.14,565.33,"12.993973435223046,80.18554714164792","12.9894393719624,80.17895923543249","12.991908703667537,80.1821169047154","12.993973435223046,80.18554714164792|12.99397,80.18554|12.99393,80.18548|12.99379,80.18521|12.99354,80.18476|12.99296,80.18369|12.99258,80.18308|12.99249,80.18295|12.9924,80.18281|12.99202,80.18226|12.99097,80.18091|12.99024,80.17998|12.98998,80.17966|12.98967,80.17928|12.98944,80.17896|12.9894393719624,80.17895923543249",FALSE,Continuous,Intermediate,,0.88,LittleMount-Kilambakkam,
LITTLEMOUNT_KILAMBAKKAM_013,Corridor_Littlemount_Kilambakkam,Littlemount_Kilambakkam,Littlemount_Kilambakkam.shp,13,26,539.37,12.98943937,80.17895924,12.98653483,80.17496753,12.98794903,80.1769919,At-Grade (Ground),1282.16,112.07,"12.9894393719624,80.17895923543249","12.986534827587276,80.17496753256857","12.987949027724934,80.17699190492922","12.9894393719624,80.17895923543249|12.98921,80.17868|12.989,80.17842|12.98867,80.17801|12.98822,80.17739|12.98741,80.1762|12.98726,80.17599|12.98721,80.17592|12.987200755745215,80.17590705804331|12.98716,80.17585|12.98686,80.17543|12.986534827587276,80.17496753256857",FALSE,Continuous,Intermediate,,0.54,LittleMount-Kilambakkam,
LITTLEMOUNT_KILAMBAKKAM_014,Corridor_Littlemount_Kilambakkam,Littlemount_Kilambakkam,Littlemount_Kilambakkam.shp,14,20,1056.05,12.98653483,80.17496753,12.98140567,80.16675908,12.98389379,80.17091154,At-Grade (Ground),484.88,685.77,"12.986534827587276,80.17496753256857","12.981405672497335,80.16675907599573","12.983893792378815,80.17091154038863","12.986534827587276,80.17496753256857|12.98641,80.17479|12.98616,80.17439|12.98599,80.17414|12.98575,80.17376|12.98522,80.17298|12.98468,80.17219|12.9846,80.17206|12.98428,80.17153|12.9841,80.17124|12.98399,80.17107|12.98365,80.17051|12.98355,80.17034|12.98316,80.16967|12.98288,80.16919|12.98276,80.16899|12.98233,80.16827|12.98218,80.16802|12.98194,80.16764|12.98176,80.16733|12.98169,80.16722|12.98161,80.1671|12.9815,80.16691|12.981405672497335,80.16675907599573",FALSE,Continuous,Intermediate,,1.06,LittleMount-Kilambakkam,
LITTLEMOUNT_KILAMBAKKAM_015,Corridor_Littlemount_Kilambakkam,Littlemount_Kilambakkam,Littlemount_Kilambakkam.shp,15,30,442,12.98140567,80.16675908,12.97988448,80.16301832,12.9804592,80.16496559,At-Grade (Ground),226.86,1433.71,"12.981405672497335,80.16675907599573","12.979884475592367,80.16301832189558","12.980459196107114,80.16496559075439","12.981405672497335,80.16675907599573|12.9814,80.16675|12.98131,80.1666|12.98128,80.16654|12.98114,80.16632|12.9811,80.16625|12.98103,80.16612|12.98092,80.16594|12.98077,80.16565|12.98068,80.16546|12.98061,80.16533|12.98057,80.16524|12.98052,80.16511|12.98044,80.16492|12.98038,80.16474|12.98029,80.16448|12.98025,80.16433|12.98022,80.16424|12.98016,80.16401|12.98005,80.1636|12.98001,80.16344|12.97991,80.1631|12.979884475592367,80.16301832189558",FALSE,Continuous,Intermediate,,0.44,LittleMount-Kilambakkam,
LITTLEMOUNT_KILAMBAKKAM_016,Corridor_Littlemount_Kilambakkam,Littlemount_Kilambakkam,Littlemount_Kilambakkam.shp,16,19,971.39,12.97988448,80.16301832,12.97495286,80.15562376,12.97740855,80.15933259,At-Grade (Ground),924.05,2130.97,"12.979884475592367,80.16301832189558","12.974952855017662,80.15562376343237","12.977408545275884,80.15933258881935","12.979884475592367,80.16301832189558|12.97986,80.16294|12.97984,80.16289|12.97983,80.16288|12.97978,80.16276|12.97972,80.16266|12.97967,80.16256|12.97962,80.16248|12.97953,80.16235|12.97948,80.16227|12.97941,80.16218|12.97929,80.16201|12.97912,80.16178|12.97907,80.16171|12.979,80.16162|12.97868,80.16116|12.97843,80.16079|12.97794,80.16009|12.97783,80.15992|12.97778,80.15986|12.97755,80.15955|12.97742,80.15935|12.97717,80.15897|12.9769,80.15856|12.97684,80.15848|12.97681,80.15842|12.97675,80.15832|12.97674,80.15831|12.97628,80.15757|12.97617,80.1574|12.97604,80.15719|12.97586,80.15692|12.97577,80.15678|12.97545,80.15632|12.9753,80.15611|12.97517,80.15591|12.974952855017662,80.15562376343237",FALSE,Continuous,Intermediate,,0.97,LittleMount-Kilambakkam,
LITTLEMOUNT_KILAMBAKKAM_017,Corridor_Littlemount_Kilambakkam,Littlemount_Kilambakkam,Littlemount_Kilambakkam.shp,17,5,1565.48,12.97495286,80.15562376,12.96391739,80.14734246,12.97029862,80.15049431,At-Grade (Ground),2157.2,3362.45,"12.974952855017662,80.15562376343237","12.96391739095382,80.14734246365127","12.970298622338458,80.15049431116923","12.974952855017662,80.15562376343237|12.97495,80.15562|12.97494,80.15554|12.97494,80.15553|12.97493,80.15551|12.97492,80.15549|12.97491,80.15548|12.9749,80.15546|12.97489,80.15545|12.97484,80.15538|12.97471,80.15522|12.97466,80.15514|12.9746,80.15506|12.97449,80.1549|12.97439,80.15473|12.97428,80.15456|12.97417,80.15439|12.97407,80.15422|12.97388,80.15394|12.9738,80.15382|12.97368,80.15365|12.97361,80.15354|12.97351,80.15338|12.97337,80.15318|12.97329,80.15305|12.97321,80.15293|12.97311,80.15279|12.973,80.15263|12.97292,80.15249|12.97274,80.15223|12.97266,80.15209|12.97262,80.15203|12.97257,80.15197|12.9725,80.15188|12.97244,80.1518|12.97239,80.15174|12.97234,80.15168|12.9723,80.15164|12.97226,80.15159|12.97219,80.15153|12.97212,80.15147|12.97205,80.1514|12.97199,80.15136|12.97189,80.15129|12.97185,80.15126|12.97179,80.15122|12.97174,80.15119|12.97165,80.15113|12.97158,80.1511|12.9715,80.15106|12.97143,80.15103|12.97111,80.15088|12.97109,80.15087|12.97093,80.1508|12.97067,80.15067|12.97044,80.15056|12.97043,80.15056|12.97035,80.15052|12.97027,80.15048|12.97002,80.15037|12.96995,80.15033|12.96994,80.15033|12.9697,80.15022|12.96963,80.15018|12.96954,80.15015|12.96925,80.15|12.96892,80.14985|12.96882,80.1498|12.96843,80.14962|12.9681,80.14946|12.96804,80.14944|12.96798,80.14941|12.96782,80.14933|12.96755,80.14921|12.96746,80.14917|12.96735,80.14912|12.96727,80.14908|12.9671,80.149|12.96702,80.14896|12.96693,80.14892|12.96681,80.14887|12.96669,80.14882|12.96661,80.14878|12.96637,80.14866|12.96616,80.14856|12.96582,80.14838|12.96558,80.14826|12.96551,80.14823|12.96534,80.14814|12.96522,80.14808|12.96488,80.14787|12.96456,80.14768|12.96447,80.14763|12.96429,80.14752|12.96398,80.14736|12.96396,80.14735|12.96394,80.14735|12.96391739095382,80.14734246365127",FALSE,Continuous,Intermediate,,1.57,,
LITTLEMOUNT_KILAMBAKKAM_018,Corridor_Littlemount_Kilambakkam,Littlemount_Kilambakkam,Littlemount_Kilambakkam.shp,18,4,738.45,12.96391739,80.14734246,12.9580065,80.14420556,12.9609696,80.14576586,At-Grade (Ground),3219.6,4198.23,"12.96391739095382,80.14734246365127","12.958006495926393,80.14420555826065","12.9609696017671,80.14576585808952","12.96391739095382,80.14734246365127|12.96391,80.14734|12.96388,80.14734|12.9638,80.14733|12.96374,80.1473|12.96355,80.1472|12.96346,80.14715|12.96295,80.14686|12.96263,80.14668|12.96232,80.1465|12.96216,80.14641|12.96198,80.14631|12.96166,80.14613|12.96149,80.14604|12.96128,80.14593|12.96122,80.1459|12.96094,80.14575|12.96093,80.14574|12.9608,80.14567|12.96077,80.14566|12.96058,80.14556|12.96053,80.14553|12.96051,80.14551|12.96048,80.1455|12.96047,80.14549|12.96033,80.14542|12.96031,80.14541|12.96017,80.14534|12.95934,80.14492|12.95824,80.14434|12.958006495926393,80.14420555826065",FALSE,Continuous,Intermediate,,0.74,,
LITTLEMOUNT_KILAMBAKKAM_019,Corridor_Littlemount_Kilambakkam,Littlemount_Kilambakkam,Littlemount_Kilambakkam.shp,19,3,660.92,12.9580065,80.14420556,12.95274996,80.14131952,12.95536095,80.14278911,At-Grade (Ground),3892.73,4702.52,"12.958006495926393,80.14420555826065","12.952749963018507,80.14131952023989","12.955360949459985,80.14278911397713","12.958006495926393,80.14420555826065|12.95791,80.14415|12.95774,80.14406|12.95732,80.14384|12.95684,80.14359|12.95654,80.14343|12.95625,80.14328|12.9561,80.14319|12.95572,80.14298|12.95538,80.1428|12.95531,80.14276|12.95505,80.14263|12.95491,80.14255|12.95454,80.14236|12.95431,80.14222|12.95427,80.1422|12.95412,80.14212|12.95411,80.14211|12.95396,80.14203|12.95387,80.14199|12.95349,80.14178|12.95321,80.14162|12.95291,80.14143|12.9529,80.14143|12.95278,80.14134|12.952749963018507,80.14131952023989",FALSE,Continuous,Intermediate,,0.66,,
LITTLEMOUNT_KILAMBAKKAM_020,Corridor_Littlemount_Kilambakkam,Littlemount_Kilambakkam,Littlemount_Kilambakkam.shp,20,2,316.75,12.95274996,80.14131952,12.95045043,80.13958567,12.95158878,80.14047065,At-Grade (Ground),4372.36,5098.9,"12.952749963018507,80.14131952023989","12.95045043419694,80.13958566621766","12.951588777045947,80.14047064753828","12.952749963018507,80.14131952023989|12.95256,80.14119|12.95227,80.14099|12.95226,80.14098|12.95223,80.14096|12.95204,80.14081|12.95196,80.14075|12.95167,80.14054|12.95161,80.14048|12.9516,80.14048|12.95154,80.14043|12.95146,80.14037|12.95121,80.14017|12.95103,80.14003|12.95045043419694,80.13958566621766",FALSE,Continuous,Intermediate,,0.32,,
LITTLEMOUNT_KILAMBAKKAM_021,Corridor_Littlemount_Kilambakkam,Littlemount_Kilambakkam,Littlemount_Kilambakkam.shp,21,24,836.48,12.95045043,80.13958567,12.94439773,80.13497203,12.94742939,80.13727398,At-Grade (Ground),4947.44,5614.1,"12.95045043419694,80.13958566621766","12.944397727487297,80.134972030489","12.947429393377597,80.13727397690404","12.95045043419694,80.13958566621766|12.95043,80.13957|12.95007,80.13929|12.94978,80.13907|12.949777049545043,80.13906716302408|12.94952,80.13882|12.94906,80.13844|12.94871,80.13818|12.94831,80.13788|12.94782,80.13755|12.94753,80.13734|12.94721,80.13713|12.94697,80.13696|12.94678,80.13681|12.94673,80.13677|12.9465,80.13659|12.94587,80.13609|12.94505,80.13545|12.9445,80.13506|12.94443,80.135|12.944397727487297,80.134972030489",FALSE,Continuous,Intermediate,,0.84,LittleMount-Kilambakkam,
LITTLEMOUNT_KILAMBAKKAM_022,Corridor_Littlemount_Kilambakkam,Littlemount_Kilambakkam,Littlemount_Kilambakkam.shp,22,23,1052.67,12.94439773,80.13497203,12.93743173,80.12838134,12.94094896,80.13163896,At-Grade (Ground),5889.42,6498.26,"12.944397727487297,80.134972030489","12.937431726331393,80.1283813427022","12.940948958172944,80.13163895817294","12.944397727487297,80.134972030489|12.94428,80.13487|12.94408,80.13472|12.94399,80.13465|12.9439,80.13457|12.9438,80.13448|12.94353,80.13425|12.94322,80.13394|12.94293,80.13366|12.94264,80.13337|12.94247,80.1332|12.94235,80.13309|12.94205,80.13277|12.9416,80.13231|12.94144,80.13212|12.94128,80.13196|12.94106,80.13175|12.94098,80.13167|12.94085,80.13154|12.94055,80.13122|12.94051,80.13118|12.94048,80.13115|12.94035,80.13099|12.94017,80.1308|12.93988,80.1305|12.93946,80.13011|12.9392,80.12989|12.93873,80.12949|12.93803,80.1289|12.93763,80.12857|12.93752,80.12845|12.937431726331393,80.1283813427022",FALSE,Continuous,Intermediate,,1.05,LittleMount-Kilambakkam,
LITTLEMOUNT_KILAMBAKKAM_023,Corridor_Littlemount_Kilambakkam,Littlemount_Kilambakkam,Littlemount_Kilambakkam.shp,23,1,1143.01,12.93743173,80.12838134,12.92992719,80.12115148,12.93357398,80.12487777,At-Grade (Ground),6985.92,7553.15,"12.937431726331393,80.1283813427022","12.92992719120892,80.12115148131882","12.933573978025521,80.12487776874231","12.937431726331393,80.1283813427022|12.93743,80.12838|12.9368,80.12778|12.93666,80.12767|12.93604,80.12717|12.93593,80.12708|12.93505,80.12626|12.9347,80.12593|12.93435,80.12564|12.93399,80.1253|12.93332,80.12462|12.93275,80.12406|12.93262,80.12392|12.93172,80.12302|12.9303,80.12158|12.93006,80.1213|12.92999,80.12122|12.92992719120892,80.12115148131882",FALSE,Continuous,Intermediate,,1.14,,
LITTLEMOUNT_KILAMBAKKAM_024,Corridor_Littlemount_Kilambakkam,Littlemount_Kilambakkam,Littlemount_Kilambakkam.shp,24,0,576.83,12.92992719,80.12115148,12.9261864,80.1174506,12.92803938,80.11931894,At-Grade (Ground),7843.24,8395.2,"12.92992719120892,80.12115148131882","12.926186399260088,80.11745059935258","12.928039382345606,80.11931894183775","12.92992719120892,80.12115148131882|12.92988,80.1211|12.92939,80.12062|12.92918,80.12041|12.92889,80.12017|12.92846,80.11973|12.92802,80.1193|12.9273,80.11856|12.927,80.11827|12.92664,80.11789|12.92655,80.1178|12.92645,80.1177|12.92638,80.11762|12.926186399260088,80.11745059935258",FALSE,Continuous,Intermediate,,0.58,,
LITTLEMOUNT_KILAMBAKKAM_025,Corridor_Littlemount_Kilambakkam,Littlemount_Kilambakkam,Littlemount_Kilambakkam.shp,25,18,834.84,12.9261864,80.1174506,12.92085569,80.11200569,12.92351252,80.11473564,At-Grade (Ground),8547.38,8975.5,"12.926186399260088,80.11745059935258","12.920855687250913,80.11200568725091","12.923512521728423,80.1147356353823","12.926186399260088,80.11745059935258|12.92614,80.11741|12.9257,80.11694|12.92516,80.1164|12.92443,80.11567|12.92407,80.11531|12.92369,80.11491|12.92312,80.11435|12.9231,80.11433|12.92307,80.1143|12.92276,80.11401|12.92254,80.1138|12.92148,80.11269|12.92112,80.1123|12.92097,80.11212|12.920855687250913,80.11200568725091",FALSE,Continuous,Intermediate,,0.84,LittleMount-Kilambakkam,
LITTLEMOUNT_KILAMBAKKAM_026,Corridor_Littlemount_Kilambakkam,Littlemount_Kilambakkam,Littlemount_Kilambakkam.shp,26,17,680.6,12.92085569,80.11200569,12.9169437,80.10718595,12.91879832,80.1096755,At-Grade (Ground),9301.58,9553.86,"12.920855687250913,80.11200568725091","12.916943695879112,80.10718595008673","12.918798321172865,80.10967549691836","12.920855687250913,80.11200568725091|12.92076,80.11191|12.92032,80.11148|12.91998,80.11112|12.9198,80.11088|12.91931,80.11028|12.91884,80.10973|12.91845,80.10922|12.91834,80.10911|12.91815,80.10888|12.91789,80.10855|12.9176,80.10819|12.91744,80.10797|12.91733,80.10783|12.91723,80.1077|12.91712,80.10752|12.916943695879112,80.10718595008673",FALSE,Continuous,Intermediate,,0.68,LittleMount-Kilambakkam,
LITTLEMOUNT_KILAMBAKKAM_027,Corridor_Littlemount_Kilambakkam,Littlemount_Kilambakkam,Littlemount_Kilambakkam.shp,27,31,1374.57,12.9169437,80.10718595,12.90896984,80.09869373,12.91374324,80.10180945,At-Grade (Ground),10290.02,10462.5,"12.916943695879112,80.10718595008673","12.908969844015179,80.0986937348258","12.91374323584694,80.10180945417639","12.916943695879112,80.10718595008673|12.91693,80.10716|12.91662,80.10657|12.91648,80.10631|12.91638,80.10614|12.91622,80.10585|12.91587,80.1052|12.91566,80.10481|12.91529,80.10412|12.91501,80.10361|12.9147,80.10302|12.91454,80.1028|12.91434,80.10255|12.91414,80.10225|12.91396,80.10202|12.91385,80.1019|12.9138,80.10185|12.91373,80.1018|12.9137,80.10177|12.91368,80.10175|12.91367,80.10172|12.913667606903763,80.10171920230125|12.91361,80.1017|12.91352,80.10167|12.91347,80.10165|12.9134,80.10164|12.91332,80.10164|12.9132,80.10163|12.91305,80.10164|12.91286,80.10165|12.91231,80.10161|12.91202,80.10157|12.91182,80.10155|12.91142,80.1015|12.91128,80.10148|12.91116,80.10143|12.91096,80.10133|12.91044,80.10103|12.91027,80.10091|12.91014,80.10078|12.91002,80.10064|12.90992,80.10049|12.90978,80.10027|12.90972,80.10015|12.9093,80.09926|12.90916,80.09902|12.90916,80.099|12.90905,80.09883|12.908969844015179,80.0986937348258",FALSE,Continuous,Intermediate,,1.37,LittleMount-Kilambakkam,
LITTLEMOUNT_KILAMBAKKAM_028,Corridor_Littlemount_Kilambakkam,Littlemount_Kilambakkam,Littlemount_Kilambakkam.shp,28,16,921.62,12.90896984,80.09869373,12.90242327,80.09347814,12.90576796,80.09600997,At-Grade (Ground),11364.77,11229.24,"12.908969844015179,80.0986937348258","12.902423271032369,80.09347813648981","12.905767964661283,80.09600997475806","12.908969844015179,80.0986937348258|12.90895,80.09866|12.9089,80.0986|12.90875,80.0984|12.90867,80.0983|12.90853,80.09816|12.90848,80.0981|12.90836,80.09799|12.9082,80.09787|12.90802,80.09772|12.9079,80.09762|12.90758,80.09736|12.90726,80.09713|12.90699,80.09692|12.90654,80.09658|12.9063,80.09642|12.90612,80.09628|12.90588,80.09609|12.90567,80.09594|12.90557,80.09587|12.90527,80.09564|12.90512,80.09554|12.90454,80.09514|12.90354,80.0944|12.902423271032369,80.09347813648981",FALSE,Continuous,Intermediate,,0.92,LittleMount-Kilambakkam,
LITTLEMOUNT_KILAMBAKKAM_029,Corridor_Littlemount_Kilambakkam,Littlemount_Kilambakkam,Littlemount_Kilambakkam.shp,29,15,958.61,12.90242327,80.09347814,12.89549662,80.08816943,12.8989747,80.09080406,At-Grade (Ground),12300.75,11949.13,"12.902423271032369,80.09347813648981","12.89549662158875,80.08816943240745","12.898974696477678,80.09080406051595","12.902423271032369,80.09347813648981|12.90205,80.09317|12.90124,80.09253|12.89995,80.09155|12.89982,80.09145|12.89876,80.09064|12.89824,80.09025|12.89733,80.08952|12.89723,80.08945|12.8968,80.08915|12.89571,80.08833|12.89555,80.08821|12.89549662158875,80.08816943240745",FALSE,Continuous,Intermediate,,0.96,LittleMount-Kilambakkam,
LITTLEMOUNT_KILAMBAKKAM_030,Corridor_Littlemount_Kilambakkam,Littlemount_Kilambakkam,Littlemount_Kilambakkam.shp,30,14,690.07,12.89549662,80.08816943,12.89028843,80.08476126,12.89299608,80.08627456,At-Grade (Ground),13121.2,12601.3,"12.89549662158875,80.08816943240745","12.89028843459789,80.08476125927477","12.892996084613658,80.08627456346024","12.89549662158875,80.08816943240745|12.8953,80.08802|12.89469,80.08754|12.89408,80.0871|12.89345,80.08662|12.89344,80.08661|12.89303,80.0863|12.89291,80.08621|12.89289,80.08619|12.89288,80.08619|12.89288,80.08618|12.89286,80.08618|12.8927,80.08606|12.8926,80.08598|12.89257,80.08596|12.89256,80.08595|12.89255,80.08595|12.89244,80.08586|12.89217,80.08565|12.89199,80.08553|12.89185,80.08545|12.89159,80.08532|12.89141,80.08522|12.89075,80.085|12.89028843459789,80.08476125927477",FALSE,Continuous,Intermediate,,0.69,LittleMount-Kilambakkam,
LITTLEMOUNT_KILAMBAKKAM_031,Corridor_Littlemount_Kilambakkam,Littlemount_Kilambakkam,Littlemount_Kilambakkam.shp,31,13,733.73,12.89028843,80.08476126,12.88415792,80.08218734,12.88722017,80.08348017,At-Grade (Ground),13801.4,13087.34,"12.89028843459789,80.08476125927477","12.884157922891179,80.08218733798336","12.887220174647384,80.0834801718566","12.89028843459789,80.08476125927477|12.89017,80.0847|12.88919,80.0843|12.88828,80.08395|12.88807,80.08387|12.88698,80.08337|12.88527,80.0827|12.88484,80.08248|12.88457,80.08235|12.884157922891179,80.08218733798336",FALSE,Continuous,Intermediate,,0.73,LittleMount-Kilambakkam,
LITTLEMOUNT_KILAMBAKKAM_032,Corridor_Littlemount_Kilambakkam,Littlemount_Kilambakkam,Littlemount_Kilambakkam.shp,32,22,1216.45,12.88415792,80.08218734,12.8739,80.0782,12.87903467,80.080153,At-Grade (Ground),14725.83,13745.33,"12.884157922891179,80.08218733798336","12.8739,80.0782","12.879034671426671,80.080153001785","12.884157922891179,80.08218733798336|12.88381,80.08205|12.88314,80.08177|12.88167,80.08116|12.88155,80.08111|12.88145,80.08107|12.88114,80.08095|12.87992,80.08049|12.87962,80.08038|12.87932,80.08027|12.87916,80.0802|12.879,80.08014|12.87823,80.07983|12.87752,80.07955|12.87591,80.07897|12.87566,80.07887|12.87501,80.07862|12.87497,80.07861|12.87491,80.0786|12.87488,80.0786|12.87485,80.0786|12.87476,80.07861|12.87463,80.07855|12.87453,80.0785|12.87441,80.07843|12.87408,80.07828|12.8739,80.0782",FALSE,Continuous,CORRIDOR_END_NODE,,1.22,LittleMount-Kilambakkam,
BROADWAY_KOYEMBEDU_001,EVR Salai,EVR Salai,Broadway-Koyembedu.shp,1,0,380.63,13.08498,80.2837,13.08217389,80.28170299,13.08362229,80.28265091,At-Grade (Ground),172.16,162.7,"13.08498,80.2837","13.08217389051974,80.2817029927075","13.083622285775135,80.28265090541827","13.08498,80.2837|13.08493,80.28363|13.08485,80.28352|13.08473,80.2834|13.08463,80.2833|13.08454,80.28323|13.08407,80.28293|13.0833,80.28245|13.08284,80.28217|13.08283,80.28216|13.08254,80.28197|13.0823,80.2818|13.08217389051974,80.2817029927075",FALSE,Continuous,CORRIDOR_START_NODE,,0.38,EVR Salai- Broadway-Koyembedu,
BROADWAY_KOYEMBEDU_002,EVR Salai,EVR Salai,Broadway-Koyembedu.shp,2,1,349.67,13.08217389,80.28170299,13.08204031,80.2785129,13.08218385,80.28011835,At-Grade (Ground),163.65,260.16,"13.08217389051974,80.2817029927075","13.08204031036744,80.27851289676278","13.082183854007742,80.28011834610284","13.08217389051974,80.2817029927075|13.08217,80.2817|13.08224,80.28159|13.08225,80.28143|13.08227,80.28108|13.08223,80.28056|13.08222,80.28051|13.08219,80.2802|13.08212,80.27927|13.0821,80.27907|13.08204031036744,80.27851289676278",FALSE,Continuous,Intermediate,,0.35,EVR Salai- Broadway-Koyembedu,
BROADWAY_KOYEMBEDU_003,EVR Salai,EVR Salai,Broadway-Koyembedu.shp,3,2,237.9,13.08204031,80.2785129,13.08178035,80.27633518,13.08192335,80.27742234,At-Grade (Ground),116.4,11.78,"13.08204031036744,80.27851289676278","13.081780345628706,80.27633517668643","13.081923347474167,80.27742234477611","13.08204031036744,80.27851289676278|13.08204,80.27851|13.08199,80.278|13.08184,80.2767|13.0818,80.27644|13.081780345628706,80.27633517668643",FALSE,Continuous,Intermediate,,0.24,EVR Salai- Broadway-Koyembedu,
BROADWAY_KOYEMBEDU_004,EVR Salai,EVR Salai,Broadway-Koyembedu.shp,4,3,126.25,13.08178035,80.27633518,13.08163177,80.27518237,13.0816866,80.27576171,At-Grade (Ground),65.21,108.05,"13.081780345628706,80.27633517668643","13.081631766093468,80.27518237051726","13.081686604826247,80.27576170688539","13.081780345628706,80.27633517668643|13.08177,80.27628|13.08175,80.27608|13.08173,80.27601|13.08169,80.27579|13.08166,80.27554|13.081631766093468,80.27518237051726",FALSE,Continuous,Intermediate,,0.13,EVR Salai- Broadway-Koyembedu,
BROADWAY_KOYEMBEDU_005,EVR Salai,EVR Salai,Broadway-Koyembedu.shp,5,4,459.25,13.08163177,80.27518237,13.08091703,80.27102406,13.08139084,80.2730823,At-Grade (Ground),226.32,21.79,"13.081631766093468,80.27518237051726","13.08091703094127,80.27102406188254","13.081390842657514,80.27308229755332","13.081631766093468,80.27518237051726|13.08163,80.27516|13.08163,80.27506|13.08161,80.27478|13.08158,80.27445|13.08156,80.27414|13.08154,80.27402|13.0815,80.27381|13.08144,80.2734|13.08142,80.27325|13.08141,80.27318|13.08131,80.27267|13.0812,80.27206|13.08104,80.27136|13.081,80.27122|13.08094,80.27107|13.08091703094127,80.27102406188254",FALSE,Continuous,Intermediate,,0.46,EVR Salai- Broadway-Koyembedu,
BROADWAY_KOYEMBEDU_006,EVR Salai,EVR Salai,Broadway-Koyembedu.shp,6,5,634.05,13.08091703,80.27102406,13.08072055,80.26519872,13.08071204,80.26812032,At-Grade (Ground),294.22,409.7,"13.08091703094127,80.27102406188254","13.080720545241066,80.26519872385707","13.080712038247169,80.26812031952731","13.08091703094127,80.27102406188254|13.08089,80.27097|13.08085,80.27087|13.08083,80.27077|13.0808,80.27056|13.08079,80.2703|13.08077,80.27001|13.08075,80.26951|13.08073,80.26874|13.08071,80.26805|13.08072,80.26763|13.08072,80.26756|13.08072,80.26737|13.08072,80.26672|13.08073,80.26654|13.08075,80.26629|13.08075,80.26567|13.080720545241066,80.26519872385707",FALSE,Continuous,Intermediate,,0.63,EVR Salai- Broadway-Koyembedu,
BROADWAY_KOYEMBEDU_007,EVR Salai,EVR Salai,Broadway-Koyembedu.shp,7,6,271.41,13.08072055,80.26519872,13.08021039,80.26275288,13.08048232,80.26397159,At-Grade (Ground),128.36,234.2,"13.080720545241066,80.26519872385707","13.080210389750713,80.26275288415528","13.080482317347105,80.26397158673552","13.080720545241066,80.26519872385707|13.08072,80.26519|13.08071,80.2651|13.08065,80.26484|13.08055,80.26433|13.08051,80.26411|13.08048,80.26396|13.08026,80.26312|13.080210389750713,80.26275288415528",FALSE,Continuous,Intermediate,,0.27,EVR Salai- Broadway-Koyembedu,
BROADWAY_KOYEMBEDU_008,EVR Salai,EVR Salai,Broadway-Koyembedu.shp,8,7,446.48,13.08021039,80.26275288,13.07935103,80.25874989,13.07965024,80.26078309,At-Grade (Ground),219.23,258.31,"13.080210389750713,80.26275288415528","13.079351034681904,80.25874988696043","13.079650241775635,80.2607830888136","13.080210389750713,80.26275288415528|13.08021,80.26275|13.08019,80.26266|13.08015,80.26244|13.08012,80.26221|13.08007,80.26201|13.08005,80.26191|13.08001,80.26178|13.07995,80.26158|13.0799,80.26146|13.07981,80.26128|13.07977,80.26117|13.07964,80.26075|13.0796,80.26057|13.07957,80.2604|13.0795,80.25999|13.07944,80.2596|13.079351034681904,80.25874988696043",FALSE,Continuous,Intermediate,,0.45,EVR Salai- Broadway-Koyembedu,
BROADWAY_KOYEMBEDU_009,EVR Salai,EVR Salai,Broadway-Koyembedu.shp,9,8,233.22,13.07935103,80.25874989,13.07909162,80.25661889,13.07925096,80.25767955,At-Grade (Ground),96.37,323.2,"13.079351034681904,80.25874988696043","13.079091623749786,80.25661889125278","13.079250955335212,80.25767955335213","13.079351034681904,80.25874988696043|13.07935,80.25874|13.07932,80.25849|13.07929,80.25807|13.07925,80.25767|13.07921,80.25726|13.07916,80.25691|13.07909,80.25664|13.079091623749786,80.25661889125278",FALSE,Continuous,Intermediate,,0.23,EVR Salai- Broadway-Koyembedu,
BROADWAY_KOYEMBEDU_010,EVR Salai,EVR Salai,Broadway-Koyembedu.shp,10,9,208.27,13.07909162,80.25661889,13.07890017,80.25471184,13.07901788,80.2556646,At-Grade (Ground),95.87,140.99,"13.079091623749786,80.25661889125278","13.078900167194902,80.25471183914392","13.079017876163686,80.25566460218673","13.079091623749786,80.25661889125278|13.0791,80.25651|13.07909,80.25626|13.07909,80.25614|13.07902,80.25568|13.07898,80.25539|13.07896,80.25519|13.07895,80.25509|13.07891,80.25482|13.078900167194902,80.25471183914392",FALSE,Continuous,Intermediate,,0.21,EVR Salai- Broadway-Koyembedu,
BROADWAY_KOYEMBEDU_011,EVR Salai,EVR Salai,Broadway-Koyembedu.shp,11,22,331.66,13.07890017,80.25471184,13.0787996,80.25167111,13.07875702,80.25319654,At-Grade (Ground),162.85,116.13,"13.078900167194902,80.25471183914392","13.078799595783288,80.25167110723233","13.078757021033931,80.25319654491918","13.078900167194902,80.25471183914392|13.0789,80.25471|13.07884,80.25428|13.07883,80.2542|13.0788,80.25398|13.0788,80.25395|13.07877,80.25374|13.07876,80.25366|13.07876,80.25364|13.07874,80.25349|13.07873,80.25346|13.07877,80.25307|13.07878,80.25272|13.0788,80.25258|13.0788,80.25254|13.0788,80.25238|13.07881,80.25232|13.07881,80.25209|13.0788,80.25202|13.0788,80.25192|13.0788,80.25168|13.078799595783288,80.25167110723233",FALSE,Continuous,Intermediate,,0.33,EVR Salai- Broadway-Koyembedu,
BROADWAY_KOYEMBEDU_012,EVR Salai,EVR Salai,Broadway-Koyembedu.shp,12,10,165.03,13.0787996,80.25167111,13.07874996,80.25014976,13.07877368,80.25091048,At-Grade (Ground),85,131.78,"13.078799595783288,80.25167110723233","13.078749955508504,80.25014975847475","13.07877368254889,80.25091047646669","13.078799595783288,80.25167110723233|13.07879,80.25146|13.07878,80.2511|13.07876,80.2505|13.07875,80.25015|13.078749955508504,80.25014975847475",FALSE,Continuous,Intermediate,,0.17,EVR Salai- Broadway-Koyembedu,
BROADWAY_KOYEMBEDU_013,EVR Salai,EVR Salai,Broadway-Koyembedu.shp,13,23,629.67,13.07874996,80.25014976,13.07782,80.24443,13.07821172,80.24729859,At-Grade (Ground),306.74,319.61,"13.078749955508504,80.25014975847475","13.07782,80.24443","13.078211718221393,80.24729859110697","13.078749955508504,80.25014975847475|13.07868,80.24977|13.07865,80.24956|13.07859,80.24917|13.07854,80.24893|13.07848,80.2486|13.07844,80.24841|13.07838,80.24814|13.07818,80.24714|13.07815,80.24703|13.07811,80.2468|13.07807,80.24662|13.07806,80.24657|13.07804,80.2465|13.07801,80.24631|13.078,80.24614|13.07799,80.24608|13.07798,80.24582|13.07795,80.2455|13.07792,80.2451|13.07791,80.24494|13.07787,80.24473|13.07784,80.2446|13.07782,80.24443",FALSE,Continuous,Intermediate,,0.63,EVR Salai- Broadway-Koyembedu,
BROADWAY_KOYEMBEDU_014,EVR Salai,EVR Salai,Broadway-Koyembedu.shp,14,25,413.67,13.07782,80.24443,13.07721668,80.24067343,13.07761131,80.24253657,At-Grade (Ground),199.66,239.37,"13.07782,80.24443","13.077216675040239,80.24067342544264","13.077611310387901,80.24253656737525","13.07782,80.24443|13.07782,80.24418|13.07777,80.24377|13.07767,80.24298|13.07758,80.2423|13.07755,80.24213|13.07747,80.24174|13.07746,80.24169|13.07739,80.24134|13.07729,80.24095|13.07722,80.24071|13.077216675040239,80.24067342544264",FALSE,Continuous,Intermediate,,0.41,EVR Salai- Broadway-Koyembedu,
BROADWAY_KOYEMBEDU_015,EVR Salai,EVR Salai,Broadway-Koyembedu.shp,15,11,285.3,13.07721668,80.24067343,13.0766431,80.2381121,13.07695819,80.2393875,At-Grade (Ground),139.12,579.5,"13.077216675040239,80.24067342544264","13.076643102398721,80.23811209935502","13.076958194166469,80.23938749899929","13.077216675040239,80.24067342544264|13.07721,80.2406|13.07719,80.24048|13.07718,80.24032|13.07711,80.23999|13.07697,80.23943|13.07682,80.23889|13.07674,80.23849|13.076643102398721,80.23811209935502",FALSE,Continuous,Intermediate,,0.29,EVR Salai- Broadway-Koyembedu,
BROADWAY_KOYEMBEDU_016,EVR Salai,EVR Salai,Broadway-Koyembedu.shp,16,12,461.39,13.0766431,80.2381121,13.07578368,80.23395157,13.07624656,80.23602593,At-Grade (Ground),220.08,917.93,"13.076643102398721,80.23811209935502","13.075783681606946,80.23395156723126","13.076246561163192,80.23602592814234","13.076643102398721,80.23811209935502|13.07664,80.2381|13.07661,80.23797|13.07654,80.23765|13.07649,80.2374|13.07643,80.23713|13.07634,80.23676|13.07632,80.23658|13.0763,80.23646|13.07629,80.23635|13.07628,80.23626|13.07626,80.23612|13.07624,80.23598|13.07622,80.23584|13.07609,80.23526|13.07579,80.23398|13.075783681606946,80.23395156723126",FALSE,Continuous,Intermediate,,0.46,EVR Salai- Broadway-Koyembedu,
BROADWAY_KOYEMBEDU_017,EVR Salai,EVR Salai,Broadway-Koyembedu.shp,17,13,212.92,13.07578368,80.23395157,13.07526557,80.23206463,13.07557768,80.23299301,At-Grade (Ground),101.55,688.49,"13.075783681606946,80.23395156723126","13.07526557475184,80.23206463372358","13.075577677440224,80.23299301084545","13.075783681606946,80.23395156723126|13.07577,80.23389|13.07564,80.23327|13.07555,80.23287|13.07542,80.23247|13.07526557475184,80.23206463372358",FALSE,Continuous,Intermediate,,0.21,EVR Salai- Broadway-Koyembedu,
BROADWAY_KOYEMBEDU_018,EVR Salai,EVR Salai,Broadway-Koyembedu.shp,18,14,819.31,13.07526557,80.23206463,13.07398163,80.22474802,13.07407541,80.22850172,At-Grade (Ground),403.3,180.42,"13.07526557475184,80.23206463372358","13.07398162818532,80.2247480194982","13.074075409825035,80.22850172123151","13.07526557475184,80.23206463372358|13.07526,80.23205|13.07522,80.23194|13.07499,80.23138|13.07493,80.2312|13.07482,80.23086|13.07482,80.23085|13.07475,80.23068|13.07454,80.23021|13.07439,80.22977|13.07431,80.22957|13.07424,80.22937|13.07418,80.22917|13.07414,80.22906|13.0741,80.22868|13.07406,80.22839|13.07405,80.22831|13.07403,80.22819|13.074,80.22789|13.07397,80.22757|13.07395,80.22733|13.07394,80.22723|13.07394,80.22715|13.07391,80.22688|13.07388,80.22667|13.07386,80.22652|13.07386,80.22641|13.07385,80.22605|13.07386,80.22593|13.0739,80.22551|13.07391,80.22528|13.07397,80.22484|13.07398,80.22477|13.07398162818532,80.2247480194982",FALSE,Continuous,Intermediate,,0.82,EVR Salai- Broadway-Koyembedu,
BROADWAY_KOYEMBEDU_019,EVR Salai,EVR Salai,Broadway-Koyembedu.shp,19,15,413.93,13.07398163,80.22474802,13.07439,80.22096,13.07412308,80.22284527,At-Grade (Ground),209.92,220.78,"13.07398162818532,80.2247480194982","13.07439,80.22096","13.07412308243913,80.22284526877831","13.07398162818532,80.2247480194982|13.074,80.2245|13.07405,80.22396|13.07406,80.22374|13.07407,80.22353|13.07409,80.22334|13.0741,80.22321|13.07412,80.22291|13.07413,80.2227|13.07413,80.22267|13.07413,80.22259|13.07415,80.22245|13.07416,80.22229|13.07417,80.22217|13.07422,80.2219|13.07423,80.22183|13.07423,80.22179|13.07431,80.22142|13.07432,80.22135|13.07436,80.22113|13.07439,80.22096",FALSE,Continuous,Intermediate,,0.41,EVR Salai- Broadway-Koyembedu,
BROADWAY_KOYEMBEDU_020,EVR Salai,EVR Salai,Broadway-Koyembedu.shp,20,24,330.33,13.07439,80.22096,13.07489016,80.21795823,13.07465336,80.21946055,At-Grade (Ground),161.09,120.98,"13.07439,80.22096","13.074890160855338,80.2179582305913","13.074653356115197,80.21946054820097","13.07439,80.22096|13.07456,80.21994|13.07459,80.21979|13.07469,80.21927|13.07469,80.21923|13.07478,80.21868|13.07479,80.21865|13.07481,80.2185|13.07483,80.21836|13.07483,80.21832|13.07486,80.21812|13.07489,80.21796|13.074890160855338,80.2179582305913",FALSE,Continuous,Intermediate,,0.33,EVR Salai- Broadway-Koyembedu,
BROADWAY_KOYEMBEDU_021,EVR Salai,EVR Salai,Broadway-Koyembedu.shp,21,16,212.19,13.07489016,80.21795823,13.07512834,80.21601743,13.07502764,80.21699004,At-Grade (Ground),106.51,75.88,"13.074890160855338,80.2179582305913","13.075128342019308,80.21601743485519","13.075027639687558,80.2169900417705","13.074890160855338,80.2179582305913|13.0749,80.21785|13.07493,80.21763|13.07495,80.21748|13.07499,80.21725|13.07501,80.21709|13.07504,80.21692|13.07505,80.21678|13.07507,80.21663|13.07509,80.21644|13.07511,80.21622|13.07512,80.21608|13.075128342019308,80.21601743485519",FALSE,Continuous,Intermediate,,0.21,EVR Salai- Broadway-Koyembedu,
BROADWAY_KOYEMBEDU_022,EVR Salai,EVR Salai,Broadway-Koyembedu.shp,22,17,511.18,13.07512834,80.21601743,13.07695063,80.21176457,13.07574541,80.21376919,At-Grade (Ground),249.52,209.26,"13.075128342019308,80.21601743485519","13.076950630273766,80.21176456575411","13.075745405430702,80.2137691891386","13.075128342019308,80.21601743485519|13.07518,80.21563|13.07521,80.2154|13.07522,80.2153|13.07526,80.2151|13.07527,80.21504|13.0753,80.21491|13.07533,80.2148|13.07536,80.21468|13.07539,80.21461|13.07541,80.21456|13.07547,80.21439|13.07564,80.21398|13.07576,80.21374|13.07581,80.21363|13.07594,80.21342|13.07627,80.21293|13.07649,80.2126|13.07664,80.2124|13.07674,80.21226|13.07681,80.2121|13.07685,80.21202|13.07688,80.21195|13.07691,80.21189|13.07694,80.2118|13.076950630273766,80.21176456575411",FALSE,Continuous,Intermediate,,0.51,EVR Salai- Broadway-Koyembedu,
BROADWAY_KOYEMBEDU_023,EVR Salai,EVR Salai,Broadway-Koyembedu.shp,23,18,120.45,13.07695063,80.21176457,13.07711036,80.21066695,13.07703938,80.21121746,At-Grade (Ground),556.47,439.16,"13.076950630273766,80.21176456575411","13.077110359254148,80.21066694633973","13.07703937873373,80.21121745519524","13.076950630273766,80.21176456575411|13.07697,80.2117|13.07699,80.21156|13.07703,80.21133|13.07704,80.21121|13.07708,80.21095|13.07711,80.21067|13.077110359254148,80.21066694633973",FALSE,Continuous,Intermediate,,0.12,EVR Salai- Broadway-Koyembedu,
BROADWAY_KOYEMBEDU_024,EVR Salai,EVR Salai,Broadway-Koyembedu.shp,24,19,1006.09,13.07711036,80.21066695,13.07625957,80.2014952,13.07691163,80.20605366,At-Grade (Ground),658.27,645.08,"13.077110359254148,80.21066694633973","13.076259568746686,80.20149520209769","13.076911630895802,80.20605366364471","13.077110359254148,80.21066694633973|13.07715,80.21033|13.07718,80.21007|13.0772,80.2099|13.0772,80.20983|13.07721,80.20967|13.07721,80.20953|13.07719,80.20918|13.07719,80.20908|13.07715,80.20872|13.07714,80.20859|13.07713,80.20849|13.07711,80.20819|13.0771,80.20782|13.07709,80.20765|13.07709,80.20755|13.07709,80.20738|13.07709,80.20727|13.07708,80.2072|13.07707,80.20704|13.07706,80.20696|13.07702,80.20663|13.07697,80.20638|13.07675,80.20515|13.07669,80.20461|13.07665,80.20439|13.0766,80.20415|13.07649,80.2037|13.07643,80.20347|13.07628,80.2029|13.07624,80.20265|13.07621,80.20242|13.0762,80.20229|13.0762,80.20219|13.07619,80.20195|13.07619,80.20186|13.0762,80.20178|13.07624,80.20158|13.076259568746686,80.20149520209769",FALSE,Continuous,Intermediate,,1.01,EVR Salai- Broadway-Koyembedu,
BROADWAY_KOYEMBEDU_025,EVR Salai,EVR Salai,Broadway-Koyembedu.shp,25,20,538.25,13.07625957,80.2014952,13.07540232,80.19666389,13.07603586,80.19906083,At-Grade (Ground),528.28,178.35,"13.076259568746686,80.20149520209769","13.075402318925441,80.1966638892142","13.076035860046455,80.19906082877053","13.076259568746686,80.20149520209769|13.07627,80.20145|13.07632,80.20119|13.07635,80.20098|13.07637,80.20079|13.07637,80.20068|13.07636,80.20057|13.07634,80.20042|13.07632,80.20029|13.07626,80.19999|13.07622,80.19979|13.07617,80.19961|13.07612,80.1994|13.07611,80.19936|13.07608,80.19925|13.07601,80.19895|13.07599,80.19884|13.07578,80.19804|13.07576,80.19797|13.07575,80.19793|13.07543,80.19677|13.075402318925441,80.1966638892142",FALSE,Continuous,Intermediate,,0.54,EVR Salai- Broadway-Koyembedu,
BROADWAY_KOYEMBEDU_026,EVR Salai,EVR Salai,Broadway-Koyembedu.shp,26,21,269.27,13.07540232,80.19666389,13.07437,80.19446,13.07505312,80.19547953,At-Grade (Ground),139.56,149.25,"13.075402318925441,80.1966638892142","13.07437,80.19446","13.075053116075969,80.19547953444851","13.075402318925441,80.1966638892142|13.07537,80.19654|13.07531,80.19633|13.07521,80.19592|13.07516,80.19575|13.0751,80.19558|13.07503,80.19543|13.07498,80.19531|13.07494,80.19522|13.07488,80.19512|13.07479,80.195|13.07468,80.19483|13.07459,80.19474|13.07451,80.19466|13.07437,80.19446",FALSE,Continuous,CORRIDOR_END_NODE,,0.27,EVR Salai- Broadway-Koyembedu,
KOYEMBEDU_BROADWAY_001,EVR Salai,EVR Salai,Koyembedu-Broadway.shp,1,0,270.41,13.07448,80.19439,13.07549537,80.19661781,13.07515987,80.19542356,At-Grade (Ground),141.41,153.88,"13.07448,80.19439","13.075495367879947,80.19661781348978","13.075159868449827,80.19542356281501","13.07448,80.19439|13.07463,80.19456|13.07467,80.19461|13.07476,80.19474|13.07488,80.19492|13.07497,80.19506|13.07507,80.19523|13.0752,80.19551|13.07533,80.19596|13.07538,80.19613|13.0754,80.19622|13.07542,80.19629|13.07547,80.19651|13.075495367879947,80.19661781348978",FALSE,Continuous,CORRIDOR_START_NODE,,0.27,EVR Salai-kOYEMBEDU-Broadway,
KOYEMBEDU_BROADWAY_002,EVR Salai,EVR Salai,Koyembedu-Broadway.shp,2,20,543.98,13.07549537,80.19661781,13.07633506,80.20150473,13.07613821,80.1990385,At-Grade (Ground),538.58,189.92,"13.075495367879947,80.19661781348978","13.07633506239355,80.20150472962796","13.076138213586821,80.19903849706465","13.075495367879947,80.19661781348978|13.07555,80.19685|13.07573,80.19758|13.07582,80.1979|13.07583,80.19795|13.07585,80.19801|13.07593,80.1983|13.07597,80.1984|13.07606,80.1987|13.07611,80.19892|13.07616,80.19913|13.07621,80.19933|13.07627,80.19961|13.07632,80.19987|13.07638,80.20015|13.0764,80.20029|13.07643,80.20043|13.07644,80.20055|13.07644,80.20073|13.07642,80.20102|13.07639,80.20123|13.07636,80.20135|13.07635,80.20144|13.07633506239355,80.20150472962796",FALSE,Continuous,Intermediate,,0.54,EVR Salai-kOYEMBEDU-Broadway,
KOYEMBEDU_BROADWAY_003,EVR Salai,EVR Salai,Koyembedu-Broadway.shp,3,19,1004.89,13.07633506,80.20150473,13.07718031,80.21066723,13.07701256,80.20605801,At-Grade (Ground),667.16,653.6,"13.07633506239355,80.20150472962796","13.077180314295912,80.21066723419597","13.077012559613054,80.20605801495938","13.07633506239355,80.20150472962796|13.07632,80.20157|13.07629,80.20181|13.07628,80.20196|13.07628,80.20218|13.07629,80.2023|13.07631,80.20258|13.07633,80.20275|13.07636,80.2029|13.07657,80.20368|13.07661,80.20383|13.07662,80.20387|13.07669,80.20417|13.07675,80.20454|13.07675,80.20455|13.07688,80.20531|13.07702,80.2061|13.07704,80.20627|13.0771,80.20664|13.07713,80.20689|13.07714,80.20693|13.07714,80.207|13.07715,80.20716|13.07715,80.20723|13.07715,80.20726|13.07715,80.20737|13.07716,80.20752|13.07716,80.20756|13.07716,80.20767|13.07717,80.20785|13.07717,80.20798|13.07717,80.20803|13.07719,80.20817|13.07719,80.20822|13.07721,80.20844|13.07723,80.20871|13.07723,80.20878|13.07725,80.20892|13.07727,80.20908|13.07728,80.20935|13.07729,80.2095|13.07729,80.20954|13.07729,80.2097|13.07727,80.2099|13.07723,80.21023|13.077180314295912,80.21066723419597",FALSE,Continuous,Intermediate,,1.01,EVR Salai-kOYEMBEDU-Broadway,
KOYEMBEDU_BROADWAY_004,EVR Salai,EVR Salai,Koyembedu-Broadway.shp,4,18,122.31,13.07718031,80.21066723,13.07703496,80.21178522,13.07711894,80.21122775,At-Grade (Ground),558.62,438.36,"13.077180314295912,80.21066723419597","13.077034955345404,80.21178522327298","13.07711894259557,80.21122775429916","13.077180314295912,80.21066723419597|13.07718,80.21067|13.07715,80.21095|13.07712,80.21122|13.07709,80.21144|13.07707,80.21158|13.07705,80.21171|13.077034955345404,80.21178522327298",FALSE,Continuous,Intermediate,,0.12,EVR Salai-kOYEMBEDU-Broadway,
KOYEMBEDU_BROADWAY_005,EVR Salai,EVR Salai,Koyembedu-Broadway.shp,5,17,510.31,13.07703496,80.21178522,13.07523379,80.21603315,13.07583579,80.21378772,At-Grade (Ground),249.96,201.5,"13.077034955345404,80.21178522327298","13.075233789916986,80.21603315124521","13.075835791802422,80.21378771502889","13.077034955345404,80.21178522327298|13.07703,80.21181|13.07698,80.21197|13.07695,80.21203|13.07691,80.21212|13.07686,80.21222|13.07659,80.21259|13.07631,80.21301|13.0763,80.21302|13.07601,80.21347|13.07591,80.21364|13.07584,80.21378|13.07578,80.21389|13.07573,80.21401|13.07564,80.2142|13.07559,80.21434|13.07553,80.21448|13.0755,80.21459|13.07542,80.2148|13.0754,80.21487|13.07538,80.21495|13.07537,80.215|13.07536,80.21506|13.07534,80.21524|13.07528,80.21565|13.07524,80.21594|13.075233789916986,80.21603315124521",FALSE,Continuous,Intermediate,,0.51,EVR Salai-kOYEMBEDU-Broadway,
KOYEMBEDU_BROADWAY_006,EVR Salai,EVR Salai,Koyembedu-Broadway.shp,6,16,212.37,13.07523379,80.21603315,13.07500184,80.2179771,13.0751319,80.21700669,At-Grade (Ground),107.63,69.36,"13.075233789916986,80.21603315124521","13.075001842227456,80.21797710440781","13.075131901478374,80.21700668965138","13.075233789916986,80.21603315124521|13.07523,80.21609|13.07521,80.21624|13.07519,80.21646|13.07517,80.2167|13.07515,80.21687|13.07514,80.21695|13.07512,80.21709|13.07502,80.21785|13.075001842227456,80.21797710440781",FALSE,Continuous,Intermediate,,0.21,EVR Salai-kOYEMBEDU-Broadway,
KOYEMBEDU_BROADWAY_007,EVR Salai,EVR Salai,Koyembedu-Broadway.shp,7,15,330.49,13.07500184,80.2179771,13.0745,80.22098,13.07473076,80.21947581,At-Grade (Ground),161.62,122.36,"13.075001842227456,80.21797710440781","13.0745,80.22098","13.07473076248202,80.2194758063489","13.075001842227456,80.21797710440781|13.075,80.21799|13.07496,80.21821|13.07494,80.21836|13.07491,80.2185|13.07483,80.21893|13.07473,80.21948|13.07464,80.21996|13.07463,80.22005|13.07456,80.22044|13.07454,80.22059|13.07452,80.2207|13.07451,80.22086|13.0745,80.22098",FALSE,Continuous,Intermediate,,0.33,EVR Salai-kOYEMBEDU-Broadway,
KOYEMBEDU_BROADWAY_008,EVR Salai,EVR Salai,Koyembedu-Broadway.shp,8,23,413.35,13.0745,80.22098,13.07407249,80.22476421,13.07424456,80.22286705,At-Grade (Ground),208.65,225.56,"13.0745,80.22098","13.074072493739811,80.22476420631453","13.074244559517293,80.22286704772331","13.0745,80.22098|13.07449,80.22108|13.07448,80.22115|13.07447,80.22122|13.07443,80.22147|13.07442,80.22151|13.07441,80.22157|13.07437,80.2218|13.07433,80.22208|13.07429,80.22244|13.07429,80.2225|13.07425,80.22278|13.07424,80.22294|13.07424,80.22295|13.07423,80.22307|13.07419,80.22348|13.07413,80.22407|13.0741,80.22459|13.074072493739811,80.22476420631453",FALSE,Continuous,Intermediate,,0.41,EVR Salai-kOYEMBEDU-Broadway,
KOYEMBEDU_BROADWAY_009,EVR Salai,EVR Salai,Koyembedu-Broadway.shp,9,14,811.73,13.07407249,80.22476421,13.07537025,80.23200067,13.07414301,80.22848806,At-Grade (Ground),401.93,179.23,"13.074072493739811,80.22476420631453","13.075370251469964,80.23200067058657","13.074143010526308,80.22848806315785","13.074072493739811,80.22476420631453|13.07407,80.22478|13.07407,80.22485|13.07402,80.22528|13.07399,80.2256|13.07397,80.22587|13.07396,80.226|13.07396,80.22617|13.07396,80.2263|13.07399,80.22663|13.07402,80.227|13.07402,80.22722|13.07402,80.2273|13.07403,80.22739|13.07405,80.22757|13.07409,80.22794|13.0741,80.22801|13.07413,80.22841|13.07416,80.22859|13.07416,80.2286|13.07418,80.22871|13.07423,80.22907|13.07424,80.22913|13.07429,80.22933|13.07438,80.2296|13.07458,80.23008|13.07471,80.23041|13.07474,80.23049|13.07483,80.2307|13.07486,80.23075|13.07497,80.23101|13.0752,80.23163|13.07533,80.2319|13.07537,80.232|13.075370251469964,80.23200067058657",FALSE,Continuous,Intermediate,,0.81,EVR Salai-kOYEMBEDU-Broadway,
KOYEMBEDU_BROADWAY_010,EVR Salai,EVR Salai,Koyembedu-Broadway.shp,10,13,216.53,13.07537025,80.23200067,13.07589669,80.23392007,13.07568294,80.23294655,At-Grade (Ground),104.97,686.59,"13.075370251469964,80.23200067058657","13.075896691614112,80.23392007484233","13.07568294350483,80.23294654551987","13.075370251469964,80.23200067058657|13.07549,80.23232|13.07553,80.23245|13.07564,80.23277|13.07573,80.23314|13.07588,80.23387|13.075896691614112,80.23392007484233",FALSE,Continuous,Intermediate,,0.22,EVR Salai-kOYEMBEDU-Broadway,
KOYEMBEDU_BROADWAY_011,EVR Salai,EVR Salai,Koyembedu-Broadway.shp,11,12,461.08,13.07589669,80.23392007,13.07675006,80.23808029,13.07632714,80.23600018,At-Grade (Ground),221.08,926.14,"13.075896691614112,80.23392007484233","13.076750063393003,80.23808029319264","13.076327138646251,80.2360001770116","13.075896691614112,80.23392007484233|13.07591,80.23396|13.07605,80.23463|13.07622,80.23543|13.07631,80.23589|13.07638,80.23634|13.07643,80.23672|13.07657,80.23733|13.07675,80.23808|13.076750063393003,80.23808029319264",FALSE,Continuous,Intermediate,,0.46,EVR Salai-kOYEMBEDU-Broadway,
KOYEMBEDU_BROADWAY_012,EVR Salai,EVR Salai,Koyembedu-Broadway.shp,12,11,284.03,13.07675006,80.23808029,13.07735101,80.24062554,13.07704606,80.23935464,At-Grade (Ground),140,579.59,"13.076750063393003,80.23808029319264","13.077351006873958,80.24062553780678","13.077046058513945,80.23935463795671","13.076750063393003,80.23808029319264|13.07683,80.23845|13.07691,80.23882|13.07694,80.23894|13.07704,80.23933|13.07719,80.23994|13.0772,80.24004|13.07725,80.24028|13.07735,80.24062|13.077351006873958,80.24062553780678",FALSE,Continuous,Intermediate,,0.28,EVR Salai-kOYEMBEDU-Broadway,
KOYEMBEDU_BROADWAY_013,EVR Salai,EVR Salai,Koyembedu-Broadway.shp,13,25,416.22,13.07735101,80.24062554,13.0779,80.24441,13.0777294,80.24250487,At-Grade (Ground),198.52,235.67,"13.077351006873958,80.24062553780678","13.0779,80.24441","13.077729396088277,80.24250486675034","13.077351006873958,80.24062553780678|13.07737,80.24073|13.07747,80.24117|13.07757,80.2416|13.07759,80.24175|13.07764,80.24197|13.07765,80.24202|13.07768,80.2422|13.07771,80.24234|13.07773,80.24251|13.07776,80.24268|13.07786,80.24345|13.0779,80.24377|13.07792,80.24405|13.07791,80.24415|13.0779,80.24425|13.0779,80.24441",FALSE,Continuous,Intermediate,,0.42,EVR Salai-kOYEMBEDU-Broadway,
KOYEMBEDU_BROADWAY_014,EVR Salai,EVR Salai,Koyembedu-Broadway.shp,14,24,630.71,13.0779,80.24441,13.07885031,80.25012756,13.07831436,80.24727331,At-Grade (Ground),307.5,314.93,"13.0779,80.24441","13.07885030846799,80.25012755746579","13.078314355703839,80.24727331207495","13.0779,80.24441|13.077902970930671,80.24443970930672|13.07791,80.24451|13.07792,80.24456|13.07795,80.24462|13.07799,80.24471|13.07801,80.24495|13.07801,80.24498|13.07802,80.24505|13.07803,80.24517|13.07805,80.24532|13.07806,80.24558|13.07808,80.24585|13.07809,80.246|13.0781,80.24614|13.07811,80.2462|13.07812,80.24632|13.07813,80.24635|13.07815,80.24643|13.07817,80.24654|13.0782,80.24668|13.07822,80.24679|13.07825,80.24697|13.0783,80.24718|13.07832,80.24731|13.07834,80.24741|13.07839,80.24764|13.0784,80.2477|13.07845,80.24794|13.07846,80.24799|13.07849,80.24813|13.07857,80.24848|13.07865,80.24886|13.07866,80.2489|13.07866,80.24895|13.07868,80.24906|13.07872,80.24923|13.07875,80.24946|13.0788,80.24977|13.07883,80.25001|13.07885,80.25012|13.07885030846799,80.25012755746579",FALSE,Continuous,Intermediate,,0.63,EVR Salai-kOYEMBEDU-Broadway,
KOYEMBEDU_BROADWAY_015,EVR Salai,EVR Salai,Koyembedu-Broadway.shp,15,22,169.12,13.07885031,80.25012756,13.07889,80.25168653,13.07887355,80.25090706,At-Grade (Ground),84.54,132.9,"13.07885030846799,80.25012755746579","13.07889,80.2516865349075","13.078873547253533,80.25090705936658","13.07885030846799,80.25012755746579|13.07887,80.25061|13.07887,80.25079|13.07888,80.25112|13.07889,80.25125|13.07889,80.25159|13.07889,80.2516865349075",FALSE,Continuous,Intermediate,,0.17,EVR Salai-kOYEMBEDU-Broadway,
KOYEMBEDU_BROADWAY_016,EVR Salai,EVR Salai,Koyembedu-Broadway.shp,16,21,327.48,13.07889,80.25168653,13.07900947,80.25469579,13.07887091,80.25319413,At-Grade (Ground),161.8,116.74,"13.07889,80.2516865349075","13.079009473412352,80.25469578729881","13.078870906982996,80.25319412779757","13.07889,80.2516865349075|13.07889,80.25169|13.07891,80.25193|13.07891,80.25209|13.07891,80.25242|13.0789,80.25249|13.07889,80.25262|13.07889,80.25275|13.07889,80.25286|13.078875889499654,80.25310693375606|13.07887,80.25321|13.07887,80.25353|13.07893,80.25408|13.07896,80.2543|13.079009473412352,80.25469578729881",FALSE,Continuous,Intermediate,,0.33,EVR Salai-kOYEMBEDU-Broadway,
KOYEMBEDU_BROADWAY_017,EVR Salai,EVR Salai,Koyembedu-Broadway.shp,17,10,207.93,13.07900947,80.25469579,13.07920811,80.25660161,13.07913375,80.25564631,At-Grade (Ground),96.33,130.39,"13.079009473412352,80.25469578729881","13.079208107633486,80.2566016145023","13.079133753914329,80.25564630871494","13.079009473412352,80.25469578729881|13.07901,80.2547|13.07913,80.25559|13.07914,80.25574|13.07915,80.25582|13.07917,80.25597|13.07917,80.25603|13.079208107633486,80.2566016145023",FALSE,Continuous,Intermediate,,0.21,EVR Salai-kOYEMBEDU-Broadway,
KOYEMBEDU_BROADWAY_018,EVR Salai,EVR Salai,Koyembedu-Broadway.shp,18,9,232.69,13.07920811,80.25660161,13.07944935,80.2587333,13.0793455,80.2576655,At-Grade (Ground),97.07,319.34,"13.079208107633486,80.2566016145023","13.079449351386687,80.25873329766245","13.079345500045209,80.2576655003466","13.079208107633486,80.2566016145023|13.07921,80.25663|13.07929,80.25721|13.07931,80.2574|13.07932,80.25747|13.07935,80.2577|13.07936,80.25781|13.079449351386687,80.25873329766245",FALSE,Continuous,Intermediate,,0.23,EVR Salai-kOYEMBEDU-Broadway,
KOYEMBEDU_BROADWAY_019,EVR Salai,EVR Salai,Koyembedu-Broadway.shp,19,8,444.52,13.07944935,80.2587333,13.08029972,80.2627186,13.07972754,80.26075892,At-Grade (Ground),217.75,266.43,"13.079449351386687,80.25873329766245","13.0802997206214,80.262718603107","13.079727538134737,80.26075892160631","13.079449351386687,80.25873329766245|13.07945,80.25874|13.07951,80.25944|13.07957,80.25988|13.07958,80.25996|13.07961,80.26019|13.07963,80.26032|13.07966,80.26045|13.07966,80.26048|13.07971,80.26068|13.07973,80.26077|13.0798,80.26094|13.08,80.26148|13.08001,80.26151|13.08007,80.26166|13.08008,80.26169|13.08011,80.26183|13.08013,80.2619|13.08018,80.26212|13.0802997206214,80.262718603107",FALSE,Continuous,Intermediate,,0.44,EVR Salai-kOYEMBEDU-Broadway,
KOYEMBEDU_BROADWAY_020,EVR Salai,EVR Salai,Koyembedu-Broadway.shp,20,7,274.91,13.08029972,80.2627186,13.08081151,80.26519872,13.08057834,80.26395435,At-Grade (Ground),129.67,244.46,"13.0802997206214,80.262718603107","13.080811511494383,80.2651987183933","13.080578336340759,80.26395434716748","13.0802997206214,80.262718603107|13.0803,80.26272|13.08056,80.26387|13.08071,80.26456|13.0808,80.26509|13.08081,80.26517|13.080811511494383,80.2651987183933",FALSE,Continuous,Intermediate,,0.27,EVR Salai-kOYEMBEDU-Broadway,
KOYEMBEDU_BROADWAY_021,EVR Salai,EVR Salai,Koyembedu-Broadway.shp,21,6,632.92,13.08081151,80.26519872,13.08101805,80.27100013,13.08080163,80.26811599,At-Grade (Ground),293.92,408.82,"13.080811511494383,80.2651987183933","13.081018053583108,80.27100013395777","13.08080162697411,80.26811599147246","13.080811511494383,80.2651987183933|13.08082,80.26536|13.08083,80.2655|13.08083,80.26565|13.08083,80.26576|13.08083,80.26602|13.0808,80.26703|13.0808,80.26748|13.0808,80.26802|13.08081,80.26861|13.08082,80.26888|13.08083,80.26978|13.08085,80.27017|13.08085,80.27026|13.08085,80.27038|13.08087,80.27061|13.08089,80.27072|13.0809,80.27076|13.08092,80.27081|13.08095,80.27088|13.08099,80.27093|13.081018053583108,80.27100013395777",FALSE,Continuous,Intermediate,,0.63,EVR Salai-kOYEMBEDU-Broadway,
KOYEMBEDU_BROADWAY_022,EVR Salai,EVR Salai,Koyembedu-Broadway.shp,22,5,458.04,13.08101805,80.27100013,13.08173003,80.27515046,13.08148282,80.27305714,At-Grade (Ground),228.12,31.03,"13.081018053583108,80.27100013395777","13.081730033022755,80.27515046231856","13.081482815343907,80.27305714433858","13.081018053583108,80.27100013395777|13.08103,80.27103|13.08111,80.2713|13.08116,80.27148|13.08126,80.27193|13.08134,80.27236|13.08139,80.27264|13.08147,80.27297|13.08152,80.27331|13.08155,80.27348|13.08157,80.27365|13.08159,80.2738|13.08163,80.27402|13.08167,80.27453|13.0817,80.27473|13.0817,80.27479|13.08171,80.2749|13.08171,80.27505|13.08173,80.27515|13.081730033022755,80.27515046231856",FALSE,Continuous,Intermediate,,0.46,EVR Salai-kOYEMBEDU-Broadway,
KOYEMBEDU_BROADWAY_023,EVR Salai,EVR Salai,Koyembedu-Broadway.shp,23,4,126.22,13.08173003,80.27515046,13.08189006,80.27630029,13.08177343,80.27573059,At-Grade (Ground),61.91,109.87,"13.081730033022755,80.27515046231856","13.08189005720366,80.2763002860183","13.081773431416499,80.27573058849899","13.081730033022755,80.27515046231856|13.08177,80.27571|13.0818,80.27589|13.08183,80.27605|13.08188,80.27625|13.08189005720366,80.2763002860183",FALSE,Continuous,Intermediate,,0.13,EVR Salai-kOYEMBEDU-Broadway,
KOYEMBEDU_BROADWAY_024,EVR Salai,EVR Salai,Koyembedu-Broadway.shp,24,3,241.46,13.08189006,80.27630029,13.08215668,80.27851014,13.08202734,80.27740454,At-Grade (Ground),116.22,22.05,"13.08189005720366,80.2763002860183","13.082156678030627,80.27851013636752","13.082027339501822,80.27740453864803","13.08189005720366,80.2763002860183|13.0819,80.27635|13.08192,80.27659|13.08194,80.2767|13.08209,80.27791|13.08211,80.27805|13.08215,80.27843|13.082156678030627,80.27851013636752",FALSE,Continuous,Intermediate,,0.24,EVR Salai-kOYEMBEDU-Broadway,
KOYEMBEDU_BROADWAY_025,EVR Salai,EVR Salai,Koyembedu-Broadway.shp,25,2,344.58,13.08215668,80.27851014,13.08238,80.28167836,13.08228787,80.28009344,At-Grade (Ground),166.1,259.28,"13.082156678030627,80.27851013636752","13.08238,80.28167836466447","13.082287865377344,80.28009344031116","13.082156678030627,80.27851013636752|13.08216,80.27855|13.08219,80.27907|13.08224,80.27961|13.08234,80.28062|13.08236,80.28088|13.08238,80.28116|13.08238,80.28122|13.08238,80.28167836466447",FALSE,Continuous,Intermediate,,0.34,EVR Salai-kOYEMBEDU-Broadway,
KOYEMBEDU_BROADWAY_026,EVR Salai,EVR Salai,Koyembedu-Broadway.shp,26,1,369.18,13.08238,80.28167836,13.08507,80.28365,13.08377465,80.28260372,At-Grade (Ground),183.09,151.01,"13.08238,80.28167836466447","13.08507,80.28365","13.08377464836515,80.28260371920403","13.08238,80.28167836466447|13.08238,80.28168|13.08251,80.28182|13.08286,80.28205|13.08352,80.28245|13.08372,80.28257|13.08419,80.28286|13.08445,80.28306|13.08461,80.28316|13.08474,80.28327|13.08481,80.28333|13.08488,80.2834|13.08497,80.28351|13.08504,80.2836|13.08507,80.28365",FALSE,Continuous,CORRIDOR_END_NODE,,0.37,EVR Salai-kOYEMBEDU-Broadway,
GUINDY_TAMBARAM_001,Guindy-Tambaram,Guindy-Tambaram,Guindy_Tambaram.shp,1,0,580.62,13.0113,80.22325,13.00664545,80.2207858,13.00897239,80.2220133,At-Grade (Ground),300.64,188.04,"13.0113,80.22325","13.006645453931696,80.22078579522439","13.008972393065385,80.22201329909264","13.0113,80.22325|13.01117,80.22317|13.01108,80.22312|13.01095,80.22305|13.01044,80.22278|13.00981,80.22245|13.00904,80.22205|13.00799,80.22148|13.00793,80.22144|13.00792,80.22143|13.00779,80.22137|13.00772,80.22133|13.00748,80.22122|13.00732,80.22114|13.00717,80.22106|13.0071,80.22102|13.00707,80.22099|13.00699,80.22095|13.00691,80.2209|13.00679,80.22084|13.006645453931696,80.22078579522439",FALSE,Continuous,CORRIDOR_START_NODE,1,0.581,Guindy-Tambaram,
GUINDY_TAMBARAM_002,Guindy-Tambaram,Guindy-Tambaram,Guindy_Tambaram.shp,2,29,1160.07,13.00664545,80.2207858,12.99725738,80.21655061,13.00185276,80.21893483,At-Grade (Ground),572.26,350.87,"13.006645453931696,80.22078579522439","12.997257378122491,80.21655061484354","13.001852764103454,80.2189348335674","13.006645453931696,80.22078579522439|13.00663,80.22078|13.00627,80.22071|13.00598,80.22064|13.00547,80.22051|13.00529,80.22047|13.00468,80.22031|13.00447,80.22027|13.00425,80.22022|13.00417,80.2202|13.004,80.22015|13.00384,80.22011|13.00369,80.22009|13.00354,80.22005|13.0034,80.22002|13.00326,80.21998|13.00316,80.21993|13.00292,80.21984|13.00286,80.21981|13.00265,80.2197|13.00243,80.21955|13.00225,80.21935|13.00205,80.21914|13.00199,80.21908|13.00194,80.21903|13.00183,80.21891|13.00175,80.21883|13.00167,80.21874|13.00162,80.21869|13.00159,80.21866|13.00153,80.21861|13.00146,80.21855|13.00137,80.21849|13.00131,80.21845|13.00125,80.21842|13.00112,80.21834|13.00103,80.21827|13.00092,80.21821|13.00077,80.21811|13.00072,80.21808|13.00063,80.21803|13.00041,80.21788|13.00031,80.21783|12.99995,80.21759|12.99959,80.21737|12.99943,80.21727|12.99917,80.21712|12.99905,80.21707|12.99895,80.21703|12.99869,80.21691|12.99855,80.21684|12.99837,80.21677|12.99826,80.21673|12.99812,80.21669|12.99804,80.21668|12.99787,80.21664|12.99772,80.21661|12.99749,80.21657|12.997257378122491,80.21655061484354",FALSE,Continuous,Intermediate,2,1.16,Guindy-Tambaram,
GUINDY_TAMBARAM_003,Guindy-Tambaram,Guindy-Tambaram,Guindy_Tambaram.shp,3,1,741.8,12.99725738,80.21655061,12.99146036,80.21969973,12.99418782,80.2177236,At-Grade (Ground),343.84,373.37,"12.997257378122491,80.21655061484354","12.991460359899365,80.21969973007548","12.994187824835308,80.21772359786202","12.997257378122491,80.21655061484354|12.99725,80.21655|12.99659,80.2166|12.99611,80.21669|12.99568,80.21678|12.99541,80.21689|12.99512,80.21705|12.99498,80.21715|12.99489,80.21721|12.99474,80.21732|12.99429,80.21764|12.99407,80.21782|12.9929,80.21865|12.99258,80.21888|12.99219,80.21915|12.99205,80.21927|12.99202,80.21929|12.99163,80.21959|12.99154,80.21964|12.991460359899365,80.21969973007548",FALSE,Continuous,Intermediate,3,0.742,Guindy-Tambaram,
GUINDY_TAMBARAM_004,Guindy-Tambaram,Guindy-Tambaram,Guindy_Tambaram.shp,4,2,232.01,12.99146036,80.21969973,12.98953207,80.21894059,12.99052698,80.21928106,At-Grade (Ground),100.47,64.28,"12.991460359899365,80.21969973007548","12.989532068925328,80.21894059112152","12.990526977429862,80.21928106336782","12.991460359899365,80.21969973007548|12.99146,80.2197|12.99143,80.21963|12.99139,80.21959|12.99137,80.21958|12.99136,80.21957|12.99134,80.21956|12.99132,80.21955|12.99127,80.21953|12.99077,80.21936|12.99058,80.2193|12.98974,80.219|12.989532068925328,80.21894059112152",FALSE,Continuous,Intermediate,4,0.232,Guindy-Tambaram,
GUINDY_TAMBARAM_005,Guindy-Tambaram,Guindy-Tambaram,Guindy_Tambaram.shp,5,3,241.2,12.98953207,80.21894059,12.9874284,80.21837942,12.98850091,80.21858227,At-Grade (Ground),121.61,137.12,"12.989532068925328,80.21894059112152","12.987428402101811,80.21837941894611","12.988500907760763,80.21858227232822","12.989532068925328,80.21894059112152|12.98953,80.21894|12.98905,80.21876|12.98887,80.2187|12.98875,80.21866|12.98856,80.2186|12.98846,80.21857|12.98835,80.21855|12.98814,80.21851|12.98801,80.21848|12.98743,80.21838|12.987428402101811,80.21837941894611",FALSE,Continuous,Intermediate,5,0.241,Guindy-Tambaram,
GUINDY_TAMBARAM_006,Guindy-Tambaram,Guindy-Tambaram,Guindy_Tambaram.shp,6,4,1070.32,12.9874284,80.21837942,12.97805827,80.21939572,12.98263999,80.21795908,At-Grade (Ground),531.13,142.51,"12.987428402101811,80.21837941894611","12.97805826589473,80.21939572254387","12.982639989065065,80.21795907909126","12.987428402101811,80.21837941894611|12.98732,80.21834|12.98726,80.21833|12.98713,80.2183|12.98694,80.21826|12.98657,80.21817|12.98646,80.21814|12.9863,80.2181|12.98608,80.21805|12.98586,80.21798|12.98577,80.21797|12.98559,80.21794|12.98546,80.21793|12.9854,80.21793|12.98523,80.21793|12.98504,80.21792|12.98459,80.21794|12.98449,80.21794|12.98442,80.21794|12.98425,80.21793|12.9835,80.21794|12.98333,80.21795|12.98257,80.21796|12.98241,80.21797|12.98235,80.21797|12.98222,80.21797|12.98216,80.21797|12.98203,80.21797|12.98188,80.21798|12.98185,80.21799|12.98176,80.218|12.98167,80.21802|12.98148,80.21806|12.98136,80.2181|12.98119,80.21815|12.98097,80.21824|12.98082,80.21829|12.9806,80.21836|12.98046,80.21841|12.9802,80.21851|12.98014,80.21854|12.97998,80.21861|12.97986,80.21866|12.97929,80.21889|12.97871,80.21913|12.97866,80.21915|12.97831,80.21929|12.97816,80.21935|12.97812,80.21937|12.97805826589473,80.21939572254387",FALSE,Continuous,Intermediate,6,1.071,Guindy-Tambaram,
GUINDY_TAMBARAM_007,Guindy-Tambaram,Guindy-Tambaram,Guindy_Tambaram.shp,7,28,721.9,12.97805827,80.21939572,12.97200205,80.21944038,12.97504584,80.22060717,At-Grade (Ground),135.89,27.44,"12.97805826589473,80.21939572254387","12.972002049227031,80.21944038423007","12.975045842019693,80.22060716840393","12.97805826589473,80.21939572254387|12.978,80.21942|12.97761,80.21957|12.9775,80.21961|12.9773,80.21969|12.97728,80.2197|12.97718,80.21974|12.97711,80.21977|12.97694,80.21984|12.97665,80.21995|12.97646,80.22003|12.97644,80.22004|12.97624,80.22012|12.97612,80.22017|12.97603,80.22022|12.97598,80.22024|12.9759,80.22028|12.97585,80.22032|12.97582,80.22033|12.97572,80.22039|12.97569,80.22041|12.97563,80.22045|12.97556,80.22049|12.97554,80.2205|12.97552,80.22051|12.97548,80.22053|12.97545,80.22055|12.97542,80.22056|12.9754,80.22057|12.97531,80.22059|12.97526,80.2206|12.97521,80.2206|12.97519,80.2206|12.97516,80.2206|12.97508,80.22061|12.97506,80.22061|12.97501,80.2206|12.975,80.2206|12.97496,80.22059|12.97494,80.22059|12.97491,80.22058|12.97488,80.22057|12.97483,80.22055|12.97482,80.22054|12.9748,80.22053|12.97464,80.22046|12.97452,80.22042|12.97446,80.22038|12.97417,80.22025|12.97386,80.2201|12.97379,80.22006|12.97357,80.21997|12.97336,80.21989|12.97309,80.21979|12.9727,80.21967|12.9724,80.21955|12.97225,80.2195|12.97219,80.21948|12.97216,80.21947|12.972002049227031,80.21944038423007",FALSE,Continuous,Intermediate,7,0.722,Guindy-Tambaram,
GUINDY_TAMBARAM_008,Guindy-Tambaram,Guindy-Tambaram,Guindy_Tambaram.shp,8,26,1020.65,12.97200205,80.21944038,12.96341956,80.21600383,12.96771149,80.21772344,At-Grade (Ground),502.46,415.38,"12.972002049227031,80.21944038423007","12.963419564009273,80.21600382560372","12.96771149442293,80.21772344423758","12.972002049227031,80.21944038423007|12.972,80.21944|12.97191,80.21938|12.97165,80.21929|12.97119,80.21914|12.97072,80.21892|12.97053,80.21885|12.97049,80.21884|12.97036,80.21878|12.96806,80.21787|12.96783,80.21777|12.96755,80.21766|12.96738,80.21759|12.96723,80.21753|12.96661,80.21728|12.96651,80.21724|12.96623,80.21713|12.96615,80.2171|12.96611,80.21709|12.96561,80.21689|12.96543,80.21683|12.96539,80.21681|12.9653,80.21678|12.96528,80.21677|12.96475,80.21658|12.9644,80.21641|12.96413,80.21631|12.96398,80.21624|12.96362,80.21609|12.9636,80.21608|12.96351,80.21604|12.963419564009273,80.21600382560372",FALSE,Continuous,Intermediate,8,1.021,Guindy-Tambaram,
GUINDY_TAMBARAM_009,Guindy-Tambaram,Guindy-Tambaram,Guindy_Tambaram.shp,9,5,487.61,12.96341956,80.21600383,12.95932,80.21435,12.96136938,80.21517775,At-Grade (Ground),251.01,243.04,"12.963419564009273,80.21600382560372","12.95932,80.21435","12.961369383286351,80.21517775331453","12.963419564009273,80.21600382560372|12.96291,80.2158|12.9623,80.21555|12.9612,80.21511|12.96036,80.21477|12.96017,80.2147|12.95939,80.21438|12.95932013787388,80.2143500590888|12.95932,80.21435",FALSE,Continuous,Intermediate,9,0.488,Guindy-Tambaram,
GUINDY_TAMBARAM_010,Guindy-Tambaram,Guindy-Tambaram,Guindy_Tambaram.shp,10,38,709.35,12.95932,80.21435,12.9533386,80.21199388,12.95632929,80.21317328,At-Grade (Ground),848.98,352.86,"12.95932,80.21435","12.953338603111508,80.21199387534172","12.956329294190187,80.2131732751704","12.95932,80.21435|12.959296852112788,80.21434103952753|12.95808,80.21387|12.95692,80.2134|12.95688,80.21339|12.95685,80.21337|12.95645,80.21322|12.95614,80.2131|12.95565,80.21291|12.95561,80.21289|12.95551,80.21285|12.95541,80.21281|12.95509,80.21268|12.9545,80.21245|12.95429,80.21237|12.95422,80.21234|12.9541,80.21229|12.95392,80.21222|12.95355,80.21208|12.953338603111508,80.21199387534172",FALSE,Continuous,Intermediate,10,0.71,Guindy-Tambaram,
GUINDY_TAMBARAM_011,Guindy-Tambaram,Guindy-Tambaram,Guindy_Tambaram.shp,11,30,253,12.9533386,80.21199388,12.95121196,80.21113655,12.95227159,80.21157406,At-Grade (Ground),439.4,130.56,"12.953338603111508,80.21199387534172","12.951211959654726,80.21113655413774","12.952271586891332,80.21157406065852","12.953338603111508,80.21199387534172|12.95328,80.21197|12.9531,80.2119|12.95264,80.21172|12.95242,80.21164|12.95235,80.21161|12.95211,80.2115|12.95195,80.21144|12.95174,80.21136|12.95159,80.21129|12.95142,80.21122|12.95132,80.21118|12.95122,80.21114|12.951211959654726,80.21113655413774",FALSE,Continuous,Intermediate,11,0.253,Guindy-Tambaram,
GUINDY_TAMBARAM_012,Guindy-Tambaram,Guindy-Tambaram,Guindy_Tambaram.shp,12,25,846.94,12.95121196,80.21113655,12.94406679,80.20833759,12.94764598,80.20971993,At-Grade (Ground),87.59,80.5,"12.951211959654726,80.21113655413774","12.944066785928463,80.20833759407515","12.947645975594096,80.2097199275851","12.951211959654726,80.21113655413774|12.95094,80.21102|12.95079,80.21096|12.95013,80.2107|12.94968,80.21052|12.94967,80.21052|12.94954,80.21047|12.9495,80.21045|12.94885,80.2102|12.94866,80.21012|12.94855,80.21008|12.94848,80.21006|12.94827,80.20998|12.94815,80.20993|12.94804,80.20988|12.9474,80.20962|12.94702,80.20948|12.94686,80.20941|12.9467,80.20935|12.9462,80.20915|12.94607,80.2091|12.94603,80.20908|12.94598,80.20907|12.94594,80.20905|12.94561,80.20892|12.94493,80.20866|12.94444,80.20849|12.94431,80.20844|12.94412,80.20836|12.944066785928463,80.20833759407515",FALSE,Continuous,Intermediate,12,0.847,Guindy-Tambaram,
GUINDY_TAMBARAM_013,Guindy-Tambaram,Guindy-Tambaram,Guindy_Tambaram.shp,13,31,185.72,12.94406679,80.20833759,12.94274049,80.20735049,12.94330614,80.20797065,At-Grade (Ground),599.74,108.12,"12.944066785928463,80.20833759407515","12.942740490547433,80.20735049054743","12.943306141074787,80.20797065204273","12.944066785928463,80.20833759407515|12.94393,80.20828|12.9438,80.20822|12.94356,80.2081|12.94342,80.20804|12.94334,80.20799|12.94327,80.20795|12.94318,80.20788|12.94313,80.20783|12.94311,80.20781|12.94303,80.20773|12.94296,80.20765|12.94275,80.20736|12.942740490547433,80.20735049054743",FALSE,Continuous,Intermediate,13,0.186,Guindy-Tambaram,
GUINDY_TAMBARAM_014,Guindy-Tambaram,Guindy-Tambaram,Guindy_Tambaram.shp,14,6,555.63,12.94274049,80.20735049,12.93831657,80.20513756,12.94072659,80.20588058,At-Grade (Ground),950.94,41.99,"12.942740490547433,80.20735049054743","12.938316572999689,80.20513755872722","12.940726585054717,80.20588057638354","12.942740490547433,80.20735049054743|12.94272,80.20733|12.94261,80.20719|12.94256,80.20713|12.9424,80.20698|12.94221,80.20681|12.94217,80.20677|12.94199,80.20663|12.94182,80.20649|12.94178,80.20646|12.94168,80.20638|12.94157,80.20631|12.94152,80.20627|12.94136,80.20618|12.94103,80.206|12.94095,80.20597|12.94089,80.20594|12.94067,80.20586|12.94007,80.20568|12.93979,80.2056|12.93924,80.20544|12.93864,80.20525|12.93833,80.20514|12.938316572999689,80.20513755872722",FALSE,Continuous,Intermediate,14,0.556,Guindy-Tambaram,
GUINDY_TAMBARAM_015,Guindy-Tambaram,Guindy-Tambaram,Guindy_Tambaram.shp,15,7,468.68,12.93831657,80.20513756,12.93424713,80.20400067,12.93626584,80.20459732,At-Grade (Ground),1457.94,277.75,"12.938316572999689,80.20513755872722","12.934247133656882,80.20400066829319","12.936265842719544,80.20459731829226","12.938316572999689,80.20513755872722|12.93822,80.20512|12.93803,80.20507|12.93774,80.205|12.93766,80.20497|12.93737,80.20491|12.93624,80.20459|12.93592,80.2045|12.93575,80.20445|12.93548,80.20433|12.93533,80.20425|12.93517,80.20418|12.93505,80.20413|12.93489,80.20408|12.9347,80.20405|12.934247133656882,80.20400066829319",FALSE,Continuous,Intermediate,15,0.456,Guindy-Tambaram,
GUINDY_TAMBARAM_016,Guindy-Tambaram,Guindy-Tambaram,Guindy_Tambaram.shp,16,8,132.06,12.93424713,80.20400067,12.93308267,80.2037711,12.93365434,80.20394043,At-Grade (Ground),1752.56,20.24,"12.934247133656882,80.20400066829319","12.9330826695057,80.20377109920824","12.933654344591096,80.20394043402143","12.934247133656882,80.20400066829319|12.9342,80.204|12.9341,80.204|12.93378,80.20397|12.93361,80.20393|12.9334,80.20388|12.93325,80.20384|12.9330826695057,80.20377109920824",FALSE,Continuous,Intermediate,16,0.145,Guindy-Tambaram,
GUINDY_TAMBARAM_017,Guindy-Tambaram,Guindy-Tambaram,Guindy_Tambaram.shp,17,9,602.21,12.93308267,80.2037711,12.92848,80.20184838,12.93049431,80.20290937,At-Grade (Ground),2118.99,164.07,"12.9330826695057,80.20377109920824","12.92848,80.20184837714497","12.930494308596387,80.20290936762183","12.9330826695057,80.20377109920824|12.93308,80.20377|12.93296,80.20372|12.93263,80.20359|12.93237,80.2035|12.93178,80.20331|12.93155,80.20321|12.93094,80.20301|12.93082,80.20298|12.93073,80.20295|12.93062,80.20293|12.9305,80.20291|12.93041,80.2029|12.93021,80.20287|12.92994,80.20283|12.92944,80.20277|12.9292,80.20273|12.929,80.20272|12.92887,80.20272|12.92882,80.20271|12.92877,80.20271|12.92873,80.20269|12.92869,80.20267|12.92866,80.20266|12.92859,80.20261|12.92851,80.20249|12.9285,80.2024|12.92849,80.20236|12.92849,80.20227|12.92848,80.20198|12.92848,80.20184837714497",FALSE,Continuous,Intermediate,17,0.602,Guindy-Tambaram,
GUINDY_TAMBARAM_018,Guindy-Tambaram,Guindy-Tambaram,Guindy_Tambaram.shp,18,10,585.27,12.92848,80.20184838,12.92612156,80.19760039,12.92808914,80.19922133,At-Grade (Ground),2524.14,228.8,"12.92848,80.20184837714497","12.926121562191724,80.19760039054792","12.92808914164761,80.19922132621284","12.92848,80.20184837714497|12.92848,80.20183|12.92845,80.20136|12.92843,80.2009|12.92842,80.20061|12.92841,80.20033|12.92837,80.20005|12.92834,80.19994|12.92831,80.19981|12.92829,80.19971|12.9282,80.19947|12.92815,80.19934|12.92795,80.19895|12.9278,80.19867|12.92764,80.19841|12.92755,80.19832|12.92747,80.19823|12.92738,80.19815|12.92731,80.19809|12.92722,80.19804|12.92711,80.19798|12.92697,80.1979|12.92676,80.19779|12.92647,80.19769|12.92644,80.19768|12.92636,80.19766|12.926121562191724,80.19760039054792",FALSE,Continuous,Intermediate,18,0.585,Guindy-Tambaram,
GUINDY_TAMBARAM_019,Guindy-Tambaram,Guindy-Tambaram,Guindy_Tambaram.shp,19,39,433.56,12.92612156,80.19760039,12.9222148,80.1973747,12.92416299,80.19755096,At-Grade (Ground),2993.54,208.72,"12.926121562191724,80.19760039054792","12.922214797550259,80.19737470237166","12.924162992258884,80.19755095934165","12.926121562191724,80.19760039054792|12.92612,80.1976|12.9259,80.19758|12.92559,80.19757|12.92543,80.19756|12.9251,80.19755|12.9247,80.19756|12.92421,80.19755|12.92372,80.19756|12.92331,80.19753|12.923308750478885,80.19752981067862|12.92298,80.19748|12.92292,80.19747|12.922214797550259,80.19737470237166",FALSE,Continuous,Intermediate,19,0.434,Guindy-Tambaram,
GUINDY_TAMBARAM_020,Guindy-Tambaram,Guindy-Tambaram,Guindy_Tambaram.shp,20,11,175.64,12.9222148,80.1973747,12.92070843,80.19686862,12.92145817,80.19713429,At-Grade (Ground),3283.1,508.46,"12.922214797550259,80.19737470237166","12.920708431807487,80.19686861906766","12.921458170503898,80.1971342885293","12.922214797550259,80.19737470237166|12.92218,80.19737|12.922,80.19733|12.92172,80.19723|12.92155,80.19717|12.92137,80.1971|12.92105,80.19698|12.920708431807487,80.19686861906766",FALSE,Continuous,Intermediate,20,0.176,Guindy-Tambaram,
GUINDY_TAMBARAM_021,Guindy-Tambaram,Guindy-Tambaram,Guindy_Tambaram.shp,21,37,500.71,12.92070843,80.19686862,12.91712,80.1942,12.91872137,80.19580137,At-Grade (Ground),3618.51,829.17,"12.920708431807487,80.19686861906766","12.91712,80.1942","12.918721370940379,80.19580137094037","12.920708431807487,80.19686861906766|12.92059,80.19683|12.92051,80.1968|12.92041,80.19676|12.92024,80.1967|12.92012,80.19666|12.91999,80.19662|12.91982,80.19654|12.91968,80.19648|12.91964,80.19646|12.91954,80.19641|12.91943,80.19634|12.91936,80.1963|12.91929,80.19625|12.91924,80.19622|12.91918,80.19618|12.91904,80.19607|12.91874,80.19582|12.91868,80.19576|12.91852,80.19561|12.91845,80.19555|12.91823,80.19535|12.91817,80.19529|12.91795,80.19509|12.9179,80.19503|12.91781,80.19495|12.91754,80.19471|12.91753,80.19471|12.91741,80.19458|12.91736,80.19453|12.9173,80.19447|12.91722,80.19437|12.91718,80.19433|12.91712,80.1942",FALSE,Continuous,Intermediate,21,0.501,Guindy-Tambaram,
GUINDY_TAMBARAM_022,Guindy-Tambaram,Guindy-Tambaram,Guindy_Tambaram.shp,22,32,202.96,12.91712,80.1942,12.91716,80.19235,12.91706427,80.1932801,At-Grade (Ground),3903.2,1090.66,"12.91712,80.1942","12.91716,80.19235","12.917064274815951,80.19328010171779","12.91712,80.1942|12.91708,80.19412|12.91706,80.19406|12.91704,80.19392|12.91704,80.19376|12.91705,80.19346|12.91705,80.1934|12.91706,80.19332|12.91712,80.19276|12.91715,80.19245|12.91716,80.19235",FALSE,Continuous,Intermediate,22,0.203,Guindy-Tambaram,
GUINDY_TAMBARAM_023,Guindy-Tambaram,Guindy-Tambaram,Guindy_Tambaram.shp,23,40,1015.4,12.91716,80.19235,12.92028909,80.18411514,12.91859143,80.18804829,At-Grade (Ground),4054.98,1309.85,"12.91716,80.19235","12.920289085109046,80.18411514184841","12.918591428218322,80.18804828613801","12.91716,80.19235|12.91718,80.19225|12.9172,80.19191|12.91721,80.19179|12.91723,80.19168|12.91729,80.19112|12.9173,80.19099|12.91735,80.19049|12.91736,80.19042|12.91737,80.19035|12.91738,80.1903|12.91739,80.19022|12.91745,80.18996|12.91748,80.18985|12.9175,80.18978|12.91752,80.1897|12.91761,80.18947|12.91766,80.18938|12.91779,80.18915|12.91783,80.18905|12.91789,80.18896|12.91795,80.18887|12.91836,80.18834|12.91839,80.1883|12.91849,80.18817|12.91864,80.18799|12.91873,80.18787|12.91909,80.18745|12.91919,80.18732|12.9194,80.18707|12.91948,80.18697|12.91991,80.18647|12.92006,80.18631|12.92035,80.18594|12.92042,80.18583|12.92044,80.18575|12.92047,80.18565|12.92048,80.18556|12.92048,80.18549|12.92048,80.18538|12.92047,80.18532|12.92047,80.18522|12.92046,80.18509|12.92045,80.185|12.92045,80.18487|12.92048,80.18478|12.9205,80.18472|12.92051,80.18469|12.92051,80.18467|12.92051,80.18465|12.92049,80.18458|12.92048,80.18453|12.92047,80.18449|12.92046,80.18444|12.92045,80.18441|12.92041,80.18433|12.92037,80.18425|12.92036,80.18423|12.92033,80.18417|12.92031,80.18415|12.920289085109046,80.18411514184841",FALSE,Continuous,Intermediate,23,1.016,Guindy-Tambaram,
GUINDY_TAMBARAM_024,Guindy-Tambaram,Guindy-Tambaram,Guindy_Tambaram.shp,24,27,402.89,12.92028909,80.18411514,12.91945295,80.18050297,12.91985018,80.18231433,At-Grade (Ground),4342.83,1777.27,"12.920289085109046,80.18411514184841","12.919452954294718,80.18050296754333","12.919850181460047,80.1823143292111","12.920289085109046,80.18411514184841|12.92028,80.1841|12.92026,80.18404|12.92022,80.18382|12.92014,80.1835|12.91994,80.18269|12.91987,80.18239|12.91976,80.18197|12.91974,80.18185|12.91963,80.18132|12.9196,80.1812|12.91955,80.18097|12.919452954294718,80.18050296754333",FALSE,Continuous,Intermediate,24,0.403,Guindy-Tambaram,
GUINDY_TAMBARAM_025,Guindy-Tambaram,Guindy-Tambaram,Guindy_Tambaram.shp,25,36,181.22,12.91945295,80.18050297,12.91887847,80.17895824,12.91926069,80.1796927,At-Grade (Ground),4588.15,2065.42,"12.919452954294718,80.18050296754333","12.918878473643446,80.17895824468997","12.919260688773717,80.17969270211226","12.919452954294718,80.18050296754333|12.91939,80.1802|12.91926,80.17969|12.91916,80.17941|12.91908,80.17927|12.91898,80.17913|12.91888,80.17896|12.918878473643446,80.17895824468997",FALSE,Continuous,Intermediate,25,0.181,Guindy-Tambaram,
GUINDY_TAMBARAM_026,Guindy-Tambaram,Guindy-Tambaram,Guindy_Tambaram.shp,26,24,282.7,12.91887847,80.17895824,12.91835699,80.17659613,12.91818724,80.17787959,At-Grade (Ground),4811.78,2292.15,"12.918878473643446,80.17895824468997","12.918356993293978,80.17659612687775","12.918187235406574,80.17787958947233","12.918878473643446,80.17895824468997|12.91868,80.17873|12.91839,80.17833|12.91835,80.17826|12.91831,80.17821|12.91825,80.17811|12.91823,80.17807|12.91821,80.17802|12.9182,80.17796|12.91819,80.17791|12.91818,80.1778|12.91818,80.17775|12.91818,80.17766|12.91819,80.17758|12.91822,80.17735|12.91825,80.17717|12.918356993293978,80.17659612687775",FALSE,Continuous,Intermediate,26,0.283,Guindy-Tambaram,
GUINDY_TAMBARAM_027,Guindy-Tambaram,Guindy-Tambaram,Guindy_Tambaram.shp,27,23,585.33,12.91835699,80.17659613,12.91968435,80.17137562,12.91899861,80.17398074,At-Grade (Ground),5066.08,2660.65,"12.918356993293978,80.17659612687775","12.919684350992586,80.1713756228071","12.918998608527684,80.1739807398233","12.918356993293978,80.17659612687775|12.91836,80.17658|12.91842,80.17633|12.91847,80.1761|12.91851,80.17593|12.91858,80.17571|12.91867,80.1754|12.91872,80.17512|12.91888,80.17447|12.91904,80.17381|12.91925,80.17297|12.91933,80.17269|12.91942,80.17235|12.91947,80.17212|12.91968,80.17139|12.919684350992586,80.1713756228071",FALSE,Continuous,Intermediate,27,0.586,Guindy-Tambaram,
GUINDY_TAMBARAM_028,Guindy-Tambaram,Guindy-Tambaram,Guindy_Tambaram.shp,28,22,398.52,12.91968435,80.17137562,12.92079,80.16788,12.92022915,80.16962516,At-Grade (Ground),5356.17,3084.27,"12.919684350992586,80.1713756228071","12.92079,80.16788","12.92022914986026,80.16962515668669","12.919684350992586,80.1713756228071|12.91991,80.17063|12.92004,80.17021|12.92011,80.16998|12.92017,80.16981|12.92025,80.16956|12.92037,80.16916|12.92051,80.16873|12.92057,80.16853|12.92067,80.16821|12.92079,80.16788",FALSE,Continuous,Intermediate,28,0.399,Guindy-Tambaram,
GUINDY_TAMBARAM_029,Guindy-Tambaram,Guindy-Tambaram,Guindy_Tambaram.shp,29,35,592.19,12.92079,80.16788,12.92245523,80.16269445,12.92164528,80.16529491,At-Grade (Ground),5661,3520,"12.92079,80.16788","12.92245523387226,80.16269445429806","12.9216452821454,80.165294908156","12.92079,80.16788|12.92086,80.16763|12.92094,80.1674|12.92098,80.16725|12.92116,80.16671|12.9213,80.1663|12.92132,80.16625|12.92138,80.16606|12.9214,80.16599|12.92142,80.16595|12.92147,80.16581|12.92155,80.16558|12.92157,80.16551|12.92164,80.16531|12.92171,80.16511|12.92174,80.16502|12.92182,80.16476|12.92188,80.16459|12.922,80.1642|12.92212,80.16379|12.92224,80.1634|12.92237,80.16295|12.92244,80.16273|12.92245523387226,80.16269445429806",FALSE,Continuous,Intermediate,29,0.592,Guindy-Tambaram,
GUINDY_TAMBARAM_030,Guindy-Tambaram,Guindy-Tambaram,Guindy_Tambaram.shp,30,34,248.29,12.92245523,80.16269445,12.92315414,80.16051983,12.92281153,80.16160936,At-Grade (Ground),5942.72,3902.44,"12.92245523387226,80.16269445429806","12.92315414094503,80.16051983064759","12.922811527178226,80.16160936353906","12.92245523387226,80.16269445429806|12.92247,80.16266|12.92256,80.16238|12.92303,80.16094|12.92315414094503,80.16051983064759",FALSE,Continuous,Intermediate,30,0.248,Guindy-Tambaram,
GUINDY_TAMBARAM_031,Guindy-Tambaram,Guindy-Tambaram,Guindy_Tambaram.shp,31,21,599.22,12.92315414,80.16051983,12.92343913,80.15506783,12.92352683,80.15779013,At-Grade (Ground),6274.84,4309.35,"12.92315414094503,80.16051983064759","12.9234391301823,80.15506782545575","12.923526832101713,80.15779012671165","12.92315414094503,80.16051983064759|12.92316,80.1605|12.92323,80.16022|12.92328,80.16004|12.92333,80.15972|12.92335,80.15951|12.92338,80.15925|12.92343,80.15883|12.92345,80.15865|12.92347,80.15838|12.92349,80.15818|12.9235,80.15813|12.92359,80.15699|12.92366,80.15637|12.92366,80.15632|12.92367,80.15607|12.92367,80.156|12.92366,80.15592|12.92365,80.15585|12.92364,80.15576|12.92362,80.15566|12.92358,80.15553|12.92355,80.15546|12.92353,80.15538|12.92346,80.15514|12.92344,80.15507|12.9234391301823,80.15506782545575",FALSE,Continuous,Intermediate,31,0.599,Guindy-Tambaram,
GUINDY_TAMBARAM_032,Guindy-Tambaram,Guindy-Tambaram,Guindy_Tambaram.shp,32,20,358.83,12.92343913,80.15506783,12.92267914,80.15185878,12.92304031,80.15346602,At-Grade (Ground),6635.03,4781.01,"12.9234391301823,80.15506782545575","12.9226791366538,80.1518587764994","12.923040312688457,80.15346601623749","12.9234391301823,80.15506782545575|12.92342,80.15502|12.92341,80.15498|12.92337,80.15479|12.92336,80.15475|12.92334,80.15465|12.92323,80.15417|12.92314,80.15387|12.92306,80.15353|12.92286,80.15288|12.92277,80.15249|12.9227,80.15212|12.92268,80.15187|12.9226791366538,80.1518587764994",FALSE,Continuous,Intermediate,32,0.359,Guindy-Tambaram,
GUINDY_TAMBARAM_033,Guindy-Tambaram,Guindy-Tambaram,Guindy_Tambaram.shp,33,19,474.05,12.92267914,80.15185878,12.92257457,80.14749256,12.92260851,80.14967601,At-Grade (Ground),6781.85,5194.53,"12.9226791366538,80.1518587764994","12.922574570230159,80.14749255764683","12.922608511820577,80.1496760082848","12.9226791366538,80.1518587764994|12.92267,80.15174|12.92266,80.15133|12.92266,80.15113|12.92266,80.15106|12.92265,80.15093|12.92265,80.15088|12.92265,80.15074|12.92264,80.15053|12.92264,80.15037|12.92263,80.15|12.92261,80.14974|12.92259,80.14888|12.92259,80.14878|12.92259,80.14872|12.92259,80.14839|12.9226,80.1482|12.9226,80.14794|12.92259,80.14767|12.922574570230159,80.14749255764683",FALSE,Continuous,Intermediate,33,0.474,Guindy-Tambaram,
GUINDY_TAMBARAM_034,Guindy-Tambaram,Guindy-Tambaram,Guindy_Tambaram.shp,34,18,472.98,12.92257457,80.14749256,12.92244248,80.14313667,12.92249861,80.14531547,At-Grade (Ground),6937.04,5667.26,"12.922574570230159,80.14749255764683","12.922442482312668,80.14313666869542","12.922498608563403,80.14531547402892","12.922574570230159,80.14749255764683|12.92257,80.14744|12.92255,80.14673|12.92254,80.14608|12.92254,80.14582|12.92251,80.14559|12.9225,80.14536|12.92249,80.14504|12.92249,80.14498|12.92248,80.14446|12.92246,80.14413|12.92246,80.14396|12.922442482312668,80.14313666869542",FALSE,Continuous,Intermediate,34,0.473,Guindy-Tambaram,
GUINDY_TAMBARAM_035,Guindy-Tambaram,Guindy-Tambaram,Guindy_Tambaram.shp,35,17,296.25,12.92244248,80.14313667,12.92237988,80.14040758,12.9223806,80.14177289,At-Grade (Ground),7086.84,6051.57,"12.922442482312668,80.14313666869542","12.92237987682578,80.14040757757365","12.922380602482056,80.1417728943181","12.922442482312668,80.14313666869542|12.92244,80.14302|12.92239,80.14213|12.92238,80.14175|12.92238,80.1414|12.92238,80.14041|12.92237987682578,80.14040757757365",FALSE,Continuous,Intermediate,35,0.296,Guindy-Tambaram,
GUINDY_TAMBARAM_036,Guindy-Tambaram,Guindy-Tambaram,Guindy_Tambaram.shp,36,16,581.58,12.92237988,80.14040758,12.92255,80.13505419,12.92243348,80.13773115,At-Grade (Ground),7260.13,6488.76,"12.92237987682578,80.14040757757365","12.92255,80.13505418901556","12.922433476514158,80.1377311542049","12.92237987682578,80.14040757757365|12.92235,80.13982|12.92235,80.13914|12.92237,80.13877|12.9224,80.13845|12.92242,80.13825|12.92244,80.13748|12.92247,80.13704|12.9225,80.13666|12.92252,80.13609|12.92253,80.13592|12.92253,80.13556|12.92255,80.13506|12.92255,80.13505418901556",FALSE,Continuous,Intermediate,36,0.582,Guindy-Tambaram,
GUINDY_TAMBARAM_037,Guindy-Tambaram,Guindy-Tambaram,Guindy_Tambaram.shp,37,15,260.71,12.92255,80.13505419,12.92266,80.13265499,12.92263353,80.13385586,At-Grade (Ground),7432.26,6907.18,"12.92255,80.13505418901556","12.92266,80.1326549932292","12.922633530497599,80.13385585955042","12.92255,80.13505418901556|12.92255,80.135|12.9226,80.13438|12.92262,80.13414|12.92266,80.1333|12.92266,80.13307|12.92266,80.1326549932292",FALSE,Continuous,Intermediate,37,0.261,Guindy-Tambaram,
GUINDY_TAMBARAM_038,Guindy-Tambaram,Guindy-Tambaram,Guindy_Tambaram.shp,38,14,180.05,12.92266,80.13265499,12.92275004,80.13099794,12.9227038,80.13182643,At-Grade (Ground),7533.52,7126.62,"12.92266,80.1326549932292","12.92275003749647,80.13099793769413","12.922703801947312,80.13182643183141","12.92266,80.1326549932292|12.92266,80.13261|12.92275,80.131|12.92275003749647,80.13099793769413",FALSE,Continuous,Intermediate,38,0.18,Guindy-Tambaram,
GUINDY_TAMBARAM_039,Guindy-Tambaram,Guindy-Tambaram,Guindy_Tambaram.shp,39,13,386.51,12.92275004,80.13099794,12.92288,80.12744,12.92282143,80.12921852,At-Grade (Ground),7668.42,7408.53,"12.92275003749647,80.13099793769413","12.92288,80.12744","12.922821432262461,80.12921851606308","12.92275003749647,80.13099793769413|12.92276,80.13045|12.92279,80.13006|12.9228,80.12984|12.92281,80.12948|12.92282,80.12924|12.92283,80.12909|12.92283,80.12891|12.92283,80.12888|12.92288,80.12823|12.92288,80.12815|12.92288,80.128|12.92287,80.12789|12.92288,80.12744",FALSE,Continuous,Intermediate,39,0.387,Guindy-Tambaram,
GUINDY_TAMBARAM_040,Guindy-Tambaram,Guindy-Tambaram,Guindy_Tambaram.shp,40,33,188.8,12.92288,80.12744,12.92294916,80.12570117,12.92291458,80.12657058,At-Grade (Ground),7815.92,7695.01,"12.92288,80.12744","12.922949158098726,80.12570116780347","12.922914579049362,80.12657058390174","12.92288,80.12744|12.922949158098726,80.12570116780347",FALSE,Continuous,Intermediate,40,0.189,Guindy-Tambaram,
GUINDY_TAMBARAM_041,Guindy-Tambaram,Guindy-Tambaram,Guindy_Tambaram.shp,41,12,1092.7,12.92294916,80.12570117,12.92407,80.11573,12.92322201,80.12067586,At-Grade (Ground),8162.31,8332.55,"12.922949158098726,80.12570116780347","12.92407,80.11573","12.92322201157713,80.12067586107445","12.922949158098726,80.12570116780347|12.92295,80.12568|12.92298,80.12477|12.92299,80.12439|12.92302,80.1241|12.92302,80.12383|12.92306,80.12309|12.92311,80.12216|12.92316,80.12141|12.9232,80.12094|12.92323,80.12058|12.92329,80.11998|12.92334,80.11935|12.92338,80.1191|12.92339,80.11886|12.92341,80.11859|12.92343,80.11842|12.92345,80.1183|12.92345,80.11824|12.92357,80.11775|12.92363,80.11752|12.92368,80.11733|12.9237,80.11724|12.92373,80.11715|12.92378,80.11697|12.92382,80.11679|12.92402,80.11592|12.92407,80.11573",FALSE,Continuous,CORRIDOR_END_NODE,41,1.093,Guindy-Tambaram,
TAMBARAM_GUINDY_001,Guindy-Tambaram,Guindy-Tambaram,Tambaram_Guindy.shp,1,0,1091.65,12.92418,80.11576,12.92306828,80.1257108,12.92331775,80.12068846,At-Grade (Ground),8153.1,8330.8,"12.92418,80.11576","12.923068275151444,80.12571080086705","12.923317745212405,80.12068846294676","12.92418,80.11576|12.92417,80.11578|12.92415,80.11581|12.92414,80.11583|12.92413,80.11586|12.92411,80.11589|12.9241,80.11593|12.92404,80.11618|12.924,80.11632|12.92389,80.11679|12.92385,80.11697|12.9238,80.11714|12.92378,80.11725|12.92375,80.11735|12.9237,80.11755|12.92364,80.11776|12.92362,80.11788|12.92359,80.118|12.92358,80.11803|12.92354,80.11821|12.92351,80.11839|12.92349,80.11857|12.92348,80.11873|12.92346,80.11903|12.92345,80.11911|12.92343,80.11938|12.92342,80.11963|12.92339,80.11989|12.92337,80.12015|12.92337,80.12023|12.92335,80.12034|12.92333,80.12057|12.9233,80.12086|12.92325,80.12181|12.92323,80.1223|12.92322,80.12248|12.92321,80.12256|12.92317,80.12359|12.92312,80.12442|12.92307,80.12568|12.923068275151444,80.12571080086705",FALSE,Continuous,CORRIDOR_START_NODE,1,1.09,Tambaram-Guindy,
TAMBARAM_GUINDY_002,Guindy-Tambaram,Guindy-Tambaram,Tambaram_Guindy.shp,2,12,188.95,12.92306828,80.1257108,12.92298,80.12745,12.92301959,80.12658024,At-Grade (Ground),7805.69,7693.44,"12.923068275151444,80.12571080086705","12.92298,80.12745","12.923019586382871,80.126580243163","12.923068275151444,80.12571080086705|12.923,80.12693|12.92298,80.12733|12.92298,80.12745",FALSE,Continuous,Intermediate,2,0.19,Tambaram-Guindy,
TAMBARAM_GUINDY_003,Guindy-Tambaram,Guindy-Tambaram,Tambaram_Guindy.shp,3,34,384.22,12.92298,80.12745,12.92282,80.1309865,12.92288919,80.12921809,At-Grade (Ground),7662.09,7408.22,"12.92298,80.12745","12.92282,80.13098649531604","12.922889189730444,80.12921809268235","12.92298,80.12745|12.92295,80.12787|12.92294,80.12809|12.92294,80.12819|12.92294,80.12822|12.9229,80.12891|12.92288,80.12948|12.92286,80.12982|12.92285,80.13001|12.92284,80.13006|12.92284,80.13038|12.92282,80.13098|12.92282,80.13098649531604",FALSE,Continuous,Intermediate,3,0.38,Tambaram-Guindy,
TAMBARAM_GUINDY_004,Guindy-Tambaram,Guindy-Tambaram,Tambaram_Guindy.shp,4,13,180.22,12.92282,80.1309865,12.92273873,80.13264418,12.9228058,80.13181685,At-Grade (Ground),7524.29,7127.08,"12.92282,80.13098649531604","12.922738727109495,80.13264418491957","12.922805796107463,80.13181684986272","12.92282,80.13098649531604|12.92282,80.13127|12.9228,80.13204|12.92274,80.13262|12.922738727109495,80.13264418491957",FALSE,Continuous,Intermediate,4,0.18,Tambaram-Guindy,
TAMBARAM_GUINDY_005,Guindy-Tambaram,Guindy-Tambaram,Tambaram_Guindy.shp,5,14,262.37,12.92273873,80.13264418,12.92263998,80.13506017,12.92268458,80.13385208,At-Grade (Ground),7427.5,6907.28,"12.922738727109495,80.13264418491957","12.922639981369647,80.13506016767316","12.92268458334881,80.13385208307025","12.922738727109495,80.13264418491957|12.92272,80.133|12.9227,80.13359|12.92265,80.13444|12.92264,80.13506|12.922639981369647,80.13506016767316",FALSE,Continuous,Intermediate,5,0.26,Tambaram-Guindy,
TAMBARAM_GUINDY_006,Guindy-Tambaram,Guindy-Tambaram,Tambaram_Guindy.shp,6,15,581.15,12.92263998,80.13506017,12.92244952,80.14040827,12.92250941,80.13773416,At-Grade (Ground),7252.42,6487.92,"12.922639981369647,80.13506016767316","12.922449521218681,80.1404082698577","12.9225094101053,80.13773415747279","12.922639981369647,80.13506016767316|12.92261,80.13533|12.9226,80.13587|12.92257,80.13652|12.92255,80.13713|12.92252,80.13748|12.9225,80.13796|12.9225,80.13817|12.92248,80.13841|12.92244,80.13879|12.92243,80.13896|12.92243,80.13914|12.92243,80.13933|12.92242,80.13961|12.92243,80.13993|12.922449521218681,80.1404082698577",FALSE,Continuous,Intermediate,6,0.58,Tambaram-Guindy,
TAMBARAM_GUINDY_007,Guindy-Tambaram,Guindy-Tambaram,Tambaram_Guindy.shp,7,16,294.72,12.92244952,80.14040827,12.92254203,80.14312231,12.92248,80.141766,At-Grade (Ground),7076.97,6051.59,"12.922449521218681,80.1404082698577","12.922542027757938,80.14312230533733","12.92248,80.14176600257592","12.922449521218681,80.1404082698577|12.92245,80.14042|12.92246,80.14114|12.92248,80.14156|12.92248,80.14203|12.9225,80.14244|12.92253,80.14288|12.92254,80.14301|12.92254,80.1431|12.922542027757938,80.14312230533733",FALSE,Continuous,Intermediate,7,0.29,Tambaram-Guindy,
TAMBARAM_GUINDY_008,Guindy-Tambaram,Guindy-Tambaram,Tambaram_Guindy.shp,8,17,471.41,12.92254203,80.14312231,12.92266,80.14746418,12.92261416,80.14529311,At-Grade (Ground),6925.81,5668.8,"12.922542027757938,80.14312230533733","12.92266,80.14746418281356","12.922614155422401,80.14529310844803","12.922542027757938,80.14312230533733|12.92256,80.14332|12.92256,80.1435|12.92257,80.14366|12.92257,80.14383|12.92259,80.14443|12.92261,80.14521|12.92263,80.14561|12.92263,80.14566|12.92265,80.14592|12.92267,80.14662|12.92267,80.14696|12.92266,80.14746|12.92266,80.14746418281356",FALSE,Continuous,Intermediate,8,0.47,Tambaram-Guindy,
TAMBARAM_GUINDY_009,Guindy-Tambaram,Guindy-Tambaram,Tambaram_Guindy.shp,9,18,476.91,12.92266,80.14746418,12.92277,80.15185466,12.92271687,80.14965831,At-Grade (Ground),6770.84,5195.58,"12.92266,80.14746418281356","12.92277,80.15185465583288","12.922716867211546,80.14965830899052","12.92266,80.14746418281356|12.92266,80.14767|12.92266,80.14797|12.92265,80.14824|12.92265,80.14827|12.92265,80.14836|12.92265,80.14846|12.92264,80.14859|12.92265,80.14883|12.92268,80.14907|12.92269,80.14922|12.9227,80.14938|12.92272,80.14971|12.92273,80.14998|12.92274,80.15026|12.92275,80.15069|12.92276,80.15081|12.92276,80.15096|12.92277,80.15116|12.92276,80.15144|12.92277,80.15175|12.92277,80.15185465583288",FALSE,Continuous,Intermediate,9,0.48,Tambaram-Guindy,
TAMBARAM_GUINDY_010,Guindy-Tambaram,Guindy-Tambaram,Tambaram_Guindy.shp,10,19,352.97,12.92277,80.15185466,12.92352002,80.15501009,12.92312369,80.15343431,At-Grade (Ground),6626.77,4783.81,"12.92277,80.15185465583288","12.923520021942615,80.15501008777046","12.923123685667537,80.15343431151832","12.92277,80.15185465583288|12.92277,80.15186|12.92278,80.152|12.92278,80.15203|12.92281,80.15223|12.92281,80.15226|12.92282,80.1523|12.92286,80.1525|12.92295,80.15288|12.92304,80.15313|12.92315,80.15353|12.92322,80.15383|12.92343,80.15464|12.92352,80.15501|12.923520021942615,80.15501008777046",FALSE,Continuous,Intermediate,10,0.35,Tambaram-Guindy,
TAMBARAM_GUINDY_011,Guindy-Tambaram,Guindy-Tambaram,Tambaram_Guindy.shp,11,20,607.45,12.92352002,80.15501009,12.92326601,80.16054276,12.92361877,80.15777477,At-Grade (Ground),6271.88,4310.36,"12.923520021942615,80.15501008777046","12.92326601291652,80.16054275866713","12.923618768894617,80.15777477326459","12.923520021942615,80.15501008777046|12.92363,80.15545|12.92372,80.15579|12.92374,80.15587|12.92375,80.15595|12.92375,80.15602|12.92375,80.15618|12.92364,80.15746|12.92362,80.15776|12.92359,80.15812|12.92358,80.15819|12.92354,80.15856|12.92352,80.15883|12.9235,80.15899|12.92349,80.15911|12.92347,80.15939|12.92347,80.15942|12.92345,80.15958|12.92345,80.15969|12.92343,80.15985|12.92342,80.15989|12.9234,80.16001|12.9234,80.16002|12.92338,80.16014|12.92336,80.16021|12.92329,80.16047|12.92328,80.16049|12.92327,80.16053|12.92326601291652,80.16054275866713",FALSE,Continuous,Intermediate,11,0.61,Tambaram-Guindy,
TAMBARAM_GUINDY_012,Guindy-Tambaram,Guindy-Tambaram,Tambaram_Guindy.shp,12,21,251.26,12.92326601,80.16054276,12.92255,80.16274,12.92291258,80.16164303,At-Grade (Ground),5934.19,3897.79,"12.92326601291652,80.16054275866713","12.92255,80.16274","12.922912584127708,80.16164303412486","12.92326601291652,80.16054275866713|12.92307,80.16117|12.92306,80.16121|12.9229,80.16168|12.92257,80.1627|12.92255,80.16274",FALSE,Continuous,Intermediate,12,0.25,Tambaram-Guindy,
TAMBARAM_GUINDY_013,Guindy-Tambaram,Guindy-Tambaram,Tambaram_Guindy.shp,13,35,590.36,12.92255,80.16274,12.92089,80.16791,12.92172603,80.16532656,At-Grade (Ground),5653.4,3515.38,"12.92255,80.16274","12.92089,80.16791","12.921726032640974,80.16532655786342","12.92255,80.16274|12.92247,80.16298|12.92247,80.163|12.92238,80.16327|12.92231,80.16347|12.92224,80.16368|12.92219,80.16385|12.92214,80.16402|12.92205,80.1643|12.92196,80.16458|12.92185,80.16493|12.9218,80.16508|12.92171,80.16538|12.92161,80.16566|12.92153,80.1659|12.92127,80.16672|12.92116,80.16704|12.92106,80.16733|12.92096,80.16767|12.92089,80.16791",FALSE,Continuous,Intermediate,13,0.59,Tambaram-Guindy,
TAMBARAM_GUINDY_014,Guindy-Tambaram,Guindy-Tambaram,Tambaram_Guindy.shp,14,36,398.92,12.92089,80.16791,12.91978296,80.1714089,12.92033171,80.1696582,At-Grade (Ground),5346.66,3078.42,"12.92089,80.16791","12.919782960068021,80.17140889974492","12.920331706009293,80.1696581995684","12.92089,80.16791|12.92077,80.16829|12.92066,80.16862|12.92039,80.16946|12.92024,80.16997|12.9201,80.17037|12.92005,80.17053|12.91999,80.17072|12.91986,80.17112|12.919782960068021,80.17140889974492",FALSE,Continuous,Intermediate,14,0.4,Tambaram-Guindy,
TAMBARAM_GUINDY_015,Guindy-Tambaram,Guindy-Tambaram,Tambaram_Guindy.shp,15,22,583.36,12.91978296,80.1714089,12.91845009,80.17660947,12.91907849,80.17400007,At-Grade (Ground),5058.8,2656.07,"12.919782960068021,80.17140889974492","12.918450091672309,80.17660947288422","12.919078492548767,80.17400007085067","12.919782960068021,80.17140889974492|12.91978,80.17142|12.91969,80.17173|12.91952,80.17235|12.91936,80.17295|12.91915,80.17372|12.91903,80.17419|12.91894,80.17454|12.91892,80.17464|12.91891,80.17467|12.91886,80.17486|12.91871,80.17552|12.91859,80.17597|12.91853,80.17618|12.91849,80.17638|12.918450091672309,80.17660947288422",FALSE,Continuous,Intermediate,15,0.58,Tambaram-Guindy,
TAMBARAM_GUINDY_016,Guindy-Tambaram,Guindy-Tambaram,Tambaram_Guindy.shp,16,23,274.3,12.91845009,80.17660947,12.9189358,80.17891496,12.91828486,80.17785374,At-Grade (Ground),4806.29,2290.67,"12.918450091672309,80.17660947288422","12.9189357973208,80.17891495678496","12.918284859783935,80.1778537380554","12.918450091672309,80.17660947288422|12.91845,80.17661|12.91835,80.17711|12.91829,80.17743|12.91828,80.17758|12.91828,80.17771|12.91828,80.17781|12.91829,80.1779|12.9183,80.17796|12.91832,80.17802|12.91836,80.17812|12.91842,80.17821|12.91884,80.1788|12.9189357973208,80.17891495678496",FALSE,Continuous,Intermediate,16,0.27,Tambaram-Guindy,
TAMBARAM_GUINDY_017,Guindy-Tambaram,Guindy-Tambaram,Tambaram_Guindy.shp,17,24,184.81,12.9189358,80.17891496,12.91953959,80.18047817,12.91933057,80.17965559,At-Grade (Ground),4585.58,2066.38,"12.9189357973208,80.17891495678496","12.919539594326043,80.1804781744672","12.919330567955228,80.17965559027463","12.9189357973208,80.17891495678496|12.91894,80.17892|12.91901,80.17905|12.91914,80.17919|12.9192,80.17932|12.91923,80.17938|12.91926,80.17948|12.9193,80.17957|12.91935,80.17971|12.91939,80.17984|12.91941,80.17993|12.91944,80.18005|12.9195,80.18031|12.91952,80.18039|12.919539594326043,80.1804781744672",FALSE,Continuous,Intermediate,17,0.18,Tambaram-Guindy,
TAMBARAM_GUINDY_018,Guindy-Tambaram,Guindy-Tambaram,Tambaram_Guindy.shp,18,28,2103.24,12.91953959,80.18047817,12.92073486,80.19676455,12.91797793,80.18910325,At-Grade (Ground),4045.91,1269.77,"12.919539594326043,80.1804781744672","12.9207348610704,80.19676454930726","12.917977934892255,80.1891032451693","12.919539594326043,80.1804781744672|12.91954,80.18048|12.91954,80.18052|12.91962,80.18086|12.91974,80.18138|12.91976,80.18147|12.91976,80.18148|12.9198,80.18166|12.91983,80.18181|12.91984,80.18184|12.91988,80.18202|12.91992,80.1822|12.91995,80.18238|12.91997,80.18245|12.91999,80.18255|12.91999,80.18256|12.92001,80.18265|12.92004,80.18274|12.92008,80.18292|12.92012,80.1831|12.92014,80.18319|12.92016,80.18328|12.92022,80.18354|12.92024,80.18363|12.92024,80.18364|12.92026,80.18372|12.92028,80.18382|12.9203,80.18392|12.92032,80.18397|12.92032,80.18398|12.92032,80.184|12.9204,80.18436|12.92042,80.18442|12.92043,80.18447|12.92047,80.18468|12.92048,80.1847|12.92052,80.18488|12.92054,80.18497|12.92058,80.18515|12.92059,80.18523|12.9206,80.18529|12.92061,80.18533|12.92061,80.18535|12.92061,80.1854|12.92061,80.18545|12.92061,80.1855|12.9206,80.18551|12.9206,80.18554|12.92059,80.18559|12.92057,80.18569|12.92056,80.18572|12.92054,80.18576|12.92053,80.1858|12.92051,80.18584|12.92049,80.18588|12.92042,80.18597|12.92041,80.18599|12.92038,80.18603|12.92033,80.18611|12.92031,80.18614|12.92022,80.18625|12.9202,80.18629|12.9201,80.18642|12.92009,80.18643|12.92006,80.18646|12.91998,80.18656|12.91997,80.18657|12.91962,80.187|12.91951,80.18714|12.9195,80.18714|12.91948,80.18716|12.9194,80.18727|12.91939,80.18728|12.91937,80.18731|12.91929,80.18741|12.91926,80.18745|12.91923,80.18748|12.91919,80.18754|12.91914,80.18761|12.91912,80.18763|12.91901,80.18777|12.919,80.18778|12.91896,80.18783|12.9189,80.18791|12.91878,80.18806|12.91867,80.1882|12.91867,80.18821|12.91856,80.18835|12.91852,80.1884|12.91847,80.18846|12.91846,80.18847|12.91836,80.1886|12.91835,80.18861|12.91798,80.1891|12.91784,80.18932|12.91783,80.18934|12.91772,80.18958|12.91768,80.18966|12.91762,80.18983|12.91761,80.18984|12.91761,80.18985|12.91756,80.19|12.91752,80.19016|12.91752,80.19017|12.91752,80.19018|12.91748,80.19036|12.91748,80.19038|12.91746,80.19056|12.91744,80.19074|12.91742,80.19094|12.91741,80.19111|12.91739,80.19126|12.91739,80.19128|12.91739,80.1913|12.91735,80.19169|12.91733,80.1918|12.91732,80.19192|12.9173,80.1921|12.91728,80.19226|12.91726,80.19242|12.91726,80.19246|12.91725,80.19257|12.91723,80.19278|12.91721,80.19296|12.9172,80.19315|12.91718,80.19333|12.91718,80.1934|12.91717,80.19347|12.91716,80.19365|12.91715,80.19371|12.91715,80.1938|12.91715,80.19383|12.91715,80.19385|12.91716,80.1939|12.91716,80.19394|12.91718,80.194|12.91718,80.19401|12.9172,80.19407|12.91721,80.1941|12.91725,80.19418|12.91726,80.1942|12.91728,80.19423|12.9173,80.19427|12.91731,80.19428|12.91738,80.19438|12.91741,80.19441|12.91747,80.19448|12.9175,80.19451|12.91751,80.19452|12.91756,80.19457|12.91763,80.19463|12.91764,80.19464|12.91767,80.19467|12.91776,80.19476|12.91777,80.19477|12.91778,80.19477|12.9179,80.19487|12.91794,80.19491|12.91804,80.19501|12.91817,80.19513|12.91824,80.19519|12.9183,80.19525|12.91844,80.19538|12.91857,80.19551|12.91859,80.19552|12.9186,80.19553|12.91864,80.19557|12.91871,80.19563|12.91874,80.19566|12.91878,80.19569|12.91888,80.1958|12.91891,80.19582|12.91904,80.19594|12.91913,80.19602|12.91933,80.19617|12.91944,80.19624|12.91953,80.19629|12.91971,80.19638|12.9198,80.19642|12.91997,80.19649|12.92015,80.19655|12.92026,80.19659|12.92034,80.19662|12.9204,80.19664|12.92046,80.19666|12.92072,80.19676|12.9207348610704,80.19676454930726",FALSE,Continuous,Intermediate,18,2.1,Tambaram-Guindy,
TAMBARAM_GUINDY_019,Guindy-Tambaram,Guindy-Tambaram,Tambaram_Guindy.shp,19,25,175.92,12.92073486,80.19676455,12.92224793,80.19725436,12.92148993,80.19701767,At-Grade (Ground),3285.21,505.92,"12.9207348610704,80.19676454930726","12.922247928385344,80.19725435712594","12.921489934849118,80.19701766724965","12.9207348610704,80.19676454930726|12.92121,80.19691|12.92173,80.19711|12.92176,80.19712|12.92201,80.19721|12.9222,80.19725|12.922247928385344,80.19725435712594",FALSE,Continuous,Intermediate,19,0.18,Tambaram-Guindy,
TAMBARAM_GUINDY_020,Guindy-Tambaram,Guindy-Tambaram,Tambaram_Guindy.shp,20,38,430.67,12.92224793,80.19725436,12.92612931,80.19747993,12.92418306,80.19744,At-Grade (Ground),2996.9,206.09,"12.922247928385344,80.19725435712594","12.926129305484674,80.19747993054847","12.92418306308341,80.19744","12.922247928385344,80.19725435712594|12.92231,80.19726|12.92242,80.19728|12.92254,80.19729|12.92268,80.19732|12.92277,80.19733|12.92292,80.19735|12.923328685878682,80.19739983974131|12.92333,80.1974|12.92342,80.19741|12.92385,80.19744|12.92455,80.19744|12.92479,80.19744|12.92498,80.19745|12.92511,80.19745|12.92541,80.19746|12.92561,80.19746|12.92567,80.19746|12.92603,80.19747|12.926129305484674,80.19747993054847",FALSE,Continuous,Intermediate,20,0.43,Tambaram-Guindy,
TAMBARAM_GUINDY_021,Guindy-Tambaram,Guindy-Tambaram,Tambaram_Guindy.shp,21,26,603.42,12.92612931,80.19747993,12.92858902,80.2018278,12.92816958,80.19911974,At-Grade (Ground),2521.24,228.05,"12.926129305484674,80.19747993054847","12.928589024271645,80.20182780339557","12.928169578393216,80.19911973576458","12.926129305484674,80.19747993054847|12.92613,80.19748|12.92635,80.19753|12.92668,80.19761|12.92682,80.19768|12.92704,80.19779|12.92731,80.19794|12.92742,80.19801|12.92751,80.19809|12.9276,80.19816|12.92767,80.19823|12.92785,80.19848|12.928,80.19879|12.92818,80.19914|12.92827,80.19934|12.92833,80.19953|12.92837,80.19964|12.9284,80.19973|12.92847,80.20003|12.9285,80.20021|12.92851,80.20036|12.92853,80.20064|12.92854,80.20092|12.92857,80.20159|12.928589024271645,80.20182780339557",FALSE,Continuous,Intermediate,21,0.6,Tambaram-Guindy,
TAMBARAM_GUINDY_022,Guindy-Tambaram,Guindy-Tambaram,Tambaram_Guindy.shp,22,11,587.04,12.92858902,80.2018278,12.93312764,80.20366334,12.93059323,80.2028593,At-Grade (Ground),2110.66,173.58,"12.928589024271645,80.20182780339557","12.933127637808017,80.203663341541","12.93059323117552,80.20285929870228","12.928589024271645,80.20182780339557|12.92859,80.20184|12.92859,80.20202|12.9286,80.2022|12.92861,80.20228|12.92862,80.20237|12.92864,80.20245|12.92866,80.20249|12.92868,80.20253|12.92869,80.20254|12.92875,80.20257|12.92881,80.20258|12.92887,80.2026|12.929,80.20262|12.92939,80.20268|12.92947,80.20269|12.93008,80.20278|12.93042,80.20283|12.93053,80.20285|12.93087,80.2029|12.93097,80.20294|12.93108,80.20298|12.93132,80.20306|12.93137,80.20308|12.93158,80.20315|12.93224,80.20336|12.93238,80.2034|12.93263,80.20349|12.93301,80.20362|12.93312,80.20366|12.933127637808017,80.203663341541",FALSE,Continuous,Intermediate,22,0.59,Tambaram-Guindy,
TAMBARAM_GUINDY_023,Guindy-Tambaram,Guindy-Tambaram,Tambaram_Guindy.shp,23,10,128.18,12.93312764,80.20366334,12.93425647,80.20389301,12.93368246,80.20382332,At-Grade (Ground),1754.28,9.3,"12.933127637808017,80.203663341541","12.934256466573087,80.20389301219177","12.933682464365292,80.20382332383073","12.933127637808017,80.203663341541|12.93328,80.20373|12.93342,80.20377|12.93359,80.20381|12.93367,80.20382|12.93382,80.20386|12.9341,80.20388|12.93421,80.20389|12.934256466573087,80.20389301219177",FALSE,Continuous,Intermediate,23,0.13,Tambaram-Guindy,
TAMBARAM_GUINDY_024,Guindy-Tambaram,Guindy-Tambaram,Tambaram_Guindy.shp,24,9,470.78,12.93425647,80.20389301,12.93833413,80.20506589,12.9362722,80.20452862,At-Grade (Ground),1460.17,276.94,"12.934256466573087,80.20389301219177","12.938334132505805,80.20506588620522","12.936272202474614,80.20452862187518","12.934256466573087,80.20389301219177|12.93474,80.20396|12.93493,80.20401|12.93503,80.20404|12.93514,80.20408|12.93525,80.20411|12.93533,80.20414|12.93539,80.20418|12.93547,80.20422|12.93557,80.20429|12.93565,80.20432|12.93573,80.20435|12.93579,80.20438|12.93588,80.20441|12.9361,80.20448|12.93695,80.20472|12.93721,80.20477|12.93744,80.20484|12.93774,80.20492|12.93808,80.205|12.938334132505805,80.20506588620522",FALSE,Continuous,Intermediate,24,0.47,Tambaram-Guindy,
TAMBARAM_GUINDY_025,Guindy-Tambaram,Guindy-Tambaram,Tambaram_Guindy.shp,25,8,560.4,12.93833413,80.20506589,12.94280787,80.20728484,12.94076097,80.2058234,At-Grade (Ground),950.3,42.24,"12.938334132505805,80.20506588620522","12.942807868239102,80.20728483529888","12.940760967841092,80.2058233966311","12.938334132505805,80.20506588620522|12.93835,80.20507|12.93867,80.20517|12.93877,80.20521|12.93904,80.20529|12.93945,80.20543|12.93956,80.20546|12.94,80.20559|12.94003,80.2056|12.9401,80.20562|12.94014,80.20563|12.94039,80.20571|12.94069,80.20579|12.94086,80.20587|12.94096,80.2059|12.94105,80.20594|12.94116,80.20599|12.94132,80.20608|12.94152,80.2062|12.94166,80.20628|12.94177,80.20636|12.94184,80.2064|12.94265,80.20708|12.94268,80.20712|12.94278,80.20725|12.942807868239102,80.20728483529888",FALSE,Continuous,Intermediate,25,0.56,Tambaram-Guindy,
TAMBARAM_GUINDY_026,Guindy-Tambaram,Guindy-Tambaram,Tambaram_Guindy.shp,26,7,182.41,12.94280787,80.20728484,12.94412,80.20823,12.94336384,80.2078903,At-Grade (Ground),596.61,107.54,"12.942807868239102,80.20728483529888","12.94412,80.20823","12.943363836141705,80.20789030168503","12.942807868239102,80.20728483529888|12.94282,80.2073|12.94295,80.20748|12.94302,80.20757|12.94308,80.20765|12.94314,80.20772|12.9432,80.20778|12.94328,80.20784|12.94348,80.20796|12.94359,80.20801|12.94384,80.20811|12.94397,80.20817|12.944100504890882,80.20822220195635|12.94412,80.20823",FALSE,Continuous,Intermediate,26,0.18,Tambaram-Guindy,
TAMBARAM_GUINDY_027,Guindy-Tambaram,Guindy-Tambaram,Tambaram_Guindy.shp,27,31,848.34,12.94412,80.20823,12.95127748,80.21103299,12.94769938,80.20963156,At-Grade (Ground),82.76,82.51,"12.94412,80.20823","12.951277480271221,80.21103299210849","12.947699383491722,80.20963155663286","12.94412,80.20823|12.94434,80.20832|12.94447,80.20836|12.94503,80.20857|12.94548,80.20874|12.94564,80.2088|12.94573,80.20884|12.94598,80.20894|12.94613,80.20901|12.94645,80.20913|12.9468,80.20927|12.94746,80.20953|12.94779,80.20967|12.94831,80.20985|12.94841,80.20989|12.9485,80.20993|12.94864,80.20999|12.94871,80.21001|12.94933,80.21027|12.9496,80.21037|12.94972,80.21041|12.94975,80.21043|12.95011,80.21057|12.95022,80.21061|12.9506,80.21076|12.95096,80.21091|12.95127,80.21103|12.951277480271221,80.21103299210849",FALSE,Continuous,Intermediate,27,0.85,Tambaram-Guindy,
TAMBARAM_GUINDY_028,Guindy-Tambaram,Guindy-Tambaram,Tambaram_Guindy.shp,28,27,249.47,12.95127748,80.21103299,12.95337432,80.21187048,12.95232462,80.21145487,At-Grade (Ground),440.76,128.25,"12.951277480271221,80.21103299210849","12.953374319719938,80.21187048120588","12.952324618665587,80.21145487288852","12.951277480271221,80.21103299210849|12.95132,80.21105|12.95137,80.21106|12.95141,80.21108|12.95146,80.2111|12.95162,80.21116|12.95178,80.21124|12.95193,80.2113|12.95204,80.21134|12.95216,80.21139|12.95225,80.21143|12.9524,80.21148|12.95248,80.21151|12.95254,80.21154|12.9528,80.21163|12.95293,80.21169|12.95313,80.21176|12.95318,80.21179|12.95332,80.21185|12.953374319719938,80.21187048120588",FALSE,Continuous,Intermediate,28,0.25,Tambaram-Guindy,
TAMBARAM_GUINDY_029,Guindy-Tambaram,Guindy-Tambaram,Tambaram_Guindy.shp,29,30,709.75,12.95337432,80.21187048,12.95934941,80.21424979,12.95636759,80.21304671,At-Grade (Ground),849.88,351.3,"12.953374319719938,80.21187048120588","12.95934941325028,80.21424978663647","12.956367592472095,80.21304671404364","12.953374319719938,80.21187048120588|12.95393,80.21208|12.95433,80.21225|12.95469,80.2124|12.9554,80.21267|12.95543,80.21268|12.95547,80.2127|12.95555,80.21273|12.95564,80.21276|12.95568,80.21277|12.9565,80.2131|12.95697,80.21328|12.95726,80.2134|12.95759,80.21353|12.95777,80.21363|12.95924,80.21421|12.95934941325028,80.21424978663647",FALSE,Continuous,Intermediate,29,0.71,Tambaram-Guindy,
TAMBARAM_GUINDY_030,Guindy-Tambaram,Guindy-Tambaram,Tambaram_Guindy.shp,30,33,489,12.95934941,80.21424979,12.96346548,80.2158942,12.96140059,80.21508845,At-Grade (Ground),250.89,244.02,"12.95934941325028,80.21424978663647","12.963465480988765,80.21589419734423","12.961400591365123,80.21508844660774","12.95934941325028,80.21424978663647|12.959354231345765,80.2142514104486|12.95941,80.21427|12.95945,80.21429|12.95952,80.21432|12.95957,80.21434|12.96007,80.21455|12.96041,80.2147|12.96063,80.21479|12.96115,80.21499|12.96143,80.2151|12.96165,80.21519|12.96196,80.21531|12.9629,80.21568|12.963465480988765,80.21589419734423",FALSE,Continuous,Intermediate,30,0.49,Tambaram-Guindy,
TAMBARAM_GUINDY_031,Guindy-Tambaram,Guindy-Tambaram,Tambaram_Guindy.shp,31,6,1016.4,12.96346548,80.2158942,12.97203133,80.21927711,12.96774001,80.217606,At-Grade (Ground),500.89,416.65,"12.963465480988765,80.21589419734423","12.972031327494841,80.21927710916495","12.96774000724129,80.21760600289652","12.963465480988765,80.21589419734423|12.96356,80.21593|12.96367,80.21597|12.96378,80.21601|12.96384,80.21604|12.96403,80.21611|12.96453,80.21634|12.96479,80.21644|12.96501,80.21653|12.96533,80.21666|12.96534,80.21666|12.96568,80.21679|12.96618,80.21699|12.96639,80.21707|12.96668,80.21719|12.96691,80.21727|12.96728,80.21742|12.96739,80.21747|12.96745,80.21749|12.9679,80.21767|12.96808,80.21774|12.96896,80.21809|12.9695,80.2183|12.96985,80.21845|12.97039,80.21868|12.97049,80.21872|12.97055,80.21875|12.9707,80.21881|12.97082,80.21885|12.97145,80.21907|12.97171,80.21917|12.972031327494841,80.21927710916495",FALSE,Continuous,Intermediate,31,1.02,Tambaram-Guindy,
TAMBARAM_GUINDY_032,Guindy-Tambaram,Guindy-Tambaram,Tambaram_Guindy.shp,32,32,403.36,12.97203133,80.21927711,12.97541282,80.22045859,12.97372988,80.21994994,At-Grade (Ground),295.93,185.21,"12.972031327494841,80.21927710916495","12.975412819619498,80.22045859019025","12.973729878354236,80.21994993917713","12.972031327494841,80.21927710916495|12.972046323360162,80.21928210778673|12.97219,80.21933|12.97312,80.21968|12.97325,80.21973|12.97343,80.2198|12.97347,80.21982|12.97377,80.21997|12.97459,80.22031|12.97492,80.22046|12.97505,80.22051|12.97516,80.22056|12.97533,80.2205|12.97536,80.22049|12.97539,80.22047|12.975412819619498,80.22045859019025",FALSE,Continuous,Intermediate,32,0.4,Tambaram-Guindy,
TAMBARAM_GUINDY_033,Guindy-Tambaram,Guindy-Tambaram,Tambaram_Guindy.shp,33,5,319.51,12.97541282,80.22045859,12.97801279,80.21922101,12.9766672,80.21976078,At-Grade (Ground),182.14,162.26,"12.975412819619498,80.22045859019025","12.978012793836974,80.21922101201837","12.976667195846415,80.21976077966515","12.975412819619498,80.22045859019025|12.97543,80.22045|12.97548,80.22042|12.97562,80.2203|12.97575,80.2202|12.97581,80.22015|12.97589,80.2201|12.97596,80.22006|12.97601,80.22002|12.97607,80.21999|12.97629,80.21991|12.9772,80.21955|12.978012793836974,80.21922101201837",FALSE,Continuous,Intermediate,33,0.32,Tambaram-Guindy,
TAMBARAM_GUINDY_034,Guindy-Tambaram,Guindy-Tambaram,Tambaram_Guindy.shp,34,37,1076.36,12.97801279,80.21922101,12.98744937,80.21827977,12.98262864,80.21786137,At-Grade (Ground),533.27,145.04,"12.978012793836974,80.21922101201837","12.987449370890264,80.21827977123282","12.982628639953406,80.21786137207724","12.978012793836974,80.21922101201837|12.97804,80.21921|12.97814,80.21917|12.97863,80.21896|12.97877,80.21891|12.97887,80.21887|12.97942,80.21865|12.9795,80.21863|12.9796,80.21858|12.97973,80.21854|12.98008,80.21839|12.98009,80.21839|12.98011,80.21838|12.98014,80.21837|12.98017,80.21837|12.98019,80.21837|12.98021,80.21837|12.98026,80.2184|12.98051,80.21829|12.98075,80.21821|12.98083,80.21818|12.98087,80.21817|12.98109,80.2181|12.98117,80.21808|12.98133,80.21803|12.98147,80.21799|12.9816,80.21795|12.98171,80.21793|12.98174,80.21792|12.98183,80.21791|12.98199,80.2179|12.98209,80.21789|12.98221,80.21788|12.9824,80.21787|12.98293,80.21785|12.98306,80.21785|12.98328,80.21784|12.98333,80.21785|12.98337,80.21785|12.9835,80.21784|12.98396,80.21786|12.98418,80.21786|12.98422,80.21786|12.98436,80.21786|12.98448,80.21786|12.98478,80.21785|12.98496,80.21785|12.98527,80.21785|12.98538,80.21785|12.98551,80.21786|12.98566,80.21787|12.98585,80.21791|12.98599,80.21794|12.98623,80.218|12.98659,80.21809|12.98665,80.2181|12.98703,80.21818|12.98715,80.21821|12.98734,80.21824|12.987449370890264,80.21827977123282",FALSE,Continuous,Intermediate,34,1.08,Tambaram-Guindy,
TAMBARAM_GUINDY_035,Guindy-Tambaram,Guindy-Tambaram,Tambaram_Guindy.shp,35,4,242.91,12.98744937,80.21827977,12.98955829,80.21888265,12.98852217,80.21852127,At-Grade (Ground),121.74,137.27,"12.987449370890264,80.21827977123282","12.989558294591566,80.2188826542693","12.988522168462806,80.21852126964527","12.987449370890264,80.21827977123282|12.98745,80.21828|12.98786,80.21838|12.98805,80.21842|12.98831,80.21847|12.98843,80.2185|12.98856,80.21853|12.98863,80.21854|12.98873,80.21857|12.98886,80.21861|12.9889,80.21863|12.98917,80.21874|12.98955,80.21888|12.989558294591566,80.2188826542693",FALSE,Continuous,Intermediate,35,0.24,Tambaram-Guindy,
TAMBARAM_GUINDY_036,Guindy-Tambaram,Guindy-Tambaram,Tambaram_Guindy.shp,36,3,229.87,12.98955829,80.21888265,12.99150992,80.21957989,12.9905474,80.21920912,At-Grade (Ground),101.76,65.89,"12.989558294591566,80.2188826542693","12.991509924299894,80.21957988644984","12.990547403685094,80.21920911725293","12.989558294591566,80.2188826542693|12.99005,80.21904|12.99055,80.21921|12.99106,80.21938|12.99125,80.21944|12.99143,80.21951|12.99147,80.21953|12.99149,80.21955|12.991509924299894,80.21957988644984",FALSE,Continuous,Intermediate,36,0.23,Tambaram-Guindy,
TAMBARAM_GUINDY_037,Guindy-Tambaram,Guindy-Tambaram,Tambaram_Guindy.shp,37,2,734.52,12.99150992,80.21957989,12.99725366,80.2164802,12.99421177,80.21762503,At-Grade (Ground),351.36,367.67,"12.991509924299894,80.21957988644984","12.997253655123451,80.21648020306242","12.994211771535454,80.21762503206938","12.991509924299894,80.21957988644984|12.99151,80.21958|12.99185,80.21932|12.99214,80.21912|12.99279,80.21866|12.99289,80.21859|12.99292,80.21856|12.99373,80.21796|12.99382,80.21791|12.99388,80.21787|12.99403,80.21775|12.99435,80.21753|12.99472,80.21728|12.99484,80.21719|12.99494,80.2171|12.99498,80.21707|12.99524,80.21691|12.9953,80.21686|12.99536,80.21683|12.99562,80.21672|12.9961,80.2166|12.99661,80.21653|12.99674,80.21652|12.99692,80.2165|12.99703,80.21649|12.99725,80.21648|12.997253655123451,80.21648020306242",FALSE,Continuous,Intermediate,37,0.73,Tambaram-Guindy,
TAMBARAM_GUINDY_038,Guindy-Tambaram,Guindy-Tambaram,Tambaram_Guindy.shp,38,1,1165.27,12.99725366,80.2164802,13.00669426,80.22067213,13.00188889,80.21884693,At-Grade (Ground),571.43,351.74,"12.997253655123451,80.21648020306242","13.006694261336888,80.22067213066845","13.001888886224238,80.21884692842539","12.997253655123451,80.21648020306242|12.99743,80.21649|12.99765,80.21651|12.99783,80.21654|12.99808,80.21659|12.99827,80.21665|12.99836,80.21668|12.99849,80.21674|12.9986,80.21679|12.99897,80.21698|12.9993,80.21713|12.99949,80.21723|12.99953,80.21726|12.9996,80.2173|12.99965,80.21733|12.99989,80.21748|13.00035,80.21775|13.0008,80.21806|13.00099,80.21818|13.00124,80.21834|13.00134,80.2184|13.00137,80.21842|13.00152,80.21851|13.00163,80.2186|13.00172,80.21867|13.00193,80.21889|13.00222,80.21921|13.00242,80.21943|13.00257,80.21958|13.00263,80.21963|13.00285,80.21975|13.00305,80.21983|13.00319,80.21988|13.00341,80.21994|13.0037,80.22|13.0038,80.22003|13.00419,80.22011|13.00467,80.2202|13.00471,80.22021|13.00504,80.2203|13.0053,80.22036|13.0059,80.2205|13.00619,80.22056|13.00625,80.22057|13.00669,80.22067|13.006694261336888,80.22067213066845",FALSE,Continuous,Intermediate,38,1.17,Tambaram-Guindy,
TAMBARAM_GUINDY_039,Guindy-Tambaram,Guindy-Tambaram,Tambaram_Guindy.shp,39,29,585.35,13.00669426,80.22067213,13.01138,80.22314,13.00903257,80.22192791,At-Grade (Ground),298.79,187.11,"13.006694261336888,80.22067213066845","13.01138,80.22314","13.009032574882205,80.22192790949299","13.006694261336888,80.22067213066845|13.00691,80.22078|13.00694,80.22081|13.00697,80.22082|13.00712,80.22091|13.00726,80.221|13.00733,80.22104|13.00767,80.22122|13.0082,80.22149|13.00856,80.22167|13.00863,80.22171|13.00875,80.22177|13.00909,80.22196|13.00918,80.22201|13.0092,80.22202|13.00922,80.22203|13.00926,80.22205|13.00944,80.22216|13.0096,80.22225|13.00986,80.22238|13.01077,80.22286|13.01085,80.2229|13.01105,80.22299|13.0111,80.22302|13.01127,80.22313|13.01129,80.22313|13.01133,80.22315|13.01137,80.22314|13.01138,80.22314",FALSE,Continuous,CORRIDOR_END_NODE,39,0.59,Tambaram-Guindy,
CENTRAL_PUZHAL_001,Puzhal-Central,Puzhal-Central,Central_Puzhal.shp,1,0,523.95,13.08194,80.27624,13.08664296,80.2756597,13.08429115,80.27594777,At-Grade (Ground),296.23,192.13,"13.08194,80.27624","13.086642958278972,80.2756596981348","13.084291154131941,80.27594776659085","13.08194,80.27624|13.08235,80.2762|13.08287,80.27614|13.08494,80.27586|13.08541,80.27581|13.08664,80.27566|13.086642958278972,80.2756596981348",FALSE,Continuous,CORRIDOR_START_NODE,1,1.063,Central-Puzhal,
CENTRAL_PUZHAL_002,Puzhal-Central,Puzhal-Central,Central_Puzhal.shp,2,25,538.53,13.08664296,80.2756597,13.09148655,80.2751715,13.08906232,80.27538274,At-Grade (Ground),360.54,261.44,"13.086642958278972,80.2756596981348","13.091486548073847,80.27517150437035","13.089062323534169,80.27538273716368","13.086642958278972,80.2756596981348|13.08713,80.27561|13.08804,80.2755|13.08829,80.27547|13.08874,80.27542|13.09047,80.27522|13.09067,80.2752|13.09147,80.27517|13.091486548073847,80.27517150437035",FALSE,Continuous,Intermediate,2,1.063,Central-Puzhal,
CENTRAL_PUZHAL_003,Puzhal-Central,Puzhal-Central,Central_Puzhal.shp,3,21,99.8,13.09148655,80.2751715,13.09238763,80.27521751,13.09193711,80.27519448,At-Grade (Ground),43.89,2.29,"13.091486548073847,80.27517150437035","13.092387625599173,80.27521751395547","13.091937112817961,80.27519447754668","13.091486548073847,80.27517150437035|13.09158,80.27518|13.09232,80.27521|13.092387625599173,80.27521751395547",FALSE,Continuous,Intermediate,3,0.1,Central-Puzhal,
CENTRAL_PUZHAL_004,Puzhal-Central,Puzhal-Central,Central_Puzhal.shp,4,20,351.01,13.09238763,80.27521751,13.09556094,80.27518,13.09397408,80.27519,At-Grade (Ground),183.16,223.52,"13.092387625599173,80.27521751395547","13.095560940973979,80.27518","13.093974078329737,80.27519","13.092387625599173,80.27521751395547|13.09241,80.27522|13.09273,80.27521|13.09345,80.2752|13.09387,80.27519|13.094,80.27519|13.09409,80.27519|13.09486,80.27519|13.09555,80.27518|13.095560940973979,80.27518",FALSE,Continuous,Intermediate,4,0.351,Central-Puzhal,
CENTRAL_PUZHAL_005,Puzhal-Central,Puzhal-Central,Central_Puzhal.shp,5,19,208.34,13.09556094,80.27518,13.09744389,80.27518,13.09650215,80.27516634,At-Grade (Ground),462.61,503.12,"13.095560940973979,80.27518","13.097443894704918,80.27518","13.096502150642685,80.27516633961011","13.095560940973979,80.27518|13.09561,80.27518|13.09572,80.27517|13.09612,80.27516|13.09635,80.27516|13.09659,80.27517|13.09709,80.27518|13.097443894704918,80.27518",FALSE,Continuous,Intermediate,5,0.208,Central-Puzhal,
CENTRAL_PUZHAL_006,Puzhal-Central,Puzhal-Central,Central_Puzhal.shp,6,18,206.26,13.09744389,80.27518,13.09930799,80.27516,13.09837633,80.27519,At-Grade (Ground),636.62,301.48,"13.097443894704918,80.27518","13.099307989001119,80.27516","13.098376328484507,80.27519","13.097443894704918,80.27518|13.09745,80.27518|13.09799,80.27519|13.09871,80.27519|13.09901,80.27517|13.09926,80.27516|13.099307989001119,80.27516",FALSE,Continuous,Intermediate,6,0.206,Central-Puzhal,
CENTRAL_PUZHAL_007,Puzhal-Central,Puzhal-Central,Central_Puzhal.shp,7,17,300.49,13.09930799,80.27516,13.10189816,80.27439082,13.10063715,80.27489889,At-Grade (Ground),389.67,50.35,"13.099307989001119,80.27516","13.101898155346769,80.27439081984588","13.100637152718916,80.27489888505376","13.099307989001119,80.27516|13.09931,80.27516|13.09958,80.27513|13.10001,80.27508|13.10026,80.27503|13.10048,80.27496|13.10084,80.27482|13.10101,80.27476|13.10124,80.27468|13.10147,80.27459|13.10167,80.2745|13.10176,80.27446|13.10181,80.27443|13.101898155346769,80.27439081984588",FALSE,Continuous,Intermediate,7,0.301,Central-Puzhal,
CENTRAL_PUZHAL_008,Puzhal-Central,Puzhal-Central,Central_Puzhal.shp,8,16,241.46,13.10189816,80.27439082,13.10389952,80.27351679,13.10288974,80.27392648,At-Grade (Ground),119.29,116.06,"13.101898155346769,80.27439081984588","13.103899518573689,80.27351679049127","13.102889742475707,80.27392648069285","13.101898155346769,80.27439081984588|13.1019,80.27439|13.10206,80.27431|13.10249,80.27412|13.10286,80.27394|13.1033,80.27374|13.10366,80.2736|13.10376,80.27355|13.1039,80.27352|13.103899518573689,80.27351679049127",FALSE,Continuous,Intermediate,8,0.242,Central-Puzhal,
CENTRAL_PUZHAL_009,Puzhal-Central,Puzhal-Central,Central_Puzhal.shp,9,15,260.01,13.10389952,80.27351679,13.10447819,80.27135463,13.10390267,80.27236917,At-Grade (Ground),119.9,159.83,"13.103899518573689,80.27351679049127","13.104478193819636,80.27135462556232","13.103902665767087,80.27236916779114","13.103899518573689,80.27351679049127|13.10387,80.27332|13.10387,80.27327|13.10385,80.27319|13.10379,80.27272|13.10378,80.27265|13.10378,80.27257|13.1038,80.2725|13.10387,80.27241|13.10395,80.27231|13.10412,80.27213|13.10417,80.27207|13.10426,80.27196|13.1043,80.27189|13.10433,80.27181|13.10435,80.27175|13.10439,80.27159|13.10442,80.27145|13.10445,80.27138|13.104478193819636,80.27135462556232",FALSE,Continuous,Intermediate,9,0.26,Central-Puzhal,
CENTRAL_PUZHAL_010,Puzhal-Central,Puzhal-Central,Central_Puzhal.shp,10,14,1375.71,13.10447819,80.27135463,13.1141104,80.26357516,13.10910572,80.26721881,At-Grade (Ground),884.12,840.64,"13.104478193819636,80.27135462556232","13.11411040294064,80.26357516471234","13.109105715222721,80.26721880850872","13.104478193819636,80.27135462556232|13.10455,80.27129|13.10506,80.27107|13.10516,80.27103|13.10531,80.27096|13.10541,80.27091|13.10546,80.27088|13.10551,80.27085|13.10558,80.2708|13.10565,80.27074|13.1058,80.27058|13.10595,80.27043|13.10658,80.26975|13.10677,80.26956|13.10697,80.26935|13.10704,80.26929|13.10711,80.26924|13.10719,80.26917|13.10723,80.26913|13.10724,80.26912|13.10734,80.26902|13.10739,80.26897|13.10746,80.2689|13.1075,80.26886|13.10767,80.26868|13.1078,80.26855|13.10783,80.26851|13.10805,80.26829|13.10819,80.26816|13.10831,80.26803|13.10844,80.2679|13.10845,80.26789|13.10857,80.26777|13.1087,80.26764|13.10882,80.26752|13.10883,80.26751|13.10896,80.26738|13.10901,80.26733|13.10904,80.26729|13.10916,80.26716|13.10922,80.26711|13.10929,80.26703|13.10935,80.26698|13.10942,80.26691|13.10947,80.26686|13.10956,80.26678|13.10959,80.26675|13.10975,80.26661|13.10984,80.26655|13.1099,80.2665|13.11004,80.26639|13.11011,80.26633|13.11018,80.26628|13.11024,80.26623|13.1103,80.26619|13.11039,80.26612|13.11047,80.26605|13.11053,80.26601|13.11063,80.26593|13.1107,80.26587|13.11078,80.2658|13.11082,80.26577|13.11086,80.26573|13.11093,80.26568|13.11103,80.2656|13.11107,80.26556|13.11112,80.26553|13.11116,80.26549|13.11118,80.26547|13.11152,80.26518|13.11162,80.26509|13.11179,80.26493|13.11181,80.26491|13.11191,80.26482|13.11192,80.26481|13.112,80.26475|13.11207,80.2647|13.11217,80.26462|13.11232,80.2645|13.11265,80.26427|13.11295,80.26407|13.11301,80.26403|13.11304,80.26401|13.11327,80.26386|13.11335,80.26381|13.1135,80.26371|13.11362,80.26366|13.11411,80.26358|13.11411040294064,80.26357516471234",FALSE,Continuous,Intermediate,10,1.376,Central-Puzhal,
CENTRAL_PUZHAL_011,Puzhal-Central,Puzhal-Central,Central_Puzhal.shp,11,13,234.85,13.1141104,80.26357516,13.11426097,80.26142032,13.11423716,80.2624999,At-Grade (Ground),1644.12,1432.63,"13.11411040294064,80.26357516471234","13.114260971181778,80.26142032372726","13.114237157532997,80.26249989726901","13.11411040294064,80.26357516471234|13.11413,80.26334|13.11415,80.26318|13.11416,80.26308|13.1142,80.2628|13.11421,80.26269|13.11424,80.26248|13.11425,80.26243|13.11424,80.26218|13.11424,80.26207|13.11424,80.26193|13.11424,80.26169|13.11426,80.26142|13.114260971181778,80.26142032372726",FALSE,Continuous,Intermediate,11,0.235,Central-Puzhal,
CENTRAL_PUZHAL_012,Puzhal-Central,Puzhal-Central,Central_Puzhal.shp,12,26,682.35,13.11426097,80.26142032,13.11837419,80.25935616,13.1172889,80.2620343,At-Grade (Ground),1925.04,1659,"13.114260971181778,80.26142032372726","13.118374187625655,80.25935615568456","13.117288900567553,80.26203429834204","13.114260971181778,80.26142032372726|13.11444,80.26148|13.11487,80.26159|13.11536,80.26171|13.11572,80.26183|13.1162,80.26194|13.11637,80.262|13.11652,80.26202|13.11661,80.26203|13.11681,80.26205|13.11742,80.26203|13.11752,80.262|13.11756,80.26198|13.11758,80.26197|13.11766,80.26193|13.11768,80.26192|13.11774,80.26186|13.11783,80.26174|13.11793,80.26159|13.11794,80.26157|13.11798,80.26148|13.11802,80.26133|13.11816,80.26055|13.1181642289815,80.26052378031468|13.11826,80.25993|13.11836,80.25942|13.118374187625655,80.25935615568456",FALSE,Continuous,Intermediate,12,0.129,Central-Puzhal,
CENTRAL_PUZHAL_013,Puzhal-Central,Puzhal-Central,Central_Puzhal.shp,13,12,398.75,13.11837419,80.25935616,13.11942338,80.25586254,13.11874722,80.25755875,At-Grade (Ground),2375.98,1582.02,"13.118374187625655,80.25935615568456","13.119423383675581,80.25586254030199","13.118747215290748,80.25755874950194","13.118374187625655,80.25935615568456|13.11842,80.25915|13.1185,80.25875|13.11858,80.25835|13.11863,80.25813|13.11867,80.25794|13.11883,80.25715|13.11894,80.25687|13.1191,80.2565|13.1192,80.2563|13.119423383675581,80.25586254030199",FALSE,Continuous,Intermediate,13,0.399,Central-Puzhal,
CENTRAL_PUZHAL_014,Puzhal-Central,Puzhal-Central,Central_Puzhal.shp,14,11,210.83,13.11942338,80.25586254,13.12060748,80.25435252,13.11994636,80.25505364,At-Grade (Ground),2665.87,1596.01,"13.119423383675581,80.25586254030199","13.12060747990641,80.25435252009359","13.119946363219675,80.25505363678033","13.119423383675581,80.25586254030199|13.11944,80.25583|13.11957,80.2556|13.11971,80.25539|13.11978,80.25528|13.11992,80.25508|13.12,80.255|13.12008,80.2549|13.12015,80.25483|13.12035,80.25462|13.12036,80.25461|13.12052,80.25443|13.12057,80.25439|13.12060747990641,80.25435252009359",FALSE,Continuous,Intermediate,14,0.211,Central-Puzhal,
CENTRAL_PUZHAL_015,Puzhal-Central,Puzhal-Central,Central_Puzhal.shp,15,10,349.59,13.12060748,80.25435252,13.12192325,80.25148747,13.12145642,80.2530232,At-Grade (Ground),2910.28,1532.9,"13.12060747990641,80.25435252009359","13.121923251636245,80.25148747325649","13.121456417528565,80.253023199549","13.12060747990641,80.25435252009359|13.1208,80.25416|13.1209,80.25406|13.12098,80.25397|13.12109,80.25384|13.12113,80.25378|13.12118,80.25372|13.12123,80.25362|13.12128,80.25351|13.12135,80.25335|13.12137,80.25329|13.12137,80.25328|13.12143,80.25311|13.1215,80.25288|13.12158,80.25257|13.12167,80.25223|13.12191,80.25152|13.121923251636245,80.25148747325649",FALSE,Continuous,Intermediate,15,0.35,Central-Puzhal,
CENTRAL_PUZHAL_016,Puzhal-Central,Puzhal-Central,Central_Puzhal.shp,16,9,164.91,13.12192325,80.25148747,13.12248196,80.25007753,13.12220946,80.25078496,At-Grade (Ground),2898.75,1287.48,"13.121923251636245,80.25148747325649","13.122481961754323,80.25007753238113","13.122209459932764,80.25078496198321","13.121923251636245,80.25148747325649|13.12235,80.25044|13.12243,80.25021|13.12245,80.25015|13.12247,80.25011|13.122481961754323,80.25007753238113",FALSE,Continuous,Intermediate,16,0.165,Central-Puzhal,
CENTRAL_PUZHAL_017,Puzhal-Central,Puzhal-Central,Central_Puzhal.shp,17,8,246.13,13.12248196,80.25007753,13.12364035,80.24816963,13.1229298,80.24904624,At-Grade (Ground),2919.89,1090.61,"13.122481961754323,80.25007753238113","13.123640350240521,80.24816963132577","13.122929797862259,80.24904624256529","13.122481961754323,80.25007753238113|13.12261,80.24973|13.12275,80.24937|13.12278,80.2493|13.12282,80.24921|13.12286,80.24914|13.12291,80.24907|13.12296,80.24901|13.12319,80.24874|13.1236,80.24823|13.12364,80.24817|13.123640350240521,80.24816963132577",FALSE,Continuous,Intermediate,17,0.246,Central-Puzhal,
CENTRAL_PUZHAL_018,Puzhal-Central,Puzhal-Central,Central_Puzhal.shp,18,7,588.4,13.12364035,80.24816963,13.12712178,80.24407737,13.12545752,80.2461887,At-Grade (Ground),3131.97,673.75,"13.123640350240521,80.24816963132577","13.127121784886672,80.24407736596089","13.12545751628866,80.24618869957176","13.123640350240521,80.24816963132577|13.12402,80.24777|13.12409,80.2477|13.12436,80.2474|13.12445,80.24727|13.12467,80.24701|13.12486,80.24681|13.12489,80.24677|13.12495,80.24671|13.12525,80.24641|13.12535,80.24631|13.12574,80.24587|13.1259,80.24568|13.12629,80.24522|13.12659,80.2448|13.12666,80.24471|13.12678,80.24453|13.127121784886672,80.24407736596089",FALSE,Continuous,Intermediate,18,0.589,Central-Puzhal,
CENTRAL_PUZHAL_019,Puzhal-Central,Puzhal-Central,Central_Puzhal.shp,19,24,685.16,13.12712178,80.24407737,13.13077459,80.23897483,13.12892233,80.24150809,At-Grade (Ground),2991.25,43.61,"13.127121784886672,80.24407736596089","13.130774590873465,80.2389748287234","13.128922334072975,80.24150809418147","13.127121784886672,80.24407736596089|13.12715,80.24404|13.12719,80.24399|13.12728,80.24386|13.12733,80.2438|13.12744,80.24365|13.12753,80.24352|13.12763,80.24339|13.12772,80.24326|13.12781,80.24313|13.12796,80.24291|13.12856,80.24205|13.12863,80.24194|13.12865,80.24191|13.1287,80.24184|13.12875,80.24177|13.12878,80.24173|13.1288,80.24169|13.1289,80.24154|13.12897,80.24144|13.12908,80.24128|13.12919,80.24113|13.12923,80.24108|13.12931,80.24096|13.12982,80.24026|13.13018,80.23978|13.13048,80.23937|13.13058,80.23923|13.13073,80.23904|13.130774590873465,80.2389748287234",FALSE,Continuous,Intermediate,19,0.685,Central-Puzhal,
CENTRAL_PUZHAL_020,Puzhal-Central,Puzhal-Central,Central_Puzhal.shp,20,23,270.2,13.13077459,80.23897483,13.13218836,80.23694246,13.13148969,80.23796434,At-Grade (Ground),2606.93,404.76,"13.130774590873465,80.2389748287234","13.132188358053014,80.23694246292048","13.13148968715601,80.23796434150373","13.130774590873465,80.2389748287234|13.13112,80.23847|13.13115,80.23843|13.13121,80.23835|13.13123,80.23832|13.13169,80.23769|13.132188358053014,80.23694246292048",FALSE,Continuous,Intermediate,20,0.27,Central-Puzhal,
CENTRAL_PUZHAL_021,Puzhal-Central,Puzhal-Central,Central_Puzhal.shp,21,6,380.56,13.13218836,80.23694246,13.13421817,80.23410978,13.13322196,80.23553905,At-Grade (Ground),2363.23,389.79,"13.132188358053014,80.23694246292048","13.134218172505896,80.23410978436763","13.133221964773428,80.23553904869556","13.132188358053014,80.23694246292048|13.13219,80.23694|13.13247,80.23656|13.13261,80.23639|13.13278,80.23615|13.13346,80.23521|13.13351,80.23515|13.13359,80.23503|13.13379,80.23476|13.13419,80.23416|13.13421,80.23412|13.134218172505896,80.23410978436763",FALSE,Continuous,Intermediate,21,0.381,Central-Puzhal,
CENTRAL_PUZHAL_022,Puzhal-Central,Puzhal-Central,Central_Puzhal.shp,22,5,476.01,13.13421817,80.23410978,13.13684827,80.23063508,13.13553345,80.23237206,At-Grade (Ground),2080.44,205.64,"13.134218172505896,80.23410978436763","13.136848271403242,80.2306350796244","13.135533453061774,80.2323720625843","13.134218172505896,80.23410978436763|13.13425,80.23407|13.1345,80.23375|13.13468,80.23352|13.13531,80.23267|13.13573,80.23211|13.13589,80.23192|13.136,80.23176|13.13642,80.23118|13.13657,80.23098|13.13664,80.2309|13.13679,80.23071|13.136848271403242,80.2306350796244",FALSE,Continuous,Intermediate,22,0.476,Central-Puzhal,
CENTRAL_PUZHAL_023,Puzhal-Central,Puzhal-Central,Central_Puzhal.shp,23,4,1323.81,13.13684827,80.23063508,13.14398126,80.22083496,13.14044765,80.22575707,At-Grade (Ground),1704.92,694.25,"13.136848271403242,80.2306350796244","13.14398126074243,80.22083495703028","13.140447646592852,80.2257570703467","13.136848271403242,80.2306350796244|13.13686,80.23062|13.13689,80.23058|13.13714,80.23025|13.13725,80.23009|13.13743,80.22985|13.13747,80.2298|13.13753,80.22971|13.1378,80.22933|13.13787,80.22924|13.13811,80.22891|13.13815,80.22885|13.13852,80.22836|13.13866,80.22815|13.13916,80.2275|13.13936,80.22722|13.13946,80.22708|13.13991,80.22646|13.14012,80.2262|13.14066,80.22547|13.14096,80.22505|13.1411,80.22485|13.14124,80.22467|13.14162,80.22415|13.14165,80.22411|13.14246,80.22301|13.14277,80.22255|13.14319,80.22198|13.14346,80.22161|13.14393,80.22095|13.14396,80.22087|13.14397,80.22086|13.14398,80.22084|13.14398126074243,80.22083495703028",FALSE,Continuous,Intermediate,23,1.324,Central-Puzhal,
CENTRAL_PUZHAL_024,Puzhal-Central,Puzhal-Central,Central_Puzhal.shp,24,3,171.55,13.14398126,80.22083496,13.14465578,80.21960269,13.14405147,80.22006632,At-Grade (Ground),1660,26.82,"13.14398126074243,80.22083495703028","13.1446557792375,80.21960268593978","13.144051472796859,80.22006631800787","13.14398126074243,80.22083495703028|13.14399,80.2208|13.144,80.22075|13.14402,80.22068|13.14403,80.22064|13.14404,80.22059|13.14405,80.22056|13.14406,80.22051|13.14405,80.22033|13.14404,80.22027|13.14404,80.22026|13.14404,80.22022|13.14403,80.22019|13.14403,80.22017|13.14403,80.22015|13.14404,80.22013|13.14404,80.22011|13.14404,80.22009|13.14405,80.22007|13.14407,80.22002|13.1441,80.21998|13.14413,80.21994|13.14416,80.2199|13.14419,80.21986|13.14423,80.21983|13.14429,80.2198|13.1443,80.21979|13.14434,80.21977|13.14437,80.21976|13.1444,80.21975|13.14444,80.21974|13.1446557792375,80.21960268593978",FALSE,Continuous,Intermediate,24,0.172,Central-Puzhal,
CENTRAL_PUZHAL_025,Puzhal-Central,Puzhal-Central,Central_Puzhal.shp,25,2,598.87,13.14465578,80.21960269,13.14798854,80.21529894,13.14636348,80.21750646,At-Grade (Ground),1716.51,255.88,"13.1446557792375,80.21960268593978","13.14798854487271,80.21529893786855","13.146363478591631,80.2175064591548","13.1446557792375,80.21960268593978|13.14466,80.2196|13.14479,80.21954|13.14489,80.21949|13.14495,80.21946|13.14499,80.21943|13.14503,80.21938|13.14509,80.2193|13.1453,80.21901|13.14561,80.2186|13.14583,80.21827|13.14593,80.21814|13.14606,80.21794|13.14627,80.21764|13.14648,80.21734|13.14665,80.2171|13.14705,80.21655|13.14722,80.21631|13.14793,80.21538|13.14798854487271,80.21529893786855",FALSE,Continuous,Intermediate,25,0.599,Central-Puzhal,
CENTRAL_PUZHAL_026,Puzhal-Central,Puzhal-Central,Central_Puzhal.shp,26,22,1420.18,13.14798854,80.21529894,13.15603439,80.20511561,13.15190665,80.21011446,At-Grade (Ground),708.33,259.58,"13.14798854487271,80.21529893786855","13.156034394202509,80.20511560579749","13.151906649773226,80.21011446485736","13.14798854487271,80.21529893786855|13.14819,80.21502|13.14855,80.21455|13.149,80.21392|13.14921,80.21365|13.14925,80.2136|13.14929,80.21354|13.14934,80.21348|13.14952,80.21325|13.1497,80.213|13.14984,80.21281|13.1504,80.21204|13.15103,80.21124|13.15123,80.21099|13.15144,80.2107|13.15166,80.21042|13.15172,80.21034|13.15196,80.21005|13.15199,80.21|13.15209,80.20987|13.15214,80.2098|13.15223,80.20969|13.15258,80.20922|13.15325,80.20833|13.15326,80.20831|13.15356,80.20792|13.15432,80.2069|13.15464,80.20651|13.155,80.2061|13.1552,80.20588|13.15579,80.20532|13.15601,80.20514|13.156034394202509,80.20511560579749",FALSE,Continuous,Intermediate,26,1.421,Central-Puzhal,
CENTRAL_PUZHAL_027,Puzhal-Central,Puzhal-Central,Central_Puzhal.shp,27,1,301.67,13.15603439,80.20511561,13.15839,80.20374,13.15715143,80.20432538,At-Grade (Ground),149,96.41,"13.156034394202509,80.20511560579749","13.15839,80.20374","13.15715142885488,80.20432538446276","13.156034394202509,80.20511560579749|13.15606,80.20509|13.15624,80.20494|13.15631,80.20489|13.15644,80.20479|13.15656,80.20471|13.15672,80.20461|13.15705,80.20438|13.15744,80.20417|13.15768,80.20405|13.1581,80.20386|13.15839,80.20374",FALSE,Continuous,CORRIDOR_END_NODE,27,0.302,Central-Puzhal,
CENTRAL_PUZHAL_ATGRADE_001,Puzhal-Central,Puzhal-Central,Central_Puzhal_AtGrade.shp,1,0,353.75,13.1307601,80.23897791,13.12881281,80.24155794,13.12975414,80.24024005,At-Grade,2850.66,131.39,"13.13076010222594,80.23897790714169","13.128812813883615,80.24155793963546","13.129754139580385,80.24024005043466","13.13076010222594,80.23897790714169|13.130623574951246,80.23908342852464|13.1303211594274,80.2394693352966|13.130002595099107,80.23991252510505|13.129568055072701,80.24048535546966|13.129071856399799,80.2411817965972|13.128812813883615,80.24155793963546",FALSE,Continuous,CORRIDOR_START_NODE,,0.35,central-Puzhal_Atgrade,
CENTRAL_PUZHAL_ATGRADE_002,Puzhal-Central,Puzhal-Central,Central_Puzhal_AtGrade.shp,2,1,330.3,13.12881281,80.24155794,13.12712816,80.24406555,13.12795713,80.24280677,At-Grade,3138.74,215.42,"13.128812813883615,80.24155793963546","13.127128157271235,80.24406554524877","13.127957132339285,80.24280676828641","13.128812813883615,80.24155793963546|13.128738609982898,80.2416656875105|13.128528679188618,80.24197923676273|13.128089732402684,80.24261688740549|13.127658125099288,80.24323494121997|13.127219176757917,80.2438364131029|13.127144305892303,80.24400675476397|13.127128157271235,80.24406554524877",FALSE,Continuous,Intermediate,,0.33,central-Puzhal_Atgrade,
CENTRAL_PUZHAL_ATGRADE_003,Puzhal-Central,Puzhal-Central,Central_Puzhal_AtGrade.shp,3,2,559.04,13.1070257,80.26927701,13.11070366,80.26575337,13.10879242,80.26743862,At-Grade,843.68,799.03,"13.107025700786952,80.26927701141011","13.110703656860055,80.26575336788814","13.10879241539537,80.26743862005672","13.107025700786952,80.26927701141011|13.107277336295422,80.26896552275436|13.107834696271809,80.26839808217989|13.108504937609464,80.26772198277203|13.10897528131766,80.26725837174949|13.109551451134838,80.26668851653427|13.109927724572838,80.26640358892666|13.110633235717955,80.26581441658556|13.110703656860055,80.26575336788814",FALSE,Broken,Intermediate,,0.56,,
CENTRAL_PUZHAL_ATGRADE_004,Puzhal-Central,Puzhal-Central,Central_Puzhal_AtGrade.shp,4,3,399.37,13.11070366,80.26575337,13.11362105,80.26365452,13.11209797,80.26459512,At-Grade,1316.55,1268.17,"13.110703656860055,80.26575336788814","13.113621052987886,80.26365452044155","13.11209797121303,80.26459511776807","13.110703656860055,80.26575336788814|13.110829602626735,80.26564418441323|13.111123564772072,80.26546791563905|13.111720894769272,80.2649077189868|13.111937250158457,80.26472662093116|13.112388773835939,80.26435718089758|13.112729767730544,80.26415193643444|13.113233026821637,80.2637728378379|13.11343762251286,80.26366659364525|13.113621052987886,80.26365452044155",FALSE,Broken,CORRIDOR_END_NODE,,0.4,,
PUZHAL_CENTRAL_001,Puzhal-Central,Puzhal-Central,Puzhal-Central.shp,1,0,300.71,13.15845,80.20383,13.15608995,80.20518404,13.15721738,80.20441435,At-Grade (Ground),149.5,93.12,"13.15845,80.20383","13.156089949627674,80.20518404029787","13.1572173798127,80.20441435439274","13.15845,80.20383|13.15835,80.20387|13.15816,80.20394|13.15794,80.20404|13.15786,80.20408|13.1577,80.20415|13.15747,80.20427|13.15719,80.20443|13.15706,80.20452|13.15673,80.20473|13.15647,80.2049|13.15624,80.20506|13.15612,80.20516|13.156089949627674,80.20518404029787",FALSE,Continuous,CORRIDOR_START_NODE,1,0.301,,
PUZHAL_CENTRAL_002,Puzhal-Central,Puzhal-Central,Puzhal-Central.shp,2,1,1418.9,13.15608995,80.20518404,13.14808007,80.21537887,13.15196096,80.21017467,At-Grade (Ground),709.42,260.51,"13.156089949627674,80.20518404029787","13.148080070526843,80.21537886580688","13.151960955196033,80.21017466637892","13.156089949627674,80.20518404029787|13.15607,80.2052|13.15584,80.20539|13.15552,80.2057|13.15527,80.20593|13.1548,80.20644|13.15459,80.2067|13.15447,80.20685|13.15402,80.20746|13.15332,80.20838|13.15329,80.20842|13.15318,80.20857|13.15298,80.20884|13.15294,80.20889|13.1528,80.20908|13.15265,80.20929|13.15256,80.2094|13.15243,80.20957|13.15226,80.20979|13.15204,80.21007|13.15199,80.21014|13.15168,80.21051|13.15148,80.21079|13.15126,80.21111|13.15114,80.21126|13.15107,80.21138|13.15092,80.21157|13.14994,80.21291|13.14962,80.21332|13.14938,80.21363|13.14934,80.21368|13.1493,80.21373|13.14897,80.21417|13.14861,80.21467|13.1484,80.21494|13.14828,80.2151|13.14822,80.21518|13.14815,80.21528|13.148080070526843,80.21537886580688",FALSE,Continuous,Intermediate,2,1.419,,
PUZHAL_CENTRAL_003,Puzhal-Central,Puzhal-Central,Puzhal-Central.shp,3,21,592.34,13.14808007,80.21537887,13.14498153,80.21981941,13.14650234,80.21758688,At-Grade (Ground),1713.79,259.24,"13.148080070526843,80.21537886580688","13.144981534741055,80.2198194112173","13.146502342894284,80.21758687614096","13.148080070526843,80.21537886580688|13.14757,80.2161|13.14731,80.21647|13.14703,80.21684|13.14689,80.21705|13.14659,80.21747|13.14638,80.21775|13.1461,80.21814|13.14601,80.21825|13.14541,80.21909|13.14526,80.21929|13.14518,80.21939|13.14511,80.21949|13.14506,80.21958|13.14504,80.21967|13.144981534741055,80.2198194112173",FALSE,Continuous,Intermediate,3,0.593,,
PUZHAL_CENTRAL_004,Puzhal-Central,Puzhal-Central,Puzhal-Central.shp,4,2,178.95,13.14498153,80.21981941,13.14411687,80.22089522,13.14484529,80.22055471,At-Grade (Ground),1761.8,95.5,"13.144981534741055,80.2198194112173","13.14411686735564,80.22089522107393","13.14484528992404,80.22055471007596","13.144981534741055,80.2198194112173|13.14495,80.2199|13.14496,80.21993|13.14497,80.21994|13.14497,80.21996|13.14498,80.21998|13.14499,80.22|13.145,80.22002|13.145,80.22004|13.14501,80.22006|13.14501,80.2201|13.14502,80.22014|13.14502,80.22019|13.14502,80.22023|13.14502,80.22027|13.14501,80.22031|13.145,80.22035|13.14498,80.22039|13.14497,80.22042|13.14495,80.22045|13.14493,80.22047|13.14491,80.2205|13.14489,80.22052|13.14486,80.22054|13.14484,80.22056|13.14478,80.2206|13.14476,80.22061|13.14473,80.22063|13.14471,80.22064|13.14468,80.22065|13.14465,80.22066|13.14462,80.22067|13.14459,80.22068|13.14456,80.22068|13.14432,80.22079|13.14422,80.22082|13.14417,80.22084|13.14414,80.22086|13.14412,80.22089|13.14411686735564,80.22089522107393",FALSE,Continuous,Intermediate,4,0.179,,
PUZHAL_CENTRAL_005,Puzhal-Central,Puzhal-Central,Puzhal-Central.shp,5,3,1328.13,13.14411687,80.22089522,13.13689211,80.23067683,13.14050348,80.22578401,At-Grade (Ground),1711.19,695.76,"13.14411686735564,80.22089522107393","13.136892111342215,80.23067683298667","13.140503480631503,80.22578401283667","13.14411686735564,80.22089522107393|13.14409,80.22094|13.14384,80.22128|13.14328,80.22201|13.14296,80.22243|13.14267,80.2228|13.14253,80.223|13.14238,80.2232|13.14172,80.22415|13.14142,80.22454|13.14116,80.22489|13.14116,80.2249|13.14102,80.2251|13.14073,80.22548|13.13997,80.2265|13.13945,80.22723|13.13937,80.22733|13.13921,80.22756|13.13894,80.22791|13.13861,80.22837|13.13827,80.2288|13.13812,80.22902|13.13788,80.22934|13.13754,80.22981|13.13721,80.23027|13.13691,80.23065|13.136892111342215,80.23067683298667",FALSE,Continuous,Intermediate,5,1.329,,
PUZHAL_CENTRAL_006,Puzhal-Central,Puzhal-Central,Puzhal-Central.shp,6,4,475.97,13.13689211,80.23067683,13.13429332,80.23417571,13.13560497,80.23243524,At-Grade (Ground),2089.24,206.97,"13.136892111342215,80.23067683298667","13.134293324106004,80.23417570636308","13.135604972476164,80.23243523743241","13.136892111342215,80.23067683298667|13.13685,80.23074|13.13652,80.23117|13.13627,80.23153|13.13595,80.23195|13.1358,80.23217|13.13555,80.23251|13.13487,80.23344|13.13477,80.23356|13.134293324106004,80.23417570636308",FALSE,Continuous,Intermediate,6,0.476,,
PUZHAL_CENTRAL_007,Puzhal-Central,Puzhal-Central,Puzhal-Central.shp,7,5,378.84,13.13429332,80.23417571,13.13227208,80.23699694,13.13328532,80.23558814,At-Grade (Ground),2369.48,381.57,"13.134293324106004,80.23417570636308","13.132272076584934,80.23699693976957","13.133285321388797,80.23558814179701","13.134293324106004,80.23417570636308|13.13429,80.23418|13.13418,80.23435|13.13397,80.23464|13.13354,80.23523|13.13322,80.23568|13.13246,80.23672|13.132272076584934,80.23699693976957",FALSE,Continuous,Intermediate,7,0.379,,
PUZHAL_CENTRAL_008,Puzhal-Central,Puzhal-Central,Puzhal-Central.shp,8,6,272.53,13.13227208,80.23699694,13.13083103,80.23903456,13.13156236,80.23802369,At-Grade (Ground),2613.78,395.8,"13.132272076584934,80.23699693976957","13.1308310313007,80.23903455617902","13.131562358173491,80.2380236922537","13.132272076584934,80.23699693976957|13.13227,80.237|13.13179,80.23772|13.13172,80.23781|13.13127,80.23842|13.13126,80.23844|13.13119,80.23853|13.13115,80.23858|13.13108,80.23869|13.13103,80.23875|13.13087,80.23898|13.1308310313007,80.23903455617902",FALSE,Continuous,Intermediate,8,0.273,,
PUZHAL_CENTRAL_009,Puzhal-Central,Puzhal-Central,Puzhal-Central.shp,9,23,694.92,13.13083103,80.23903456,13.12712138,80.24420408,13.12894905,80.24160143,At-Grade (Ground),3001.21,45.95,"13.1308310313007,80.23903455617902","13.127121384409985,80.24420408190512","13.12894904602359,80.24160143096461","13.1308310313007,80.23903455617902|13.13077,80.23912|13.13065,80.23928|13.13061,80.23933|13.13057,80.23938|13.12997,80.2402|13.12938,80.24102|13.1293,80.24113|13.12926,80.24119|13.12914,80.24134|13.12903,80.24149|13.12897,80.24157|13.12893,80.24163|13.12882,80.2418|13.12872,80.24196|13.1287,80.24199|13.12869,80.242|13.12862,80.2421|13.12842,80.2424|13.12835,80.2425|13.12831,80.24255|13.12831,80.24256|13.1279,80.24314|13.12779,80.24329|13.12768,80.24344|13.12751,80.24367|13.12735,80.2439|13.12729,80.24398|13.12723,80.24406|13.127121384409985,80.24420408190512",FALSE,Continuous,Intermediate,9,0.695,,
PUZHAL_CENTRAL_010,Puzhal-Central,Puzhal-Central,Puzhal-Central.shp,10,22,577.38,13.12712138,80.24420408,13.1237115,80.24822828,13.12549717,80.24628585,At-Grade (Ground),3137.82,679.25,"13.127121384409985,80.24420408190512","13.123711497251893,80.24822828439888","13.125497168722923,80.24628585415803","13.127121384409985,80.24420408190512|13.12674,80.24471|13.12668,80.24479|13.12635,80.24521|13.12625,80.24534|13.12592,80.24577|13.12542,80.24638|13.12504,80.24675|13.12482,80.24696|13.12448,80.24734|13.12419,80.24768|13.123711497251893,80.24822828439888",FALSE,Continuous,Intermediate,10,0.578,,
PUZHAL_CENTRAL_011,Puzhal-Central,Puzhal-Central,Puzhal-Central.shp,11,7,245.57,13.1237115,80.24822828,13.12257241,80.25012363,13.12298424,80.24908767,At-Grade (Ground),2926.87,1090.19,"13.123711497251893,80.24822828439888","13.12257241158628,80.25012362537916","13.122984244818037,80.24908767357594","13.123711497251893,80.24822828439888|13.12371,80.24823|13.12366,80.24828|13.12331,80.24869|13.12323,80.24879|13.12302,80.24904|13.12293,80.24916|13.1229,80.24922|13.12288,80.24926|13.12279,80.24946|13.12272,80.24964|13.12271,80.24979|13.12264,80.24998|13.12257241158628,80.25012362537916",FALSE,Continuous,Intermediate,11,0.246,,
PUZHAL_CENTRAL_012,Puzhal-Central,Puzhal-Central,Puzhal-Central.shp,12,8,164.41,13.12257241,80.25012363,13.12198411,80.25151645,13.12227719,80.25081956,At-Grade (Ground),2907.05,1285.93,"13.12257241158628,80.25012362537916","13.121984110250434,80.25151644896007","13.12227719322244,80.2508195627822","13.12257241158628,80.25012362537916|13.12256,80.25015|13.12252,80.25024|13.12242,80.25048|13.121984110250434,80.25151644896007",FALSE,Continuous,Intermediate,12,0.164,,
PUZHAL_CENTRAL_013,Puzhal-Central,Puzhal-Central,Puzhal-Central.shp,13,9,355.39,13.12198411,80.25151645,13.1206848,80.2544368,13.1215617,80.25309021,At-Grade (Ground),2923.88,1532.38,"13.121984110250434,80.25151644896007","13.120684803959723,80.25443679529783","13.12156170195644,80.25309021375048","13.121984110250434,80.25151644896007|13.12197,80.25155|13.12188,80.25178|13.12178,80.25212|13.12172,80.25234|13.12167,80.25259|13.12166,80.25263|13.1216,80.25287|13.12156,80.2531|13.12152,80.25324|13.12146,80.25344|13.12141,80.25351|13.12135,80.25364|13.1213,80.25371|13.12124,80.25379|13.12122,80.25382|13.12111,80.25396|13.12099,80.2541|13.12092,80.25418|13.1208,80.2543|13.120684803959723,80.25443679529783",FALSE,Continuous,Intermediate,13,0.356,,
PUZHAL_CENTRAL_014,Puzhal-Central,Puzhal-Central,Puzhal-Central.shp,14,10,206.22,13.1206848,80.2544368,13.11951802,80.25590956,13.12004023,80.25512453,At-Grade (Ground),2667.03,1608.26,"13.120684803959723,80.25443679529783","13.119518023905677,80.25590955696978","13.120040228639715,80.25512452893975","13.120684803959723,80.25443679529783|13.12064,80.25449|13.12045,80.25469|13.12011,80.25503|13.1198,80.25545|13.11954,80.25587|13.119518023905677,80.25590955696978",FALSE,Continuous,Intermediate,14,0.206,,
PUZHAL_CENTRAL_015,Puzhal-Central,Puzhal-Central,Puzhal-Central.shp,15,11,397.06,13.11951802,80.25590956,13.11844895,80.25937632,13.11882281,80.25758762,At-Grade (Ground),2379.47,1590.86,"13.119518023905677,80.25590955696978","13.118448946893634,80.25937631863819","13.118822814764574,80.25758761503587","13.119518023905677,80.25590955696978|13.11934,80.25623|13.11929,80.25633|13.11913,80.25664|13.11905,80.25681|13.119,80.25692|13.11894,80.25708|13.11892,80.25716|13.11877,80.25782|13.11874,80.25797|13.11862,80.2585|13.11856,80.25877|13.11851,80.25901|13.118448946893634,80.25937631863819",FALSE,Continuous,Intermediate,15,0.397,,
PUZHAL_CENTRAL_016,Puzhal-Central,Puzhal-Central,Puzhal-Central.shp,16,26,744.37,13.11844895,80.25937632,13.11411,80.26361698,13.11715869,80.26231983,At-Grade (Ground),1894.14,1665.51,"13.118448946893634,80.25937631863819","13.11411,80.2636169835031","13.11715869261006,80.26231982754717","13.118448946893634,80.25937631863819|13.11844,80.25943|13.118243189360015,80.26054198011592|13.11824,80.26056|13.11818,80.26087|13.11806,80.26144|13.11804,80.26151|13.11802,80.26155|13.11792,80.26175|13.11788,80.26178|13.11776,80.26191|13.11765,80.262|13.11757,80.26206|13.11746,80.26214|13.11742,80.26217|13.1172,80.2623|13.11695,80.26242|13.11647,80.26267|13.11627,80.26277|13.11614,80.26285|13.11589,80.26298|13.11581,80.26302|13.11559,80.26315|13.11534,80.26325|13.11493,80.26347|13.11484,80.26352|13.11477,80.26355|13.11471,80.26356|13.11467,80.26357|13.11464,80.26357|13.11434,80.26359|13.11422,80.2636|13.11416,80.2636|13.11415,80.26359|13.11414,80.26359|13.11412,80.26359|13.11411,80.26358|13.11411,80.2636169835031",FALSE,Continuous,Intermediate,16,0.128,,
PUZHAL_CENTRAL_017,Puzhal-Central,Puzhal-Central,Puzhal-Central.shp,17,12,224.15,13.11411,80.26361698,13.11414,80.26568265,13.11414,80.2646488,At-Grade (Ground),1476.12,1463.22,"13.11411,80.2636169835031","13.11414,80.26568264847131","13.11414,80.26464880291053","13.11411,80.2636169835031|13.11411,80.26367|13.11414,80.26394|13.11415,80.2642|13.11414,80.26449|13.11414,80.26457|13.11414,80.26493|13.11414,80.26526|13.11414,80.26532|13.11414,80.26563|13.11414,80.26568264847131",FALSE,Continuous,Intermediate,17,0.224,,
PUZHAL_CENTRAL_018,Puzhal-Central,Puzhal-Central,Puzhal-Central.shp,18,13,1301.07,13.11414,80.26568265,13.10452386,80.27141767,13.10890137,80.26752863,At-Grade (Ground),843.87,805.69,"13.11414,80.26568264847131","13.104523864975432,80.27141766878071","13.108901371691223,80.26752862830877","13.11414,80.26568264847131|13.11414,80.26569|13.11397,80.26569|13.11309,80.2657|13.11304,80.2657|13.11295,80.2657|13.11293,80.2657|13.11256,80.2657|13.11219,80.2657|13.11216,80.2657|13.11213,80.2657|13.11196,80.2657|13.1118,80.2657|13.11175,80.2657|13.11171,80.2657|13.11146,80.2657|13.11122,80.2657|13.11107,80.26571|13.11103,80.26573|13.11099,80.26575|13.11096,80.26577|13.11093,80.26578|13.1109,80.2658|13.11076,80.26592|13.11066,80.26599|13.11059,80.26605|13.11049,80.26613|13.11041,80.26619|13.11034,80.26626|13.11027,80.2663|13.11021,80.26635|13.11008,80.26646|13.10994,80.26657|13.10989,80.26661|13.10981,80.26667|13.10965,80.26679|13.1091,80.26732|13.10905,80.26738|13.10901,80.26742|13.1089,80.26753|13.10862,80.26781|13.10813,80.26831|13.10776,80.26871|13.10749,80.26898|13.10745,80.26903|13.10739,80.26909|13.1073,80.2692|13.10672,80.26978|13.10639,80.27011|13.10597,80.27055|13.10582,80.27071|13.10572,80.27079|13.10565,80.27085|13.1056,80.27089|13.10554,80.27092|13.10549,80.27096|13.10544,80.27098|13.10538,80.27101|13.10518,80.2711|13.10505,80.27116|13.1047,80.27131|13.1046,80.27135|13.10457,80.27138|13.10453,80.27141|13.104523864975432,80.27141766878071",FALSE,Continuous,Intermediate,18,1.562,,
PUZHAL_CENTRAL_019,Puzhal-Central,Puzhal-Central,Puzhal-Central.shp,19,25,260.36,13.10452386,80.27141767,13.10398914,80.27358309,13.10393612,80.27241776,At-Grade (Ground),114.45,154.52,"13.104523864975432,80.27141766878071","13.103989135752077,80.27358308601661","13.103936118764912,80.27241776247017","13.104523864975432,80.27141766878071|13.10449,80.27146|13.10448,80.27149|13.10447,80.27151|13.10446,80.2716|13.10442,80.27176|13.1044,80.27186|13.10437,80.27192|13.10434,80.27197|13.1043,80.27202|13.1042,80.27212|13.10402,80.27233|13.104,80.27234|13.10398,80.27237|13.10395,80.2724|13.10394,80.27241|13.10391,80.27247|13.10386,80.27256|13.10385,80.27259|13.10385,80.27262|13.10385,80.27267|13.10391,80.27305|13.10393,80.27318|13.10395,80.27334|13.10398,80.27351|13.103989135752077,80.27358308601661",FALSE,Continuous,Intermediate,19,1.562,,
PUZHAL_CENTRAL_020,Puzhal-Central,Puzhal-Central,Puzhal-Central.shp,20,14,249.24,13.10398914,80.27358309,13.10192337,80.2744584,13.10293927,80.27396306,At-Grade (Ground),115.61,111,"13.103989135752077,80.27358308601661","13.101923372435504,80.27445840253056","13.102939270363263,80.27396305892579","13.103989135752077,80.27358308601661|13.10399,80.27359|13.10391,80.2736|13.10378,80.27361|13.10366,80.27365|13.10332,80.27379|13.10288,80.27399|13.10251,80.27418|13.10211,80.27437|13.101923372435504,80.27445840253056",FALSE,Continuous,Intermediate,20,0.249,,
PUZHAL_CENTRAL_021,Puzhal-Central,Puzhal-Central,Puzhal-Central.shp,21,15,304.24,13.10192337,80.2744584,13.09930791,80.27527564,13.10064905,80.27498168,At-Grade (Ground),391.91,49.11,"13.101923372435504,80.27445840253056","13.0993079135616,80.27527564422167","13.100649052464371,80.27498167512265","13.101923372435504,80.27445840253056|13.10192,80.27446|13.1018,80.27452|13.10135,80.27471|13.10096,80.27486|13.1005,80.27504|13.10024,80.27512|13.10011,80.27515|13.09993,80.27519|13.09975,80.27522|13.09948,80.27526|13.0993079135616,80.27527564422167",FALSE,Continuous,Intermediate,21,0.304,,
PUZHAL_CENTRAL_022,Puzhal-Central,Puzhal-Central,Puzhal-Central.shp,22,16,205.66,13.09930791,80.27527564,13.09744884,80.27526996,13.09837835,80.27528891,At-Grade (Ground),639.48,302.42,"13.0993079135616,80.27527564422167","13.097448842882965,80.27526996142944","13.098378349195045,80.27528890556368","13.0993079135616,80.27527564422167|13.09926,80.27528|13.09827,80.27529|13.09803,80.27528|13.09745,80.27527|13.097448842882965,80.27526996142944",FALSE,Continuous,Intermediate,22,0.206,,
PUZHAL_CENTRAL_023,Puzhal-Central,Puzhal-Central,Puzhal-Central.shp,23,17,208.97,13.09744884,80.27526996,13.09556003,80.27524895,13.09650448,80.27524605,At-Grade (Ground),462.68,503.42,"13.097448842882965,80.27526996142944","13.095560034346416,80.27524894556072","13.096504476092923,80.27524605268283","13.097448842882965,80.27526996142944|13.09685,80.27525|13.09669,80.27525|13.09622,80.27524|13.09598,80.27524|13.09573,80.27524|13.095560034346416,80.27524894556072",FALSE,Continuous,Intermediate,23,0.209,,
PUZHAL_CENTRAL_024,Puzhal-Central,Puzhal-Central,Puzhal-Central.shp,24,18,351.62,13.09556003,80.27524895,13.09238176,80.2753,13.09397037,80.27525,At-Grade (Ground),182.46,223.24,"13.095560034346416,80.27524894556072","13.092381758741977,80.2753","13.093970366089142,80.27525","13.095560034346416,80.27524894556072|13.09554,80.27525|13.09492,80.27525|13.09408,80.27525|13.09386,80.27525|13.09365,80.27526|13.09271,80.2753|13.09252,80.2753|13.0924,80.2753|13.092381758741977,80.2753",FALSE,Continuous,Intermediate,24,0.352,,
PUZHAL_CENTRAL_025,Puzhal-Central,Puzhal-Central,Puzhal-Central.shp,25,19,100.23,13.09238176,80.2753,13.09147642,80.27526011,13.09192905,80.27528164,At-Grade (Ground),43.4,11.24,"13.092381758741977,80.2753","13.091476419089986,80.27526010851243","13.091929048577393,80.2752816408953","13.092381758741977,80.2753|13.09231,80.2753|13.09148,80.27526|13.091476419089986,80.27526010851243",FALSE,Continuous,Intermediate,25,0.1,,
PUZHAL_CENTRAL_026,Puzhal-Central,Puzhal-Central,Puzhal-Central.shp,26,20,536.73,13.09147642,80.27526011,13.08665,80.27575,13.08905941,80.27546125,At-Grade (Ground),361.18,259.84,"13.091476419089986,80.27526010851243","13.08665,80.27575","13.089059411219756,80.27546124573885","13.091476419089986,80.27526010851243|13.09115,80.27527|13.09083,80.27528|13.09052,80.2753|13.09038,80.27531|13.08994,80.27536|13.08949,80.27542|13.08907,80.27546|13.08856,80.27552|13.0883,80.27556|13.08804,80.27558|13.08758,80.27564|13.08712,80.27569|13.08665,80.27575",FALSE,Continuous,Intermediate,26,1.06,,
PUZHAL_CENTRAL_027,Puzhal-Central,Puzhal-Central,Puzhal-Central.shp,27,24,522.69,13.08665,80.27575,13.08196,80.27633,13.08430134,80.27601164,At-Grade (Ground),299.37,191.96,"13.08665,80.27575","13.08196,80.27633","13.084301336980069,80.27601163586635","13.08665,80.27575|13.08613,80.27579|13.08557,80.27585|13.08511,80.27591|13.0849,80.27593|13.08424,80.27602|13.08384,80.27608|13.0837,80.27609|13.0835,80.27612|13.08338,80.27613|13.08324,80.27615|13.08283,80.27621|13.08262,80.27624|13.08204,80.27632|13.08201,80.27632|13.08196,80.27633",FALSE,Continuous,CORRIDOR_END_NODE,27,1.06,,
PUZHAL_CENTRAL_ATGRADE_001,Puzhal-Central,Puzhal-Central,Puzhal-Central_Atgrade.shp,1,0,335.15,13.13083253,80.23904876,13.12906563,80.24155616,13.12996359,80.2403106,At-Grade,2857.94,135.67,"13.13083252526557,80.23904875721317","13.129065629944886,80.24155616278134","13.129963589856581,80.24031059915977","13.13083252526557,80.23904875721317|13.130711167727597,80.23929396880787|13.130484111527762,80.23959545847347|13.130198333598601,80.23999040993542|13.129871939563873,80.24043560967499|13.129681094275167,80.24069338333909|13.129403634321706,80.24108381245603|13.129065984220142,80.24155564378269|13.129065629944886,80.24155616278134",FALSE,Continuous,CORRIDOR_START_NODE,,0.34,,
PUZHAL_CENTRAL_ATGRADE_002,Puzhal-Central,Puzhal-Central,Puzhal-Central_Atgrade.shp,2,1,358.94,13.12906563,80.24155616,13.12712669,80.24420122,13.12814051,80.2429149,At-Grade,3148.84,211.38,"13.129065629944886,80.24155616278134","13.127126689214723,80.24420121559835","13.128140507862154,80.24291490098955","13.129065629944886,80.24155616278134|13.128845777382132,80.2418782377249|13.12839361872263,80.24255960436916|13.127725655543728,80.24349723722918|13.127326344819977,80.24403087393728|13.127126689214723,80.24420121559835",FALSE,Continuous,Intermediate,,0.36,,
PUZHAL_CENTRAL_ATGRADE_003,Puzhal-Central,Puzhal-Central,Puzhal-Central_Atgrade.shp,3,2,415.4,13.10722383,80.26929271,13.1099491,80.26666599,13.10857834,80.2679724,At-Grade,784.08,753.5,"13.107223834374816,80.2692927065751","13.109949096719602,80.26666598544035","13.10857834422118,80.26797239666979","13.107223834374816,80.2692927065751|13.107473117950034,80.26911643780088|13.107684773617546,80.26890153477484|13.108129249926725,80.26844033839303|13.108458491119576,80.26809987404836|13.108917076332592,80.26761211661844|13.109234557902436,80.26729700600156|13.109533225375648,80.26700724911244|13.109686086540561,80.26687444387164|13.109949096719602,80.26666598544035",FALSE,Broken,Intermediate,,0.42,,
PUZHAL_CENTRAL_ATGRADE_004,Puzhal-Central,Puzhal-Central,Puzhal-Central_Atgrade.shp,4,3,378.28,13.11077055,80.26572028,13.11413901,80.26569489,13.11247577,80.26577578,At-Grade,1257.05,1244.29,"13.110770551568727,80.26572027713713","13.11413900817404,80.26569489186907","13.112475770174841,80.26577578233393","13.110770551568727,80.26572027713713|13.111114745912882,80.26572748951905|13.111441631417716,80.26578785553764|13.112048367390402,80.26577578233393|13.112777389254116,80.26577578233393|13.113727466117469,80.26577095305244|13.113964984759864,80.26575887984875|13.114117843170789,80.26576008716913|13.11413900817404,80.26569489186907",FALSE,Broken,Intermediate,,0.38,,
PUZHAL_CENTRAL_ATGRADE_005,Puzhal-Central,Puzhal-Central,Puzhal-Central_Atgrade.shp,5,4,140.61,13.1099491,80.26666599,13.11077055,80.26572028,13.11027849,80.26613323,At-Grade,1057.88,1010.32,"13.109949096719602,80.26666598544035","13.110770551568727,80.26572027713713","13.110278488965234,80.2661332270694","13.109949096719602,80.26666598544035|13.109954181277354,80.26666195548631|13.110107042180715,80.26628285688982|13.110436280726912,80.26599551464143|13.110769046381215,80.26572024559685|13.110770551568727,80.26572027713713",FALSE,Broken,CORRIDOR_END_NODE,,0.14,,
PALLAVARAM_THORAIPAKKAM_001,Thoraipakkam-Pallavaram,Thoraipakkam-Pallavaram,Pallavaram_Thoraipakkam.shp,1,0,539.29,12.9604,80.14565,12.95880126,80.15018674,12.95986549,80.148066,At-Grade (Ground),3141.32,3994.47,"12.9604,80.14565","12.958801259302899,80.15018674367403","12.959865491141908,80.14806600205704","12.9604,80.14565|12.96036,80.14574|12.96031,80.14595|12.96019,80.14648|12.96018,80.14654|12.96018,80.14656|12.96017,80.14659|12.96016,80.14665|12.96013,80.14677|12.9601,80.14692|12.96009,80.14697|12.96006,80.1471|12.96006,80.14712|12.96005,80.14715|12.96005,80.14717|12.96003,80.14725|12.95993,80.14772|12.95982,80.14831|12.95981,80.14834|12.95975,80.14862|12.95966,80.14907|12.95962,80.14922|12.95957,80.14935|12.95953,80.14946|12.95951,80.1495|12.95949,80.14953|12.95946,80.14957|12.95941,80.14966|12.95933,80.14976|12.95928,80.1498|12.95924,80.14984|12.95912,80.14993|12.95894,80.15008|12.95887,80.15014|12.958801259302899,80.15018674367403",FALSE,Continuous,CORRIDOR_START_NODE,,0.54,Pallavaram-Thoraipakkam-1,1
PALLAVARAM_THORAIPAKKAM_002,Thoraipakkam-Pallavaram,Thoraipakkam-Pallavaram,Pallavaram_Thoraipakkam.shp,2,5,1109.93,12.95880126,80.15018674,12.95455553,80.15893175,12.95560748,80.15395906,At-Grade (Ground),3190.7,3591.49,"12.958801259302899,80.15018674367403","12.954555531420498,80.1589317502453","12.955607484260836,80.15395905666098","12.958801259302899,80.15018674367403|12.95862,80.15031|12.9582,80.15067|12.95794,80.15088|12.95718,80.1515|12.95695,80.15169|12.95669,80.15191|12.95651,80.15208|12.95639,80.15221|12.95634,80.15226|12.95628,80.15232|12.95623,80.1524|12.95612,80.15255|12.95605,80.15266|12.95604,80.15268|12.95597,80.15282|12.95591,80.15297|12.95585,80.15313|12.95575,80.15348|12.95564,80.15384|12.95561,80.15395|12.95546,80.15449|12.95532,80.15518|12.95531,80.15518|12.95528,80.15536|12.95518,80.15581|12.9551,80.15617|12.95498,80.1568|12.95483,80.15753|12.954555531420498,80.1589317502453",FALSE,Continuous,Intermediate,,1.11,Pallavaram-Thoraipakkam-2,2
PALLAVARAM_THORAIPAKKAM_003,Thoraipakkam-Pallavaram,Thoraipakkam-Pallavaram,Pallavaram_Thoraipakkam.shp,3,4,1714.15,12.95455553,80.15893175,12.95132081,80.17437628,12.95290614,80.16665083,At-Grade (Ground),3171,2685.04,"12.954555531420498,80.1589317502453","12.951320809651294,80.17437627560405","12.952906136208442,80.16665083390238","12.954555531420498,80.1589317502453|12.95455,80.15896|12.95436,80.1599|12.95425,80.16045|12.95422,80.16058|12.95419,80.16078|12.95407,80.16132|12.95394,80.16197|12.95364,80.1633|12.95363,80.16335|12.95354,80.1638|12.95337,80.16457|12.95328,80.16497|12.95323,80.16521|12.95319,80.16536|12.95311,80.16569|12.95307,80.16587|12.95294,80.16651|12.95292,80.1666|12.95289,80.16671|12.95287,80.16677|12.95275,80.1672|12.9527,80.16739|12.95255,80.1679|12.95251,80.16805|12.95241,80.16843|12.95238,80.16857|12.95231,80.16894|12.95225,80.16926|12.95222,80.16943|12.95218,80.16967|12.95212,80.17|12.95207,80.17033|12.95191,80.17133|12.95185,80.1717|12.9518,80.17201|12.95178,80.1721|12.95173,80.17239|12.95167,80.17266|12.95158,80.17315|12.95153,80.17345|12.95148,80.17367|12.95144,80.17381|12.9514,80.174|12.95137,80.17415|12.951320809651294,80.17437627560405",FALSE,Continuous,Intermediate,,1.71,Pallavaram-Thoraipakkam-3,3
PALLAVARAM_THORAIPAKKAM_004,Thoraipakkam-Pallavaram,Thoraipakkam-Pallavaram,Pallavaram_Thoraipakkam.shp,4,3,768.89,12.95132081,80.17437628,12.94976423,80.18127886,12.95052067,80.1778242,At-Grade (Ground),3471.88,2342.95,"12.951320809651294,80.17437627560405","12.949764228227787,80.18127885886106","12.950520672273749,80.17782420166292","12.951320809651294,80.17437627560405|12.95132,80.17438|12.95119,80.175|12.9511,80.1754|12.95106,80.17561|12.95094,80.17615|12.95086,80.1765|12.95075,80.17697|12.95073,80.17704|12.95069,80.17722|12.95064,80.17739|12.95059,80.17757|12.9505,80.1779|12.9504,80.17826|12.95028,80.17875|12.95017,80.17914|12.9501,80.17939|12.95005,80.17962|12.95003,80.17975|12.95,80.17988|12.94998,80.18002|12.94996,80.18013|12.94994,80.18027|12.94983,80.18087|12.94979,80.18113|12.94978,80.1812|12.949764228227787,80.18127885886106",FALSE,Continuous,Intermediate,,0.77,Pallavaram-Thoraipakkam-4,4
PALLAVARAM_THORAIPAKKAM_005,Thoraipakkam-Pallavaram,Thoraipakkam-Pallavaram,Pallavaram_Thoraipakkam.shp,5,8,791.56,12.94976423,80.18127886,12.94892523,80.18849407,12.94934161,80.18489172,At-Grade (Ground),2699.44,2003.68,"12.949764228227787,80.18127885886106","12.948925226811989,80.18849406871112","12.94934160864356,80.18489172174436","12.949764228227787,80.18127885886106|12.949791532119281,80.18177028735319|12.949633965839435,80.18269626262469|12.949490723680384,80.18359284185581|12.949349271967511,80.18475214819769|12.949306299279344,80.1855348177724|12.949274069758356,80.18627339328657|12.949173800110845,80.1872177410833|12.949116503151295,80.18791957154698|12.949044881933329,80.1882502770011|12.948925226811989,80.18849406871112",FALSE,Continuous,Intermediate,,0.4,,
PALLAVARAM_THORAIPAKKAM_006,Thoraipakkam-Pallavaram,Thoraipakkam-Pallavaram,Pallavaram_Thoraipakkam.shp,6,9,1134.4,12.94892523,80.18849407,12.94862009,80.19893339,12.94862847,80.19371039,At-Grade (Ground),1741.12,1046.34,"12.948925226811989,80.18849406871112","12.948620091548488,80.19893338729405","12.948628467975922,80.19371038942057","12.948925226811989,80.18849406871112|12.948924021081321,80.1885598540512|12.94893,80.1887|12.94893,80.18883|12.94891,80.189|12.94886,80.18945|12.94884,80.18965|12.94883,80.18975|12.9488,80.19003|12.94879,80.19018|12.94878,80.19036|12.94872,80.19111|12.94871,80.19121|12.9487,80.1914|12.9487,80.19142|12.94867,80.19208|12.94866,80.19255|12.94866,80.19262|12.94866,80.19263|12.94865,80.19303|12.94864,80.19339|12.94863,80.19362|12.94862,80.19421|12.94861,80.19425|12.94862,80.19427|12.94861,80.19454|12.94861,80.1947|12.94861,80.19476|12.94861,80.19491|12.9486,80.1956|12.9486,80.19572|12.94859,80.19653|12.94858,80.19677|12.94858,80.19691|12.94858,80.19726|12.94857,80.19744|12.94857,80.19775|12.94859,80.19831|12.94862,80.19893|12.948620091548488,80.19893338729405",FALSE,Continuous,Intermediate,,1.48,Pallavaram-Thoraipakkam-6,6
PALLAVARAM_THORAIPAKKAM_007,Thoraipakkam-Pallavaram,Thoraipakkam-Pallavaram,Pallavaram_Thoraipakkam.shp,7,6,1224.11,12.94862009,80.19893339,12.94851966,80.210203,12.94878151,80.20457227,At-Grade (Ground),564.05,125.54,"12.948620091548488,80.19893338729405","12.948519661758068,80.21020300045141","12.948781511710486,80.20457227111658","12.948620091548488,80.19893338729405|12.94865,80.20004|12.94867,80.20064|12.94867,80.2007|12.94869,80.20163|12.94869,80.20165|12.94869,80.20168|12.94871,80.20226|12.94871,80.20253|12.94872,80.20284|12.94872,80.2029|12.94872,80.20315|12.94876,80.20366|12.94877,80.20406|12.94879,80.20495|12.94879,80.20512|12.9488,80.20556|12.94881,80.20581|12.9488,80.20606|12.94879,80.20636|12.94876,80.20705|12.94873,80.20763|12.94872,80.20772|12.94866,80.2084|12.94863,80.20877|12.94861,80.20904|12.94861,80.20915|12.94856,80.20982|12.94854,80.21|12.94852,80.21018|12.948519661758068,80.21020300045141",FALSE,Continuous,Intermediate,,1.22,Pallavaram-Thoraipakkam-7,7
PALLAVARAM_THORAIPAKKAM_008,Thoraipakkam-Pallavaram,Thoraipakkam-Pallavaram,Pallavaram_Thoraipakkam.shp,8,2,1139.28,12.94851966,80.210203,12.94934223,80.22066005,12.94881205,80.21544016,At-Grade (Ground),569.34,574.68,"12.948519661758068,80.21020300045141","12.949342228231348,80.22066005408213","12.94881204560447,80.21544016381549","12.948519661758068,80.21020300045141|12.94851,80.21086|12.94851,80.21104|12.94851,80.21106|12.94851,80.21142|12.94851,80.21152|12.94851,80.21158|12.94851,80.21159|12.94853,80.21202|12.94854,80.21231|12.94856,80.21268|12.94861,80.2133|12.94862,80.21341|12.94865,80.21372|12.94872,80.21452|12.94873,80.21465|12.94874,80.2147|12.9488,80.21532|12.9488,80.21536|12.94881,80.21542|12.94888,80.21611|12.94893,80.21653|12.94893,80.21654|12.94893,80.21657|12.94893,80.21659|12.94893,80.2166|12.94898,80.21709|12.94902,80.21742|12.94902,80.21748|12.94902,80.21752|12.94904,80.2177|12.94905,80.21782|12.94907,80.21794|12.94907,80.21798|12.94912,80.21843|12.94912,80.21852|12.94914,80.21863|12.94915,80.21881|12.94916,80.21886|12.94916,80.2189|12.94919,80.21918|12.94929,80.22018|12.9493,80.22022|12.9493,80.22027|12.94931,80.2204|12.94932,80.22051|12.94934,80.22064|12.949342228231348,80.22066005408213",FALSE,Continuous,Intermediate,,1.14,Pallavaram-Thoraipakkam-8,8
PALLAVARAM_THORAIPAKKAM_009,Thoraipakkam-Pallavaram,Thoraipakkam-Pallavaram,Pallavaram_Thoraipakkam.shp,9,7,1138.09,12.94934223,80.22066005,12.94995008,80.23113149,12.94965,80.22589481,At-Grade (Ground),568.6,1582.51,"12.949342228231348,80.22066005408213","12.949950080063763,80.23113149452357","12.94965,80.2258948115502","12.949342228231348,80.22066005408213|12.94935,80.22073|12.94935,80.22075|12.94936,80.22086|12.94937,80.22094|12.94938,80.22108|12.94939,80.22114|12.94939,80.2212|12.94943,80.22161|12.94945,80.22195|12.94948,80.22234|12.94948,80.22244|12.94949,80.22255|12.94951,80.22294|12.94951,80.22298|12.94951,80.22302|12.94952,80.22326|12.94953,80.22343|12.94958,80.22444|12.94965,80.22585|12.94965,80.22595|12.94971,80.22703|12.94972,80.22724|12.94973,80.22742|12.94977,80.22814|12.9498,80.22877|12.94982,80.22923|12.94984,80.22953|12.94991,80.23051|12.94995,80.23113|12.949950080063763,80.23113149452357",FALSE,Continuous,Intermediate,,1.14,Pallavaram-Thoraipakkam-9,8
PALLAVARAM_THORAIPAKKAM_010,Thoraipakkam-Pallavaram,Thoraipakkam-Pallavaram,Pallavaram_Thoraipakkam.shp,10,1,1043.65,12.94995008,80.23113149,12.94919,80.24066,12.94993337,80.23592191,At-Grade (Ground),518.91,2039.62,"12.949950080063763,80.23113149452357","12.94919,80.24066","12.949933372731476,80.23592191360345","12.949950080063763,80.23113149452357|12.94998,80.23169|12.94999,80.23176|12.94999,80.2318|12.95,80.23189|12.95002,80.23217|12.95002,80.23223|12.95003,80.23228|12.95004,80.23255|12.95011,80.23352|12.95012,80.23375|12.95013,80.23385|12.95013,80.23401|12.95012,80.23424|12.9501,80.23451|12.95007,80.23478|12.95003,80.23508|12.95003,80.23515|12.94999,80.23544|12.94994,80.23587|12.94988,80.23634|12.94983,80.23675|12.9497,80.23777|12.94968,80.23795|12.94961,80.23842|12.94958,80.23864|12.94952,80.23894|12.94944,80.23925|12.94939,80.23948|12.9493,80.23984|12.94925,80.24004|12.94921,80.2403|12.94918,80.24053|12.94918,80.24056|12.94918,80.24058|12.94918,80.24061|12.94918,80.24064|12.94919,80.24065|12.94919,80.24066",FALSE,Continuous,CORRIDOR_END_NODE,,1.04,Pallavaram-Thoraipakkam-10,9
PALLAVARAM_THORAIPAKKAM_AT_GRADE_001,Thoraipakkam-Pallavaram,Thoraipakkam-Pallavaram,Pallavaram_Thoraipakkam_At Grade.shp,1,0,438.56,12.94976423,80.18127886,12.94918101,80.18527469,12.94941713,80.18326828,At-Grade,2875.73,2179.96,"12.949764228227787,80.18127885886106","12.949181011087635,80.18527468806987","12.949417134352762,80.1832682765275","12.949764228227787,80.18127885886106|12.949673628882985,80.18164458785519|12.949365463596566,80.18359536818693|12.949254589220391,80.18455235476473|12.949181011087635,80.18527468806987",FALSE,Continuous,CORRIDOR_START_NODE,,0.44,,
PALLAVARAM_THORAIPAKKAM_AT_GRADE_002,Thoraipakkam-Pallavaram,Thoraipakkam-Pallavaram,Pallavaram_Thoraipakkam_At Grade.shp,2,1,350.39,12.94918101,80.18527469,12.94892523,80.18849407,12.94905892,80.18688473,At-Grade,2482.35,1786.82,"12.949181011087635,80.18527468806987","12.948925226811989,80.18849406871112","12.949058916915432,80.18688472996996","12.949181011087635,80.18527468806987|12.949133931754968,80.18573687661278|12.94905892843621,80.18688459128478|12.948925226811989,80.18849406871112",FALSE,Continuous,CORRIDOR_END_NODE,,0.35,,
THORAIPAKKAM_PALLAVARM_001,Thoraipakkam-Pallavaram,Thoraipakkam-Pallavaram,Thoraipakkam_Pallavarm.shp,1,0,1036.19,12.94882,80.24049,12.94986927,80.23111875,12.94979624,80.23586921,At-Grade (Ground),513.44,2045.17,"12.94882,80.24049","12.94986926637855,80.23111875113776","12.949796241510965,80.23586921005507","12.94882,80.24049|12.94885,80.24048|12.94888,80.24046|12.94891,80.24043|12.94893,80.24041|12.94894,80.24038|12.94899,80.24029|12.94911,80.2399|12.94914,80.23978|12.94933,80.23888|12.94939,80.2386|12.94941,80.23845|12.94946,80.2382|12.9495,80.2379|12.94961,80.23694|12.94966,80.23661|12.94971,80.23631|12.9498,80.23585|12.94986,80.23543|12.9499,80.23515|12.94995,80.23478|12.95,80.23449|12.95001,80.23433|12.95003,80.23412|12.95003,80.23404|12.95003,80.23396|12.95003,80.2335|12.95001,80.23314|12.94996,80.23258|12.94995,80.23233|12.94995,80.23228|12.94994,80.23221|12.94994,80.23208|12.94992,80.2318|12.94991,80.2317|12.94987,80.23113|12.94986926637855,80.23111875113776",FALSE,Continuous,CORRIDOR_START_NODE,,1.04,Thoraipakkam-Pallavaram- 1,1
THORAIPAKKAM_PALLAVARM_002,Thoraipakkam-Pallavaram,Thoraipakkam-Pallavaram,Thoraipakkam_Pallavarm.shp,2,1,1136.11,12.94986927,80.23111875,12.94926146,80.22066603,12.94957,80.22589144,At-Grade (Ground),569.38,1584.52,"12.94986926637855,80.23111875113776","12.949261457387149,80.22066603125863","12.94957,80.22589144339976","12.94986926637855,80.23111875113776|12.94984,80.23067|12.9498,80.23022|12.94974,80.22927|12.94972,80.22875|12.94967,80.22784|12.94967,80.22782|12.94965,80.22746|12.94964,80.22727|12.94964,80.22721|12.9496,80.22651|12.94957,80.22596|12.94957,80.22585|12.94955,80.22554|12.9495,80.22444|12.94945,80.22344|12.94945,80.22334|12.94944,80.22327|12.94943,80.22302|12.94943,80.22299|12.94943,80.22294|12.94941,80.22256|12.9494,80.22244|12.9494,80.22234|12.94937,80.22182|12.94935,80.22156|12.94932,80.2212|12.94931,80.2211|12.94928,80.22087|12.94927,80.22076|12.949261457387149,80.22066603125863",FALSE,Continuous,Intermediate,,1.14,Thoraipakkam-Pallavaram- 2,2
THORAIPAKKAM_PALLAVARM_003,Thoraipakkam-Pallavaram,Thoraipakkam-Pallavaram,Thoraipakkam_Pallavarm.shp,3,8,1141.1,12.94926146,80.22066603,12.94840902,80.2101934,12.94873103,80.21543824,At-Grade (Ground),568.72,573.52,"12.949261457387149,80.22066603125863","12.948409017679282,80.21019339890442","12.948731030479333,80.21543824383467","12.949261457387149,80.22066603125863|12.94926,80.22065|12.94925,80.22059|12.94922,80.22028|12.94922,80.22022|12.94921,80.22019|12.94917,80.21976|12.94908,80.21891|12.94908,80.21887|12.94907,80.21882|12.94906,80.21864|12.94905,80.21853|12.94904,80.21844|12.94899,80.21799|12.94898,80.21783|12.94894,80.21751|12.94894,80.21749|12.94894,80.21745|12.94892,80.2173|12.9489,80.21706|12.94886,80.2166|12.94886,80.21659|12.94885,80.21657|12.94885,80.21655|12.94885,80.21653|12.94874,80.21551|12.94873,80.21543|12.94872,80.21533|12.94866,80.21471|12.94865,80.21461|12.94864,80.21453|12.94861,80.21413|12.94854,80.21341|12.94853,80.2133|12.94848,80.21277|12.94846,80.21244|12.94844,80.21201|12.94842,80.21159|12.94842,80.21153|12.94842,80.21147|12.94841,80.21106|12.9484,80.21093|12.9484,80.21087|12.9484,80.21083|12.9484,80.21057|12.9484,80.2105|12.948409017679282,80.21019339890442",FALSE,Continuous,Intermediate,,1.14,Thoraipakkam-Pallavaram- 3,2
THORAIPAKKAM_PALLAVARM_004,Thoraipakkam-Pallavaram,Thoraipakkam-Pallavaram,Thoraipakkam_Pallavarm.shp,4,2,1225.63,12.94840902,80.2101934,12.94851024,80.19891563,12.94869966,80.20455933,At-Grade (Ground),564.92,122.57,"12.948409017679282,80.21019339890442","12.948510244985155,80.19891563465853","12.948699655645287,80.2045593250039","12.948409017679282,80.21019339890442|12.94841,80.21016|12.94841,80.21013|12.94843,80.20995|12.94845,80.20979|12.94847,80.20949|12.94853,80.20881|12.94856,80.20848|12.94861,80.20797|12.94863,80.20775|12.94865,80.20747|12.94866,80.20726|12.94867,80.20719|12.94869,80.20695|12.94869,80.20684|12.9487,80.20669|12.94871,80.20634|12.94872,80.20613|12.94873,80.20585|12.94872,80.20579|12.94872,80.20557|12.94872,80.20537|12.94871,80.20509|12.94871,80.20488|12.94869,80.20426|12.94869,80.204|12.94866,80.20355|12.94865,80.20333|12.94864,80.20315|12.94864,80.2029|12.94864,80.20284|12.94862,80.20223|12.94861,80.20169|12.94861,80.20166|12.9486,80.20163|12.94859,80.20116|12.94858,80.20089|12.94856,80.20004|12.94855,80.19983|12.948510244985155,80.19891563465853",FALSE,Continuous,Intermediate,,1.23,Thoraipakkam-Pallavaram- 4,3
THORAIPAKKAM_PALLAVARM_005,Thoraipakkam-Pallavaram,Thoraipakkam-Pallavaram,Thoraipakkam_Pallavarm.shp,5,3,1141.9,12.94851024,80.19891563,12.9488336,80.18840093,12.94852895,80.19365304,At-Grade (Ground),1747.24,1052.81,"12.948510244985155,80.19891563465853","12.948833599220398,80.188400931708","12.948528950245343,80.1936530399409","12.948510244985155,80.19891563465853|12.94851,80.19891|12.9485,80.19834|12.9485,80.19795|12.94849,80.19753|12.9485,80.19559|12.94851,80.19517|12.94852,80.19491|12.94852,80.19402|12.94853,80.19361|12.94854,80.1935|12.94857,80.19234|12.94858,80.19202|12.94859,80.19157|12.94862,80.19125|12.94864,80.19092|12.94867,80.19045|12.94871,80.18996|12.94876,80.18944|12.94879,80.18912|12.9488,80.18897|12.94882,80.18878|12.94882,80.18878|12.948833599220398,80.188400931708",FALSE,Continuous,Intermediate,,1.48,Thoraipakkam-Pallavaram- 5,4
THORAIPAKKAM_PALLAVARM_006,Thoraipakkam-Pallavaram,Thoraipakkam-Pallavaram,Thoraipakkam_Pallavarm.shp,6,9,785.18,12.9488336,80.18840093,12.94967858,80.18122746,12.94911945,80.18479456,At-Grade (Ground),2709.18,2013.63,"12.948833599220398,80.188400931708","12.949678578536489,80.18122746268344","12.949119452429276,80.18479455641666","12.948833599220398,80.188400931708|12.948881943585777,80.18774319530483|12.948966098569795,80.1868613140939|12.949019814502183,80.18606027199397|12.949064577770327,80.18546500217657|12.949086064136178,80.1852665789041|12.949110205074215,80.18491275800213|12.949167272796396,80.18418330669459|12.949218563351328,80.1835413987852|12.949329576153023,80.1829057094123|12.949462075238692,80.18209731830225|12.949555182662149,80.18173721680779|12.949678578536489,80.18122746268344",TRUE,Continuous,Intermediate,,0.39,,
THORAIPAKKAM_PALLAVARM_007,Thoraipakkam-Pallavaram,Thoraipakkam-Pallavaram,Thoraipakkam_Pallavarm.shp,7,4,767.72,12.94967858,80.18122746,12.95125446,80.17434128,12.9504375,80.17777688,At-Grade (Ground),3476.4,2353.13,"12.949678578536489,80.18122746268344","12.951254456768652,80.17434128157166","12.95043749893687,80.17777687898675","12.949678578536489,80.18122746268344|12.94968,80.18122|12.94982,80.18043|12.9499,80.18|12.94993,80.17987|12.95,80.1795|12.95025,80.17848|12.95053,80.17743|12.95063,80.17706|12.95065,80.17696|12.95076,80.17653|12.95084,80.17619|12.95085,80.17615|12.95086,80.17608|12.95089,80.17594|12.95092,80.17588|12.951,80.17549|12.95103,80.17534|12.95106,80.17524|12.95107,80.17516|12.95109,80.17508|12.95113,80.17487|12.9512,80.17456|12.95125,80.17436|12.951254456768652,80.17434128157166",FALSE,Continuous,Intermediate,,0.77,Thoraipakkam-Pallavaram- 7,6
THORAIPAKKAM_PALLAVARM_008,Thoraipakkam-Pallavaram,Thoraipakkam-Pallavaram,Thoraipakkam_Pallavarm.shp,8,7,1711.76,12.95125446,80.17434128,12.95444531,80.15890812,12.95280797,80.1666181,At-Grade (Ground),3181.91,2695.52,"12.951254456768652,80.17434128157166","12.954445313332556,80.15890812000467","12.952807973948552,80.1666181042058","12.951254456768652,80.17434128157166|12.9513,80.17415|12.9513,80.17413|12.95132,80.17406|12.95136,80.17386|12.9514,80.17365|12.95153,80.17298|12.95162,80.17243|12.95166,80.17221|12.95182,80.17128|12.95193,80.17068|12.95196,80.17045|12.95204,80.17003|12.95205,80.16994|12.95207,80.16981|12.95214,80.16944|12.9522,80.16912|12.95229,80.16864|12.95232,80.16849|12.95239,80.16822|12.95278,80.16673|12.95285,80.16645|12.95298,80.16585|12.95302,80.16567|12.95312,80.16523|12.95317,80.16498|12.95332,80.16431|12.95345,80.16372|12.95347,80.16362|12.95353,80.16339|12.95354,80.16331|12.95355,80.16329|12.95366,80.16277|12.95375,80.16235|12.95377,80.16225|12.95384,80.16192|12.95385,80.16185|12.95444,80.15894|12.954445313332556,80.15890812000467",FALSE,Continuous,Intermediate,,1.71,Thoraipakkam-Pallavaram- 8,7
THORAIPAKKAM_PALLAVARM_009,Thoraipakkam-Pallavaram,Thoraipakkam-Pallavaram,Thoraipakkam_Pallavarm.shp,9,5,1115.21,12.95444531,80.15890812,12.95874267,80.15012388,12.95552818,80.1539094,At-Grade (Ground),3200.94,3600.4,"12.954445313332556,80.15890812000467","12.958742668825773,80.15012388227436","12.955528181287818,80.15390939570727","12.954445313332556,80.15890812000467|12.95446,80.15882|12.95453,80.15852|12.95458,80.15827|12.9546,80.15815|12.9548,80.15722|12.95483,80.15707|12.95489,80.15677|12.9549,80.15673|12.95503,80.15609|12.95513,80.15564|12.95515,80.15557|12.95517,80.15546|12.95521,80.15528|12.95523,80.15518|12.95529,80.15492|12.9553,80.15485|12.95542,80.15434|12.95543,80.15427|12.95548,80.15407|12.95554,80.15387|12.95556,80.15375|12.95568,80.15338|12.9558,80.15302|12.95586,80.15284|12.9559,80.15277|12.95593,80.15271|12.95604,80.15252|12.95605,80.15252|12.95612,80.1524|12.95633,80.15214|12.95659,80.1519|12.95701,80.15154|12.95715,80.15142|12.95719,80.15139|12.95729,80.15131|12.95743,80.15119|12.95776,80.15091|12.95815,80.1506|12.95859,80.15025|12.958742668825773,80.15012388227436",FALSE,Continuous,Intermediate,,1.12,Thoraipakkam-Pallavaram- 9,8
THORAIPAKKAM_PALLAVARM_010,Thoraipakkam-Pallavaram,Thoraipakkam-Pallavaram,Thoraipakkam_Pallavarm.shp,10,6,539.76,12.95874267,80.15012388,12.96031,80.14558,12.959797,80.14800499,At-Grade (Ground),3151.38,4003.12,"12.958742668825773,80.15012388227436","12.96031,80.14558","12.959797002301887,80.14800498849056","12.958742668825773,80.15012388227436|12.95882,80.15006|12.95887,80.15003|12.95891,80.14999|12.95921,80.14977|12.95923,80.14974|12.95931,80.14967|12.95936,80.1496|12.95937,80.14959|12.9594,80.14954|12.95942,80.1495|12.95946,80.14943|12.9595,80.14935|12.95953,80.14925|12.95958,80.14906|12.95962,80.1489|12.95964,80.1488|12.9597,80.14849|12.9598,80.14799|12.95983,80.14789|12.95997,80.14723|12.95998,80.14715|12.95999,80.1471|12.96,80.14707|12.96,80.14705|12.96002,80.14697|12.96005,80.14682|12.96007,80.14674|12.96009,80.14664|12.9601,80.14657|12.96011,80.14653|12.96011,80.14652|12.96013,80.14645|12.96017,80.14623|12.96028,80.14573|12.96031,80.14559|12.96031,80.14558",FALSE,Continuous,CORRIDOR_END_NODE,,0.54,Thoraipakkam-Pallavaram- 10,9
THORAIPAKKAM_PALLAVARM_AT_GRADE_001,Thoraipakkam-Pallavaram,Thoraipakkam-Pallavaram,Thoraipakkam_Pallavarm_At Grade.shp,1,0,442.7,12.94967858,80.18122746,12.9491112,80.18526487,12.94934187,80.18323923,At-Grade,2878.58,2182.86,"12.949678578536489,80.18122746268344","12.949111196844438,80.18526486505891","12.94934186944173,80.18323923460063","12.949678578536489,80.18122746268344|12.9496002562303,80.18169143335189|12.94953177506831,80.18210969671635|12.949399704202754,80.18288766657423|12.949292090853133,80.18354183047619|12.949213826569675,80.18410063033106|12.949156758847494,80.1848300816386|12.949111196844438,80.18526486505891",FALSE,Continuous,CORRIDOR_START_NODE,,0.44,,
THORAIPAKKAM_PALLAVARM_AT_GRADE_002,Thoraipakkam-Pallavaram,Thoraipakkam-Pallavaram,Thoraipakkam_Pallavarm_At Grade.shp,2,1,341.74,12.9491112,80.18526487,12.9488336,80.18840093,12.94899873,80.18683565,At-Grade,2487.5,1792.05,"12.949111196844438,80.18526486505891","12.948833599220398,80.188400931708","12.948998728658362,80.18683564753339","12.949111196844438,80.18526486505891|12.949091538577566,80.18545245752489|12.949049145392959,80.18605642982318|12.948996969155841,80.1868628415898|12.94891544376349,80.18773450244129|12.948888494508724,80.18808596744867|12.948833599220398,80.188400931708",FALSE,Continuous,CORRIDOR_END_NODE,,0.34,,
