"id","timestamp_utc","cycle_id","segment_uid","corridor_name","local_aqi","air_quality_category","dominant_pollutant","api_response_status","api_debug_message","api_latency_ms","retry_count"
36876,"2026-07-28 00:35:38.970839+00","2026-07-28T00:35:11Z_0001_aqi","KILAMBAKKAM_LITTLEMOUNT_009","Corridor_Littlemount_Kilambakkam",NULL,NULL,NULL,"FAILED","No response from API",1598.7,0
36877,"2026-07-28 00:35:38.970839+00","2026-07-28T00:35:11Z_0001_aqi","KILAMBAKKAM_LITTLEMOUNT(AT_GRADE_BELOWFLYOVER)_004","Corridor_Littlemount_Kilambakkam",NULL,NULL,NULL,"FAILED","No response from API",1603.9,0
36878,"2026-07-28 00:35:38.970839+00","2026-07-28T00:35:11Z_0001_aqi","KILAMBAKKAM_LITTLEMOUNT(AT_GRADE_BELOWFLYOVER)_003","Corridor_Littlemount_Kilambakkam",NULL,NULL,NULL,"FAILED","No response from API",1607.7,0
36879,"2026-07-28 00:35:38.970839+00","2026-07-28T00:35:11Z_0001_aqi","KILAMBAKKAM_LITTLEMOUNT_001","Corridor_Littlemount_Kilambakkam",NULL,NULL,NULL,"FAILED","No response from API",1617.1,0
36880,"2026-07-28 00:35:38.970839+00","2026-07-28T00:35:11Z_0001_aqi","KILAMBAKKAM_LITTLEMOUNT_002","Corridor_Littlemount_Kilambakkam",NULL,NULL,NULL,"FAILED","No response from API",1621.4,0
36881,"2026-07-28 00:35:38.970839+00","2026-07-28T00:35:11Z_0001_aqi","KILAMBAKKAM_LITTLEMOUNT(AT_GRADE_BELOWFLYOVER)_007","Corridor_Littlemount_Kilambakkam",NULL,NULL,NULL,"FAILED","No response from API",1625.0,0
36882,"2026-07-28 00:35:38.970839+00","2026-07-28T00:35:11Z_0001_aqi","KILAMBAKKAM_LITTLEMOUNT_007","Corridor_Littlemount_Kilambakkam",NULL,NULL,NULL,"FAILED","No response from API",1625.4,0
36883,"2026-07-28 00:35:38.970839+00","2026-07-28T00:35:11Z_0001_aqi","KILAMBAKKAM_LITTLEMOUNT_004","Corridor_Littlemount_Kilambakkam",NULL,NULL,NULL,"FAILED","No response from API",1625.8,0
36884,"2026-07-28 00:35:38.970839+00","2026-07-28T00:35:11Z_0001_aqi","KILAMBAKKAM_LITTLEMOUNT(AT_GRADE_BELOWFLYOVER)_001","Corridor_Littlemount_Kilambakkam",NULL,NULL,NULL,"FAILED","No response from API",1629.0,0
36885,"2026-07-28 00:35:38.970839+00","2026-07-28T00:35:11Z_0001_aqi","KILAMBAKKAM_LITTLEMOUNT_011","Corridor_Littlemount_Kilambakkam",NULL,NULL,NULL,"FAILED","No response from API",1628.5,0
36886,"2026-07-28 00:35:38.970839+00","2026-07-28T00:35:11Z_0001_aqi","KILAMBAKKAM_LITTLEMOUNT(AT_GRADE_BELOWFLYOVER)_008","Corridor_Littlemount_Kilambakkam",NULL,NULL,NULL,"FAILED","No response from API",1630.7,0
36887,"2026-07-28 00:35:38.970839+00","2026-07-28T00:35:11Z_0001_aqi","KILAMBAKKAM_LITTLEMOUNT(AT_GRADE_BELOWFLYOVER)_006","Corridor_Littlemount_Kilambakkam",NULL,NULL,NULL,"FAILED","No response from API",1631.5,0
36888,"2026-07-28 00:35:38.970839+00","2026-07-28T00:35:11Z_0001_aqi","KILAMBAKKAM_LITTLEMOUNT_003","Corridor_Littlemount_Kilambakkam",NULL,NULL,NULL,"FAILED","No response from API",1631.9,0
36889,"2026-07-28 00:35:38.970839+00","2026-07-28T00:35:11Z_0001_aqi","KILAMBAKKAM_LITTLEMOUNT_010","Corridor_Littlemount_Kilambakkam",NULL,NULL,NULL,"FAILED","No response from API",1633.8,0
36890,"2026-07-28 00:35:38.970839+00","2026-07-28T00:35:11Z_0001_aqi","KILAMBAKKAM_LITTLEMOUNT_006","Corridor_Littlemount_Kilambakkam",NULL,NULL,NULL,"FAILED","No response from API",1636.7,0
36891,"2026-07-28 00:35:38.970839+00","2026-07-28T00:35:11Z_0001_aqi","KILAMBAKKAM_LITTLEMOUNT(AT_GRADE_BELOWFLYOVER)_005","Corridor_Littlemount_Kilambakkam",NULL,NULL,NULL,"FAILED","No response from API",1638.3,0
36892,"2026-07-28 00:35:38.970839+00","2026-07-28T00:35:11Z_0001_aqi","KILAMBAKKAM_LITTLEMOUNT_005","Corridor_Littlemount_Kilambakkam",NULL,NULL,NULL,"FAILED","No response from API",1646.7,0
36893,"2026-07-28 00:35:38.970839+00","2026-07-28T00:35:11Z_0001_aqi","KILAMBAKKAM_LITTLEMOUNT(AT_GRADE_BELOWFLYOVER)_009","Corridor_Littlemount_Kilambakkam",NULL,NULL,NULL,"FAILED","No response from API",1654.3,0
36894,"2026-07-28 00:35:38.970839+00","2026-07-28T00:35:11Z_0001_aqi","KILAMBAKKAM_LITTLEMOUNT_008","Corridor_Littlemount_Kilambakkam",NULL,NULL,NULL,"FAILED","No response from API",1740.3,0
36895,"2026-07-28 00:35:38.970839+00","2026-07-28T00:35:11Z_0001_aqi","KILAMBAKKAM_LITTLEMOUNT(AT_GRADE_BELOWFLYOVER)_002","Corridor_Littlemount_Kilambakkam",NULL,NULL,NULL,"FAILED","No response from API",1757.5,0
36896,"2026-07-28 00:35:38.970839+00","2026-07-28T00:35:11Z_0001_aqi","KILAMBAKKAM_LITTLEMOUNT_012","Corridor_Littlemount_Kilambakkam",NULL,NULL,NULL,"FAILED","No response from API",1859.7,0
36897,"2026-07-28 00:35:38.970839+00","2026-07-28T00:35:11Z_0001_aqi","KILAMBAKKAM_LITTLEMOUNT_014","Corridor_Littlemount_Kilambakkam",NULL,NULL,NULL,"FAILED","No response from API",1865.8,0
36898,"2026-07-28 00:35:38.970839+00","2026-07-28T00:35:11Z_0001_aqi","KILAMBAKKAM_LITTLEMOUNT_013","Corridor_Littlemount_Kilambakkam",NULL,NULL,NULL,"FAILED","No response from API",1871.8,0
36899,"2026-07-28 00:35:38.970839+00","2026-07-28T00:35:11Z_0001_aqi","KILAMBAKKAM_LITTLEMOUNT_015","Corridor_Littlemount_Kilambakkam",NULL,NULL,NULL,"FAILED","No response from API",1878.2,0
36900,"2026-07-28 00:35:38.970839+00","2026-07-28T00:35:11Z_0001_aqi","KILAMBAKKAM_LITTLEMOUNT_016","Corridor_Littlemount_Kilambakkam",NULL,NULL,NULL,"FAILED","No response from API",1881.8,0
36901,"2026-07-28 00:35:38.970839+00","2026-07-28T00:35:11Z_0001_aqi","KILAMBAKKAM_LITTLEMOUNT_017","Corridor_Littlemount_Kilambakkam",NULL,NULL,NULL,"FAILED","No response from API",1884.8,0
36902,"2026-07-28 00:35:38.970839+00","2026-07-28T00:35:11Z_0001_aqi","KILAMBAKKAM_LITTLEMOUNT_018","Corridor_Littlemount_Kilambakkam",NULL,NULL,NULL,"FAILED","No response from API",1885.8,0
36903,"2026-07-28 00:35:38.970839+00","2026-07-28T00:35:11Z_0001_aqi","KILAMBAKKAM_LITTLEMOUNT_024","Corridor_Littlemount_Kilambakkam",NULL,NULL,NULL,"FAILED","No response from API",1891.5,0
36904,"2026-07-28 00:35:38.970839+00","2026-07-28T00:35:11Z_0001_aqi","KILAMBAKKAM_LITTLEMOUNT_022","Corridor_Littlemount_Kilambakkam",NULL,NULL,NULL,"FAILED","No response from API",1891.8,0
36905,"2026-07-28 00:35:38.970839+00","2026-07-28T00:35:11Z_0001_aqi","KILAMBAKKAM_LITTLEMOUNT_025","Corridor_Littlemount_Kilambakkam",NULL,NULL,NULL,"FAILED","No response from API",1893.2,0
36906,"2026-07-28 00:35:38.970839+00","2026-07-28T00:35:11Z_0001_aqi","KILAMBAKKAM_LITTLEMOUNT_023","Corridor_Littlemount_Kilambakkam",NULL,NULL,NULL,"FAILED","No response from API",1894.9,0
36907,"2026-07-28 00:35:38.970839+00","2026-07-28T00:35:11Z_0001_aqi","KILAMBAKKAM_LITTLEMOUNT_019","Corridor_Littlemount_Kilambakkam",NULL,NULL,NULL,"FAILED","No response from API",1895.4,0
36908,"2026-07-28 00:35:38.970839+00","2026-07-28T00:35:11Z_0001_aqi","KILAMBAKKAM_LITTLEMOUNT_021","Corridor_Littlemount_Kilambakkam",NULL,NULL,NULL,"FAILED","No response from API",1896.5,0
36909,"2026-07-28 00:35:38.970839+00","2026-07-28T00:35:11Z_0001_aqi","KILAMBAKKAM_LITTLEMOUNT_020","Corridor_Littlemount_Kilambakkam",NULL,NULL,NULL,"FAILED","No response from API",1897.7,0
36910,"2026-07-28 00:35:38.970839+00","2026-07-28T00:35:11Z_0001_aqi","KILAMBAKKAM_LITTLEMOUNT_026","Corridor_Littlemount_Kilambakkam",NULL,NULL,NULL,"FAILED","No response from API",1899.1,0
36911,"2026-07-28 00:35:38.970839+00","2026-07-28T00:35:11Z_0001_aqi","KILAMBAKKAM_LITTLEMOUNT_027","Corridor_Littlemount_Kilambakkam",NULL,NULL,NULL,"FAILED","No response from API",1907.8,0
36912,"2026-07-28 00:35:38.970839+00","2026-07-28T00:35:11Z_0001_aqi","KILAMBAKKAM_LITTLEMOUNT_028","Corridor_Littlemount_Kilambakkam",NULL,NULL,NULL,"FAILED","No response from API",1929.9,0
36913,"2026-07-28 00:35:38.970839+00","2026-07-28T00:35:11Z_0001_aqi","KILAMBAKKAM_LITTLEMOUNT_029","Corridor_Littlemount_Kilambakkam",NULL,NULL,NULL,"FAILED","No response from API",1935.3,0
36914,"2026-07-28 00:35:38.970839+00","2026-07-28T00:35:11Z_0001_aqi","LITTLEMOUNT_KILAMBAKKAM(AT_GRADE_BELOWFLYOVER)_002","Corridor_Littlemount_Kilambakkam",NULL,NULL,NULL,"FAILED","No response from API",2017.8,0
36915,"2026-07-28 00:35:38.970839+00","2026-07-28T00:35:11Z_0001_aqi","LITTLEMOUNT_KILAMBAKKAM(AT_GRADE_BELOWFLYOVER)_001","Corridor_Littlemount_Kilambakkam",NULL,NULL,NULL,"FAILED","No response from API",2024.5,0
36916,"2026-07-28 00:35:38.970839+00","2026-07-28T00:35:11Z_0001_aqi","LITTLEMOUNT_KILAMBAKKAM(AT_GRADE_BELOWFLYOVER)_003","Corridor_Littlemount_Kilambakkam",NULL,NULL,NULL,"FAILED","No response from API",3135.8,0
36917,"2026-07-28 00:35:38.970839+00","2026-07-28T00:35:11Z_0001_aqi","LITTLEMOUNT_KILAMBAKKAM(AT_GRADE_BELOWFLYOVER)_005","Corridor_Littlemount_Kilambakkam",NULL,NULL,NULL,"FAILED","No response from API",3139.4,0
36918,"2026-07-28 00:35:38.970839+00","2026-07-28T00:35:11Z_0001_aqi","LITTLEMOUNT_KILAMBAKKAM(AT_GRADE_BELOWFLYOVER)_004","Corridor_Littlemount_Kilambakkam",NULL,NULL,NULL,"FAILED","No response from API",3143.4,0
36919,"2026-07-28 00:35:38.970839+00","2026-07-28T00:35:11Z_0001_aqi","LITTLEMOUNT_KILAMBAKKAM(AT_GRADE_BELOWFLYOVER)_006","Corridor_Littlemount_Kilambakkam",NULL,NULL,NULL,"FAILED","No response from API",3155.1,0
36920,"2026-07-28 00:35:38.970839+00","2026-07-28T00:35:11Z_0001_aqi","LITTLEMOUNT_KILAMBAKKAM_003","Corridor_Littlemount_Kilambakkam",NULL,NULL,NULL,"FAILED","No response from API",3162.8,0
36921,"2026-07-28 00:35:38.970839+00","2026-07-28T00:35:11Z_0001_aqi","LITTLEMOUNT_KILAMBAKKAM_001","Corridor_Littlemount_Kilambakkam",NULL,NULL,NULL,"FAILED","No response from API",3163.6,0
36922,"2026-07-28 00:35:38.970839+00","2026-07-28T00:35:11Z_0001_aqi","LITTLEMOUNT_KILAMBAKKAM_010","Corridor_Littlemount_Kilambakkam",NULL,NULL,NULL,"FAILED","No response from API",3166.7,0
36923,"2026-07-28 00:35:38.970839+00","2026-07-28T00:35:11Z_0001_aqi","LITTLEMOUNT_KILAMBAKKAM_005","Corridor_Littlemount_Kilambakkam",NULL,NULL,NULL,"FAILED","No response from API",3168.5,0
36924,"2026-07-28 00:35:38.970839+00","2026-07-28T00:35:11Z_0001_aqi","LITTLEMOUNT_KILAMBAKKAM_007","Corridor_Littlemount_Kilambakkam",NULL,NULL,NULL,"FAILED","No response from API",3173.2,0
36925,"2026-07-28 00:35:38.970839+00","2026-07-28T00:35:11Z_0001_aqi","LITTLEMOUNT_KILAMBAKKAM_006","Corridor_Littlemount_Kilambakkam",NULL,NULL,NULL,"FAILED","No response from API",3174.0,0
36926,"2026-07-28 00:35:38.970839+00","2026-07-28T00:35:11Z_0001_aqi","LITTLEMOUNT_KILAMBAKKAM_004","Corridor_Littlemount_Kilambakkam",NULL,NULL,NULL,"FAILED","No response from API",3174.8,0
36927,"2026-07-28 00:35:38.970839+00","2026-07-28T00:35:11Z_0001_aqi","LITTLEMOUNT_KILAMBAKKAM_009","Corridor_Littlemount_Kilambakkam",NULL,NULL,NULL,"FAILED","No response from API",3175.8,0
36928,"2026-07-28 00:35:38.970839+00","2026-07-28T00:35:11Z_0001_aqi","LITTLEMOUNT_KILAMBAKKAM_012","Corridor_Littlemount_Kilambakkam",NULL,NULL,NULL,"FAILED","No response from API",3178.2,0
36929,"2026-07-28 00:35:38.970839+00","2026-07-28T00:35:11Z_0001_aqi","LITTLEMOUNT_KILAMBAKKAM_002","Corridor_Littlemount_Kilambakkam",NULL,NULL,NULL,"FAILED","No response from API",3180.0,0
36930,"2026-07-28 00:35:38.970839+00","2026-07-28T00:35:11Z_0001_aqi","LITTLEMOUNT_KILAMBAKKAM_008","Corridor_Littlemount_Kilambakkam",NULL,NULL,NULL,"FAILED","No response from API",3181.3,0
36931,"2026-07-28 00:35:38.970839+00","2026-07-28T00:35:11Z_0001_aqi","LITTLEMOUNT_KILAMBAKKAM_011","Corridor_Littlemount_Kilambakkam",NULL,NULL,NULL,"FAILED","No response from API",3184.3,0
36932,"2026-07-28 00:35:38.970839+00","2026-07-28T00:35:11Z_0001_aqi","LITTLEMOUNT_KILAMBAKKAM_013","Corridor_Littlemount_Kilambakkam",NULL,NULL,NULL,"FAILED","No response from API",3208.5,0
36933,"2026-07-28 00:35:38.970839+00","2026-07-28T00:35:11Z_0001_aqi","LITTLEMOUNT_KILAMBAKKAM_016","Corridor_Littlemount_Kilambakkam",NULL,NULL,NULL,"FAILED","No response from API",3311.0,0
36934,"2026-07-28 00:35:38.970839+00","2026-07-28T00:35:11Z_0001_aqi","LITTLEMOUNT_KILAMBAKKAM_014","Corridor_Littlemount_Kilambakkam",NULL,NULL,NULL,"FAILED","No response from API",3313.5,0
36935,"2026-07-28 00:35:38.970839+00","2026-07-28T00:35:11Z_0001_aqi","LITTLEMOUNT_KILAMBAKKAM_015","Corridor_Littlemount_Kilambakkam",NULL,NULL,NULL,"FAILED","No response from API",3351.5,0
36936,"2026-07-28 00:35:38.970839+00","2026-07-28T00:35:11Z_0001_aqi","LITTLEMOUNT_KILAMBAKKAM_017","Corridor_Littlemount_Kilambakkam",NULL,NULL,NULL,"FAILED","No response from API",3394.7,0
36937,"2026-07-28 00:35:38.970839+00","2026-07-28T00:35:11Z_0001_aqi","LITTLEMOUNT_KILAMBAKKAM_019","Corridor_Littlemount_Kilambakkam",NULL,NULL,NULL,"FAILED","No response from API",3404.0,0
36938,"2026-07-28 00:35:38.970839+00","2026-07-28T00:35:11Z_0001_aqi","LITTLEMOUNT_KILAMBAKKAM_018","Corridor_Littlemount_Kilambakkam",NULL,NULL,NULL,"FAILED","No response from API",3407.0,0
36939,"2026-07-28 00:35:38.970839+00","2026-07-28T00:35:11Z_0001_aqi","LITTLEMOUNT_KILAMBAKKAM_022","Corridor_Littlemount_Kilambakkam",NULL,NULL,NULL,"FAILED","No response from API",3425.0,0
36940,"2026-07-28 00:35:38.970839+00","2026-07-28T00:35:11Z_0001_aqi","LITTLEMOUNT_KILAMBAKKAM_020","Corridor_Littlemount_Kilambakkam",NULL,NULL,NULL,"FAILED","No response from API",3428.0,0
36941,"2026-07-28 00:35:38.970839+00","2026-07-28T00:35:11Z_0001_aqi","LITTLEMOUNT_KILAMBAKKAM_021","Corridor_Littlemount_Kilambakkam",NULL,NULL,NULL,"FAILED","No response from API",3429.1,0
36942,"2026-07-28 00:35:38.970839+00","2026-07-28T00:35:11Z_0001_aqi","LITTLEMOUNT_KILAMBAKKAM_025","Corridor_Littlemount_Kilambakkam",NULL,NULL,NULL,"FAILED","No response from API",3433.7,0
36943,"2026-07-28 00:35:38.970839+00","2026-07-28T00:35:11Z_0001_aqi","LITTLEMOUNT_KILAMBAKKAM_027","Corridor_Littlemount_Kilambakkam",NULL,NULL,NULL,"FAILED","No response from API",3434.4,0
36944,"2026-07-28 00:35:38.970839+00","2026-07-28T00:35:11Z_0001_aqi","LITTLEMOUNT_KILAMBAKKAM_028","Corridor_Littlemount_Kilambakkam",NULL,NULL,NULL,"FAILED","No response from API",3439.2,0
36945,"2026-07-28 00:35:38.970839+00","2026-07-28T00:35:11Z_0001_aqi","LITTLEMOUNT_KILAMBAKKAM_024","Corridor_Littlemount_Kilambakkam",NULL,NULL,NULL,"FAILED","No response from API",3440.1,0
36946,"2026-07-28 00:35:38.970839+00","2026-07-28T00:35:11Z_0001_aqi","LITTLEMOUNT_KILAMBAKKAM_030","Corridor_Littlemount_Kilambakkam",NULL,NULL,NULL,"FAILED","No response from API",3440.6,0
36947,"2026-07-28 00:35:38.970839+00","2026-07-28T00:35:11Z_0001_aqi","LITTLEMOUNT_KILAMBAKKAM_026","Corridor_Littlemount_Kilambakkam",NULL,NULL,NULL,"FAILED","No response from API",3442.0,0
36948,"2026-07-28 00:35:38.970839+00","2026-07-28T00:35:11Z_0001_aqi","LITTLEMOUNT_KILAMBAKKAM_031","Corridor_Littlemount_Kilambakkam",NULL,NULL,NULL,"FAILED","No response from API",3442.7,0
36949,"2026-07-28 00:35:38.970839+00","2026-07-28T00:35:11Z_0001_aqi","LITTLEMOUNT_KILAMBAKKAM_023","Corridor_Littlemount_Kilambakkam",NULL,NULL,NULL,"FAILED","No response from API",3444.2,0
36950,"2026-07-28 00:35:38.970839+00","2026-07-28T00:35:11Z_0001_aqi","LITTLEMOUNT_KILAMBAKKAM_032","Corridor_Littlemount_Kilambakkam",NULL,NULL,NULL,"FAILED","No response from API",3446.7,0
36951,"2026-07-28 00:35:38.970839+00","2026-07-28T00:35:11Z_0001_aqi","LITTLEMOUNT_KILAMBAKKAM_029","Corridor_Littlemount_Kilambakkam",NULL,NULL,NULL,"FAILED","No response from API",3453.0,0
36952,"2026-07-28 00:35:38.970839+00","2026-07-28T00:35:11Z_0001_aqi","BROADWAY_KOYEMBEDU_001","EVR Salai",NULL,NULL,NULL,"FAILED","No response from API",3558.6,0
36953,"2026-07-28 00:35:38.970839+00","2026-07-28T00:35:11Z_0001_aqi","BROADWAY_KOYEMBEDU_003","EVR Salai",NULL,NULL,NULL,"FAILED","No response from API",3580.6,0
36954,"2026-07-28 00:35:38.970839+00","2026-07-28T00:35:11Z_0001_aqi","BROADWAY_KOYEMBEDU_002","EVR Salai",NULL,NULL,NULL,"FAILED","No response from API",3598.3,0
36955,"2026-07-28 00:35:38.970839+00","2026-07-28T00:35:11Z_0001_aqi","BROADWAY_KOYEMBEDU_004","EVR Salai",NULL,NULL,NULL,"FAILED","No response from API",3613.3,0
36956,"2026-07-28 00:35:38.970839+00","2026-07-28T00:35:11Z_0001_aqi","BROADWAY_KOYEMBEDU_007","EVR Salai",NULL,NULL,NULL,"FAILED","No response from API",4676.6,0
36957,"2026-07-28 00:35:38.970839+00","2026-07-28T00:35:11Z_0001_aqi","BROADWAY_KOYEMBEDU_006","EVR Salai",NULL,NULL,NULL,"FAILED","No response from API",4677.4,0
36958,"2026-07-28 00:35:38.970839+00","2026-07-28T00:35:11Z_0001_aqi","BROADWAY_KOYEMBEDU_005","EVR Salai",NULL,NULL,NULL,"FAILED","No response from API",4678.0,0
36959,"2026-07-28 00:35:38.970839+00","2026-07-28T00:35:11Z_0001_aqi","BROADWAY_KOYEMBEDU_009","EVR Salai",NULL,NULL,NULL,"FAILED","No response from API",4692.6,0
36960,"2026-07-28 00:35:38.970839+00","2026-07-28T00:35:11Z_0001_aqi","BROADWAY_KOYEMBEDU_008","EVR Salai",NULL,NULL,NULL,"FAILED","No response from API",4697.5,0
36961,"2026-07-28 00:35:38.970839+00","2026-07-28T00:35:11Z_0001_aqi","BROADWAY_KOYEMBEDU_010","EVR Salai",NULL,NULL,NULL,"FAILED","No response from API",4700.7,0
36962,"2026-07-28 00:35:38.970839+00","2026-07-28T00:35:11Z_0001_aqi","BROADWAY_KOYEMBEDU_014","EVR Salai",NULL,NULL,NULL,"FAILED","No response from API",4711.8,0
36963,"2026-07-28 00:35:38.970839+00","2026-07-28T00:35:11Z_0001_aqi","BROADWAY_KOYEMBEDU_011","EVR Salai",NULL,NULL,NULL,"FAILED","No response from API",4713.9,0
36964,"2026-07-28 00:35:38.970839+00","2026-07-28T00:35:11Z_0001_aqi","BROADWAY_KOYEMBEDU_012","EVR Salai",NULL,NULL,NULL,"FAILED","No response from API",4714.7,0
36965,"2026-07-28 00:35:38.970839+00","2026-07-28T00:35:11Z_0001_aqi","BROADWAY_KOYEMBEDU_013","EVR Salai",NULL,NULL,NULL,"FAILED","No response from API",4715.2,0
36966,"2026-07-28 00:35:38.970839+00","2026-07-28T00:35:11Z_0001_aqi","BROADWAY_KOYEMBEDU_020","EVR Salai",NULL,NULL,NULL,"FAILED","No response from API",4718.9,0
36967,"2026-07-28 00:35:38.970839+00","2026-07-28T00:35:11Z_0001_aqi","BROADWAY_KOYEMBEDU_015","EVR Salai",NULL,NULL,NULL,"FAILED","No response from API",4720.9,0
36968,"2026-07-28 00:35:38.970839+00","2026-07-28T00:35:11Z_0001_aqi","BROADWAY_KOYEMBEDU_018","EVR Salai",NULL,NULL,NULL,"FAILED","No response from API",4721.7,0
36969,"2026-07-28 00:35:38.970839+00","2026-07-28T00:35:11Z_0001_aqi","BROADWAY_KOYEMBEDU_017","EVR Salai",NULL,NULL,NULL,"FAILED","No response from API",4725.2,0
36970,"2026-07-28 00:35:38.970839+00","2026-07-28T00:35:11Z_0001_aqi","BROADWAY_KOYEMBEDU_016","EVR Salai",NULL,NULL,NULL,"FAILED","No response from API",4726.0,0
36971,"2026-07-28 00:35:38.970839+00","2026-07-28T00:35:11Z_0001_aqi","BROADWAY_KOYEMBEDU_019","EVR Salai",NULL,NULL,NULL,"FAILED","No response from API",4727.3,0
36972,"2026-07-28 00:35:38.970839+00","2026-07-28T00:35:11Z_0001_aqi","BROADWAY_KOYEMBEDU_021","EVR Salai",NULL,NULL,NULL,"FAILED","No response from API",4774.0,0
36973,"2026-07-28 00:35:38.970839+00","2026-07-28T00:35:11Z_0001_aqi","BROADWAY_KOYEMBEDU_022","EVR Salai",NULL,NULL,NULL,"FAILED","No response from API",4878.0,0
36974,"2026-07-28 00:35:38.970839+00","2026-07-28T00:35:11Z_0001_aqi","BROADWAY_KOYEMBEDU_023","EVR Salai",NULL,NULL,NULL,"FAILED","No response from API",4932.5,0
36975,"2026-07-28 00:35:38.970839+00","2026-07-28T00:35:11Z_0001_aqi","KOYEMBEDU_BROADWAY_001","EVR Salai",NULL,NULL,NULL,"FAILED","No response from API",4938.6,0
36976,"2026-07-28 00:35:38.970839+00","2026-07-28T00:35:11Z_0001_aqi","BROADWAY_KOYEMBEDU_026","EVR Salai",NULL,NULL,NULL,"FAILED","No response from API",4943.7,0
36977,"2026-07-28 00:35:38.970839+00","2026-07-28T00:35:11Z_0001_aqi","BROADWAY_KOYEMBEDU_025","EVR Salai",NULL,NULL,NULL,"FAILED","No response from API",4946.6,0
36978,"2026-07-28 00:35:38.970839+00","2026-07-28T00:35:11Z_0001_aqi","KOYEMBEDU_BROADWAY_002","EVR Salai",NULL,NULL,NULL,"FAILED","No response from API",4964.5,0
36979,"2026-07-28 00:35:38.970839+00","2026-07-28T00:35:11Z_0001_aqi","KOYEMBEDU_BROADWAY_003","EVR Salai",NULL,NULL,NULL,"FAILED","No response from API",4967.1,0
36980,"2026-07-28 00:35:38.970839+00","2026-07-28T00:35:11Z_0001_aqi","KOYEMBEDU_BROADWAY_004","EVR Salai",NULL,NULL,NULL,"FAILED","No response from API",4970.7,0
36981,"2026-07-28 00:35:38.970839+00","2026-07-28T00:35:11Z_0001_aqi","KOYEMBEDU_BROADWAY_010","EVR Salai",NULL,NULL,NULL,"FAILED","No response from API",4981.2,0
36982,"2026-07-28 00:35:38.970839+00","2026-07-28T00:35:11Z_0001_aqi","KOYEMBEDU_BROADWAY_006","EVR Salai",NULL,NULL,NULL,"FAILED","No response from API",4982.0,0
36983,"2026-07-28 00:35:38.970839+00","2026-07-28T00:35:11Z_0001_aqi","KOYEMBEDU_BROADWAY_008","EVR Salai",NULL,NULL,NULL,"FAILED","No response from API",4984.7,0
36984,"2026-07-28 00:35:38.970839+00","2026-07-28T00:35:11Z_0001_aqi","KOYEMBEDU_BROADWAY_009","EVR Salai",NULL,NULL,NULL,"FAILED","No response from API",4985.7,0
36985,"2026-07-28 00:35:38.970839+00","2026-07-28T00:35:11Z_0001_aqi","KOYEMBEDU_BROADWAY_007","EVR Salai",NULL,NULL,NULL,"FAILED","No response from API",4986.3,0
36986,"2026-07-28 00:35:38.970839+00","2026-07-28T00:35:11Z_0001_aqi","KOYEMBEDU_BROADWAY_013","EVR Salai",NULL,NULL,NULL,"FAILED","No response from API",4986.9,0
36987,"2026-07-28 00:35:38.970839+00","2026-07-28T00:35:11Z_0001_aqi","KOYEMBEDU_BROADWAY_005","EVR Salai",NULL,NULL,NULL,"FAILED","No response from API",4987.5,0
36988,"2026-07-28 00:35:38.970839+00","2026-07-28T00:35:11Z_0001_aqi","BROADWAY_KOYEMBEDU_024","EVR Salai",NULL,NULL,NULL,"FAILED","No response from API",4993.2,0
36989,"2026-07-28 00:35:38.970839+00","2026-07-28T00:35:11Z_0001_aqi","KOYEMBEDU_BROADWAY_011","EVR Salai",NULL,NULL,NULL,"FAILED","No response from API",4995.1,0
36990,"2026-07-28 00:35:38.970839+00","2026-07-28T00:35:11Z_0001_aqi","KOYEMBEDU_BROADWAY_014","EVR Salai",NULL,NULL,NULL,"FAILED","No response from API",5016.6,0
36991,"2026-07-28 00:35:38.970839+00","2026-07-28T00:35:11Z_0001_aqi","KOYEMBEDU_BROADWAY_015","EVR Salai",NULL,NULL,NULL,"FAILED","No response from API",5183.2,0
36992,"2026-07-28 00:35:38.970839+00","2026-07-28T00:35:11Z_0001_aqi","KOYEMBEDU_BROADWAY_017","EVR Salai",NULL,NULL,NULL,"FAILED","No response from API",5193.0,0
36993,"2026-07-28 00:35:38.970839+00","2026-07-28T00:35:11Z_0001_aqi","KOYEMBEDU_BROADWAY_018","EVR Salai",NULL,NULL,NULL,"FAILED","No response from API",5200.3,0
36994,"2026-07-28 00:35:38.970839+00","2026-07-28T00:35:11Z_0001_aqi","KOYEMBEDU_BROADWAY_016","EVR Salai",NULL,NULL,NULL,"FAILED","No response from API",5203.2,0
36995,"2026-07-28 00:35:38.970839+00","2026-07-28T00:35:11Z_0001_aqi","KOYEMBEDU_BROADWAY_019","EVR Salai",NULL,NULL,NULL,"FAILED","No response from API",5202.9,0
36996,"2026-07-28 00:35:38.970839+00","2026-07-28T00:35:11Z_0001_aqi","KOYEMBEDU_BROADWAY_020","EVR Salai",NULL,NULL,NULL,"FAILED","No response from API",5205.4,0
36997,"2026-07-28 00:35:38.970839+00","2026-07-28T00:35:11Z_0001_aqi","KOYEMBEDU_BROADWAY_021","EVR Salai",NULL,NULL,NULL,"FAILED","No response from API",5224.7,0
36998,"2026-07-28 00:35:38.970839+00","2026-07-28T00:35:11Z_0001_aqi","KOYEMBEDU_BROADWAY_022","EVR Salai",NULL,NULL,NULL,"FAILED","No response from API",5227.1,0
36999,"2026-07-28 00:35:38.970839+00","2026-07-28T00:35:11Z_0001_aqi","KOYEMBEDU_BROADWAY_023","EVR Salai",NULL,NULL,NULL,"FAILED","No response from API",5231.0,0
37000,"2026-07-28 00:35:38.970839+00","2026-07-28T00:35:11Z_0001_aqi","KOYEMBEDU_BROADWAY_024","EVR Salai",NULL,NULL,NULL,"FAILED","No response from API",5241.9,0
37001,"2026-07-28 00:35:38.970839+00","2026-07-28T00:35:11Z_0001_aqi","GUINDY_TAMBARAM_001","Guindy-Tambaram",NULL,NULL,NULL,"FAILED","No response from API",5245.8,0
37002,"2026-07-28 00:35:38.970839+00","2026-07-28T00:35:11Z_0001_aqi","KOYEMBEDU_BROADWAY_025","EVR Salai",NULL,NULL,NULL,"FAILED","No response from API",5246.7,0
37003,"2026-07-28 00:35:38.970839+00","2026-07-28T00:35:11Z_0001_aqi","KOYEMBEDU_BROADWAY_026","EVR Salai",NULL,NULL,NULL,"FAILED","No response from API",5246.7,0
37004,"2026-07-28 00:35:38.970839+00","2026-07-28T00:35:11Z_0001_aqi","GUINDY_TAMBARAM_002","Guindy-Tambaram",NULL,NULL,NULL,"FAILED","No response from API",5246.8,0
37005,"2026-07-28 00:35:38.970839+00","2026-07-28T00:35:11Z_0001_aqi","GUINDY_TAMBARAM_004","Guindy-Tambaram",NULL,NULL,NULL,"FAILED","No response from API",5247.9,0
37006,"2026-07-28 00:35:38.970839+00","2026-07-28T00:35:11Z_0001_aqi","GUINDY_TAMBARAM_003","Guindy-Tambaram",NULL,NULL,NULL,"FAILED","No response from API",5251.4,0
37007,"2026-07-28 00:35:38.970839+00","2026-07-28T00:35:11Z_0001_aqi","GUINDY_TAMBARAM_006","Guindy-Tambaram",NULL,NULL,NULL,"FAILED","No response from API",5255.6,0
37008,"2026-07-28 00:35:38.970839+00","2026-07-28T00:35:11Z_0001_aqi","GUINDY_TAMBARAM_005","Guindy-Tambaram",NULL,NULL,NULL,"FAILED","No response from API",5259.9,0
37009,"2026-07-28 00:35:38.970839+00","2026-07-28T00:35:11Z_0001_aqi","GUINDY_TAMBARAM_007","Guindy-Tambaram",NULL,NULL,NULL,"FAILED","No response from API",5280.1,0
37010,"2026-07-28 00:35:38.970839+00","2026-07-28T00:35:11Z_0001_aqi","GUINDY_TAMBARAM_008","Guindy-Tambaram",NULL,NULL,NULL,"FAILED","No response from API",5447.8,0
37011,"2026-07-28 00:35:38.970839+00","2026-07-28T00:35:11Z_0001_aqi","GUINDY_TAMBARAM_009","Guindy-Tambaram",NULL,NULL,NULL,"FAILED","No response from API",5455.0,0
37012,"2026-07-28 00:35:38.970839+00","2026-07-28T00:35:11Z_0001_aqi","GUINDY_TAMBARAM_010","Guindy-Tambaram",NULL,NULL,NULL,"FAILED","No response from API",5460.4,0
37013,"2026-07-28 00:35:38.970839+00","2026-07-28T00:35:11Z_0001_aqi","GUINDY_TAMBARAM_012","Guindy-Tambaram",NULL,NULL,NULL,"FAILED","No response from API",5463.9,0
37014,"2026-07-28 00:35:38.970839+00","2026-07-28T00:35:11Z_0001_aqi","GUINDY_TAMBARAM_011","Guindy-Tambaram",NULL,NULL,NULL,"FAILED","No response from API",5464.9,0
37015,"2026-07-28 00:35:38.970839+00","2026-07-28T00:35:11Z_0001_aqi","GUINDY_TAMBARAM_013","Guindy-Tambaram",NULL,NULL,NULL,"FAILED","No response from API",5466.2,0
37016,"2026-07-28 00:35:38.970839+00","2026-07-28T00:35:11Z_0001_aqi","GUINDY_TAMBARAM_014","Guindy-Tambaram",NULL,NULL,NULL,"FAILED","No response from API",5486.6,0
37017,"2026-07-28 00:35:38.970839+00","2026-07-28T00:35:11Z_0001_aqi","GUINDY_TAMBARAM_015","Guindy-Tambaram",NULL,NULL,NULL,"FAILED","No response from API",5487.6,0
37018,"2026-07-28 00:35:38.970839+00","2026-07-28T00:35:11Z_0001_aqi","GUINDY_TAMBARAM_016","Guindy-Tambaram",NULL,NULL,NULL,"FAILED","No response from API",5492.8,0
37019,"2026-07-28 00:35:38.970839+00","2026-07-28T00:35:11Z_0001_aqi","GUINDY_TAMBARAM_017","Guindy-Tambaram",NULL,NULL,NULL,"FAILED","No response from API",5504.2,0
37020,"2026-07-28 00:35:38.970839+00","2026-07-28T00:35:11Z_0001_aqi","GUINDY_TAMBARAM_018","Guindy-Tambaram",NULL,NULL,NULL,"FAILED","No response from API",5507.4,0
37021,"2026-07-28 00:35:38.970839+00","2026-07-28T00:35:11Z_0001_aqi","GUINDY_TAMBARAM_021","Guindy-Tambaram",NULL,NULL,NULL,"FAILED","No response from API",5509.6,0
37022,"2026-07-28 00:35:38.970839+00","2026-07-28T00:35:11Z_0001_aqi","GUINDY_TAMBARAM_019","Guindy-Tambaram",NULL,NULL,NULL,"FAILED","No response from API",5509.7,0
37023,"2026-07-28 00:35:38.970839+00","2026-07-28T00:35:11Z_0001_aqi","GUINDY_TAMBARAM_020","Guindy-Tambaram",NULL,NULL,NULL,"FAILED","No response from API",5510.2,0
37024,"2026-07-28 00:35:38.970839+00","2026-07-28T00:35:11Z_0001_aqi","GUINDY_TAMBARAM_022","Guindy-Tambaram",NULL,NULL,NULL,"FAILED","No response from API",5510.5,0
37025,"2026-07-28 00:35:38.970839+00","2026-07-28T00:35:11Z_0001_aqi","GUINDY_TAMBARAM_023","Guindy-Tambaram",NULL,NULL,NULL,"FAILED","No response from API",5512.6,0
37026,"2026-07-28 00:35:38.970839+00","2026-07-28T00:35:11Z_0001_aqi","GUINDY_TAMBARAM_024","Guindy-Tambaram",NULL,NULL,NULL,"FAILED","No response from API",5521.8,0
37027,"2026-07-28 00:35:38.970839+00","2026-07-28T00:35:11Z_0001_aqi","GUINDY_TAMBARAM_025","Guindy-Tambaram",NULL,NULL,NULL,"FAILED","No response from API",5525.4,0
37028,"2026-07-28 00:35:38.970839+00","2026-07-28T00:35:11Z_0001_aqi","GUINDY_TAMBARAM_026","Guindy-Tambaram",NULL,NULL,NULL,"FAILED","No response from API",5543.0,0
37029,"2026-07-28 00:35:38.970839+00","2026-07-28T00:35:11Z_0001_aqi","GUINDY_TAMBARAM_027","Guindy-Tambaram",NULL,NULL,NULL,"FAILED","No response from API",5709.5,0
37030,"2026-07-28 00:35:38.970839+00","2026-07-28T00:35:11Z_0001_aqi","GUINDY_TAMBARAM_028","Guindy-Tambaram",NULL,NULL,NULL,"FAILED","No response from API",5721.2,0
37031,"2026-07-28 00:35:38.970839+00","2026-07-28T00:35:11Z_0001_aqi","GUINDY_TAMBARAM_029","Guindy-Tambaram",NULL,NULL,NULL,"FAILED","No response from API",5721.6,0
37032,"2026-07-28 00:35:38.970839+00","2026-07-28T00:35:11Z_0001_aqi","GUINDY_TAMBARAM_030","Guindy-Tambaram",NULL,NULL,NULL,"FAILED","No response from API",5724.3,0
37033,"2026-07-28 00:35:38.970839+00","2026-07-28T00:35:11Z_0001_aqi","GUINDY_TAMBARAM_032","Guindy-Tambaram",NULL,NULL,NULL,"FAILED","No response from API",5727.0,0
37034,"2026-07-28 00:35:38.970839+00","2026-07-28T00:35:11Z_0001_aqi","GUINDY_TAMBARAM_031","Guindy-Tambaram",NULL,NULL,NULL,"FAILED","No response from API",5727.6,0
37035,"2026-07-28 00:35:38.970839+00","2026-07-28T00:35:11Z_0001_aqi","GUINDY_TAMBARAM_033","Guindy-Tambaram",NULL,NULL,NULL,"FAILED","No response from API",5747.4,0
37036,"2026-07-28 00:35:38.970839+00","2026-07-28T00:35:11Z_0001_aqi","GUINDY_TAMBARAM_034","Guindy-Tambaram",NULL,NULL,NULL,"FAILED","No response from API",5749.6,0
37037,"2026-07-28 00:35:38.970839+00","2026-07-28T00:35:11Z_0001_aqi","GUINDY_TAMBARAM_035","Guindy-Tambaram",NULL,NULL,NULL,"FAILED","No response from API",5754.1,0
37038,"2026-07-28 00:35:38.970839+00","2026-07-28T00:35:11Z_0001_aqi","GUINDY_TAMBARAM_036","Guindy-Tambaram",NULL,NULL,NULL,"FAILED","No response from API",5768.4,0
37039,"2026-07-28 00:35:38.970839+00","2026-07-28T00:35:11Z_0001_aqi","GUINDY_TAMBARAM_037","Guindy-Tambaram",NULL,NULL,NULL,"FAILED","No response from API",5768.7,0
37040,"2026-07-28 00:35:38.970839+00","2026-07-28T00:35:11Z_0001_aqi","GUINDY_TAMBARAM_038","Guindy-Tambaram",NULL,NULL,NULL,"FAILED","No response from API",5771.2,0
37041,"2026-07-28 00:35:38.970839+00","2026-07-28T00:35:11Z_0001_aqi","GUINDY_TAMBARAM_039","Guindy-Tambaram",NULL,NULL,NULL,"FAILED","No response from API",5771.5,0
37042,"2026-07-28 00:35:38.970839+00","2026-07-28T00:35:11Z_0001_aqi","GUINDY_TAMBARAM_041","Guindy-Tambaram",NULL,NULL,NULL,"FAILED","No response from API",5773.6,0
37043,"2026-07-28 00:35:38.970839+00","2026-07-28T00:35:11Z_0001_aqi","TAMBARAM_GUINDY_001","Guindy-Tambaram",NULL,NULL,NULL,"FAILED","No response from API",5774.4,0
37044,"2026-07-28 00:35:38.970839+00","2026-07-28T00:35:11Z_0001_aqi","GUINDY_TAMBARAM_040","Guindy-Tambaram",NULL,NULL,NULL,"FAILED","No response from API",5774.6,0
37045,"2026-07-28 00:35:38.970839+00","2026-07-28T00:35:11Z_0001_aqi","TAMBARAM_GUINDY_002","Guindy-Tambaram",NULL,NULL,NULL,"FAILED","No response from API",5783.0,0
37046,"2026-07-28 00:35:38.970839+00","2026-07-28T00:35:11Z_0001_aqi","TAMBARAM_GUINDY_004","Guindy-Tambaram",NULL,NULL,NULL,"FAILED","No response from API",5807.5,0
37047,"2026-07-28 00:35:38.970839+00","2026-07-28T00:35:11Z_0001_aqi","TAMBARAM_GUINDY_003","Guindy-Tambaram",NULL,NULL,NULL,"FAILED","No response from API",5808.7,0
37048,"2026-07-28 00:35:38.970839+00","2026-07-28T00:35:11Z_0001_aqi","TAMBARAM_GUINDY_005","Guindy-Tambaram",NULL,NULL,NULL,"FAILED","No response from API",5972.5,0
37049,"2026-07-28 00:35:38.970839+00","2026-07-28T00:35:11Z_0001_aqi","TAMBARAM_GUINDY_007","Guindy-Tambaram",NULL,NULL,NULL,"FAILED","No response from API",5981.7,0
37050,"2026-07-28 00:35:38.970839+00","2026-07-28T00:35:11Z_0001_aqi","TAMBARAM_GUINDY_006","Guindy-Tambaram",NULL,NULL,NULL,"FAILED","No response from API",5983.9,0
37051,"2026-07-28 00:35:38.970839+00","2026-07-28T00:35:11Z_0001_aqi","TAMBARAM_GUINDY_008","Guindy-Tambaram",NULL,NULL,NULL,"FAILED","No response from API",5984.5,0
37052,"2026-07-28 00:35:38.970839+00","2026-07-28T00:35:11Z_0001_aqi","TAMBARAM_GUINDY_009","Guindy-Tambaram",NULL,NULL,NULL,"FAILED","No response from API",5987.0,0
37053,"2026-07-28 00:35:38.970839+00","2026-07-28T00:35:11Z_0001_aqi","TAMBARAM_GUINDY_010","Guindy-Tambaram",NULL,NULL,NULL,"FAILED","No response from API",5990.8,0
37054,"2026-07-28 00:35:38.970839+00","2026-07-28T00:35:11Z_0001_aqi","TAMBARAM_GUINDY_012","Guindy-Tambaram",NULL,NULL,NULL,"FAILED","No response from API",6012.1,0
37055,"2026-07-28 00:35:38.970839+00","2026-07-28T00:35:11Z_0001_aqi","TAMBARAM_GUINDY_011","Guindy-Tambaram",NULL,NULL,NULL,"FAILED","No response from API",6012.3,0
37056,"2026-07-28 00:35:38.970839+00","2026-07-28T00:35:11Z_0001_aqi","TAMBARAM_GUINDY_013","Guindy-Tambaram",NULL,NULL,NULL,"FAILED","No response from API",6016.5,0
37057,"2026-07-28 00:35:38.970839+00","2026-07-28T00:35:11Z_0001_aqi","TAMBARAM_GUINDY_014","Guindy-Tambaram",NULL,NULL,NULL,"FAILED","No response from API",6030.2,0
37058,"2026-07-28 00:35:38.970839+00","2026-07-28T00:35:11Z_0001_aqi","TAMBARAM_GUINDY_015","Guindy-Tambaram",NULL,NULL,NULL,"FAILED","No response from API",6032.1,0
37059,"2026-07-28 00:35:38.970839+00","2026-07-28T00:35:11Z_0001_aqi","TAMBARAM_GUINDY_016","Guindy-Tambaram",NULL,NULL,NULL,"FAILED","No response from API",6032.6,0
37060,"2026-07-28 00:35:38.970839+00","2026-07-28T00:35:11Z_0001_aqi","TAMBARAM_GUINDY_017","Guindy-Tambaram",NULL,NULL,NULL,"FAILED","No response from API",6033.9,0
37061,"2026-07-28 00:35:38.970839+00","2026-07-28T00:35:11Z_0001_aqi","TAMBARAM_GUINDY_020","Guindy-Tambaram",NULL,NULL,NULL,"FAILED","No response from API",6039.0,0
37062,"2026-07-28 00:35:38.970839+00","2026-07-28T00:35:11Z_0001_aqi","TAMBARAM_GUINDY_018","Guindy-Tambaram",NULL,NULL,NULL,"FAILED","No response from API",6039.3,0
37063,"2026-07-28 00:35:38.970839+00","2026-07-28T00:35:11Z_0001_aqi","TAMBARAM_GUINDY_019","Guindy-Tambaram",NULL,NULL,NULL,"FAILED","No response from API",6040.1,0
37064,"2026-07-28 00:35:38.970839+00","2026-07-28T00:35:11Z_0001_aqi","TAMBARAM_GUINDY_021","Guindy-Tambaram",NULL,NULL,NULL,"FAILED","No response from API",6046.9,0
37065,"2026-07-28 00:35:38.970839+00","2026-07-28T00:35:11Z_0001_aqi","TAMBARAM_GUINDY_022","Guindy-Tambaram",NULL,NULL,NULL,"FAILED","No response from API",6071.3,0
37066,"2026-07-28 00:35:38.970839+00","2026-07-28T00:35:11Z_0001_aqi","TAMBARAM_GUINDY_023","Guindy-Tambaram",NULL,NULL,NULL,"FAILED","No response from API",6092.1,0
37067,"2026-07-28 00:35:38.970839+00","2026-07-28T00:35:11Z_0001_aqi","TAMBARAM_GUINDY_024","Guindy-Tambaram",NULL,NULL,NULL,"FAILED","No response from API",6235.8,0
37068,"2026-07-28 00:35:38.970839+00","2026-07-28T00:35:11Z_0001_aqi","TAMBARAM_GUINDY_025","Guindy-Tambaram",NULL,NULL,NULL,"FAILED","No response from API",6243.2,0
37069,"2026-07-28 00:35:38.970839+00","2026-07-28T00:35:11Z_0001_aqi","TAMBARAM_GUINDY_027","Guindy-Tambaram",NULL,NULL,NULL,"FAILED","No response from API",6246.0,0
37070,"2026-07-28 00:35:38.970839+00","2026-07-28T00:35:11Z_0001_aqi","TAMBARAM_GUINDY_026","Guindy-Tambaram",NULL,NULL,NULL,"FAILED","No response from API",6246.6,0
37071,"2026-07-28 00:35:38.970839+00","2026-07-28T00:35:11Z_0001_aqi","TAMBARAM_GUINDY_028","Guindy-Tambaram",NULL,NULL,NULL,"FAILED","No response from API",6249.1,0
37072,"2026-07-28 00:35:38.970839+00","2026-07-28T00:35:11Z_0001_aqi","TAMBARAM_GUINDY_029","Guindy-Tambaram",NULL,NULL,NULL,"FAILED","No response from API",6254.4,0
37073,"2026-07-28 00:35:38.970839+00","2026-07-28T00:35:11Z_0001_aqi","KOYEMBEDU_BROADWAY_012","EVR Salai",NULL,NULL,NULL,"FAILED","No response from API",6267.6,0
37074,"2026-07-28 00:35:38.970839+00","2026-07-28T00:35:11Z_0001_aqi","TAMBARAM_GUINDY_031","Guindy-Tambaram",NULL,NULL,NULL,"FAILED","No response from API",6273.6,0
37075,"2026-07-28 00:35:38.970839+00","2026-07-28T00:35:11Z_0001_aqi","TAMBARAM_GUINDY_030","Guindy-Tambaram",NULL,NULL,NULL,"FAILED","No response from API",6274.6,0
37076,"2026-07-28 00:35:38.970839+00","2026-07-28T00:35:11Z_0001_aqi","TAMBARAM_GUINDY_032","Guindy-Tambaram",NULL,NULL,NULL,"FAILED","No response from API",6281.3,0
37077,"2026-07-28 00:35:38.970839+00","2026-07-28T00:35:11Z_0001_aqi","TAMBARAM_GUINDY_033","Guindy-Tambaram",NULL,NULL,NULL,"FAILED","No response from API",6294.1,0
37078,"2026-07-28 00:35:38.970839+00","2026-07-28T00:35:11Z_0001_aqi","TAMBARAM_GUINDY_035","Guindy-Tambaram",NULL,NULL,NULL,"FAILED","No response from API",6295.1,0
37079,"2026-07-28 00:35:38.970839+00","2026-07-28T00:35:11Z_0001_aqi","TAMBARAM_GUINDY_034","Guindy-Tambaram",NULL,NULL,NULL,"FAILED","No response from API",6295.3,0
37080,"2026-07-28 00:35:38.970839+00","2026-07-28T00:35:11Z_0001_aqi","TAMBARAM_GUINDY_036","Guindy-Tambaram",NULL,NULL,NULL,"FAILED","No response from API",6296.1,0
37081,"2026-07-28 00:35:38.970839+00","2026-07-28T00:35:11Z_0001_aqi","TAMBARAM_GUINDY_037","Guindy-Tambaram",NULL,NULL,NULL,"FAILED","No response from API",6300.4,0
37082,"2026-07-28 00:35:38.970839+00","2026-07-28T00:35:11Z_0001_aqi","TAMBARAM_GUINDY_038","Guindy-Tambaram",NULL,NULL,NULL,"FAILED","No response from API",6301.1,0
37083,"2026-07-28 00:35:38.970839+00","2026-07-28T00:35:11Z_0001_aqi","TAMBARAM_GUINDY_039","Guindy-Tambaram",NULL,NULL,NULL,"FAILED","No response from API",6303.5,0
37084,"2026-07-28 00:35:38.970839+00","2026-07-28T00:35:11Z_0001_aqi","CENTRAL_PUZHAL_001","Puzhal-Central",NULL,NULL,NULL,"FAILED","No response from API",6308.2,0
37085,"2026-07-28 00:35:38.970839+00","2026-07-28T00:35:11Z_0001_aqi","CENTRAL_PUZHAL_002","Puzhal-Central",NULL,NULL,NULL,"FAILED","No response from API",6335.4,0
37086,"2026-07-28 00:35:38.970839+00","2026-07-28T00:35:11Z_0001_aqi","CENTRAL_PUZHAL_003","Puzhal-Central",NULL,NULL,NULL,"FAILED","No response from API",6359.4,0
37087,"2026-07-28 00:35:38.970839+00","2026-07-28T00:35:11Z_0001_aqi","CENTRAL_PUZHAL_004","Puzhal-Central",NULL,NULL,NULL,"FAILED","No response from API",6498.0,0
37088,"2026-07-28 00:35:38.970839+00","2026-07-28T00:35:11Z_0001_aqi","CENTRAL_PUZHAL_005","Puzhal-Central",NULL,NULL,NULL,"FAILED","No response from API",6503.7,0
37089,"2026-07-28 00:35:38.970839+00","2026-07-28T00:35:11Z_0001_aqi","CENTRAL_PUZHAL_006","Puzhal-Central",NULL,NULL,NULL,"FAILED","No response from API",6506.3,0
37090,"2026-07-28 00:35:38.970839+00","2026-07-28T00:35:11Z_0001_aqi","CENTRAL_PUZHAL_007","Puzhal-Central",NULL,NULL,NULL,"FAILED","No response from API",6508.6,0
37091,"2026-07-28 00:35:38.970839+00","2026-07-28T00:35:11Z_0001_aqi","CENTRAL_PUZHAL_008","Puzhal-Central",NULL,NULL,NULL,"FAILED","No response from API",6508.8,0
37092,"2026-07-28 00:35:38.970839+00","2026-07-28T00:35:11Z_0001_aqi","CENTRAL_PUZHAL_009","Puzhal-Central",NULL,NULL,NULL,"FAILED","No response from API",6517.5,0
37093,"2026-07-28 00:35:38.970839+00","2026-07-28T00:35:11Z_0001_aqi","CENTRAL_PUZHAL_010","Puzhal-Central",NULL,NULL,NULL,"FAILED","No response from API",6529.1,0
37094,"2026-07-28 00:35:38.970839+00","2026-07-28T00:35:11Z_0001_aqi","CENTRAL_PUZHAL_011","Puzhal-Central",NULL,NULL,NULL,"FAILED","No response from API",6533.4,0
37095,"2026-07-28 00:35:38.970839+00","2026-07-28T00:35:11Z_0001_aqi","CENTRAL_PUZHAL_012","Puzhal-Central",NULL,NULL,NULL,"FAILED","No response from API",6533.8,0
37096,"2026-07-28 00:35:38.970839+00","2026-07-28T00:35:11Z_0001_aqi","CENTRAL_PUZHAL_013","Puzhal-Central",NULL,NULL,NULL,"FAILED","No response from API",6541.4,0
37097,"2026-07-28 00:35:38.970839+00","2026-07-28T00:35:11Z_0001_aqi","CENTRAL_PUZHAL_014","Puzhal-Central",NULL,NULL,NULL,"FAILED","No response from API",6554.7,0
37098,"2026-07-28 00:35:38.970839+00","2026-07-28T00:35:11Z_0001_aqi","CENTRAL_PUZHAL_016","Puzhal-Central",NULL,NULL,NULL,"FAILED","No response from API",6554.8,0
37099,"2026-07-28 00:35:38.970839+00","2026-07-28T00:35:11Z_0001_aqi","CENTRAL_PUZHAL_015","Puzhal-Central",NULL,NULL,NULL,"FAILED","No response from API",6555.1,0
37100,"2026-07-28 00:35:38.970839+00","2026-07-28T00:35:11Z_0001_aqi","CENTRAL_PUZHAL_017","Puzhal-Central",NULL,NULL,NULL,"FAILED","No response from API",6556.0,0
37101,"2026-07-28 00:35:38.970839+00","2026-07-28T00:35:11Z_0001_aqi","CENTRAL_PUZHAL_018","Puzhal-Central",NULL,NULL,NULL,"FAILED","No response from API",6560.6,0
37102,"2026-07-28 00:35:38.970839+00","2026-07-28T00:35:11Z_0001_aqi","CENTRAL_PUZHAL_019","Puzhal-Central",NULL,NULL,NULL,"FAILED","No response from API",6561.8,0
37103,"2026-07-28 00:35:38.970839+00","2026-07-28T00:35:11Z_0001_aqi","CENTRAL_PUZHAL_020","Puzhal-Central",NULL,NULL,NULL,"FAILED","No response from API",6566.9,0
37104,"2026-07-28 00:35:38.970839+00","2026-07-28T00:35:11Z_0001_aqi","CENTRAL_PUZHAL_021","Puzhal-Central",NULL,NULL,NULL,"FAILED","No response from API",6570.8,0
37105,"2026-07-28 00:35:38.970839+00","2026-07-28T00:35:11Z_0001_aqi","CENTRAL_PUZHAL_022","Puzhal-Central",NULL,NULL,NULL,"FAILED","No response from API",6597.1,0
37106,"2026-07-28 00:35:38.970839+00","2026-07-28T00:35:11Z_0001_aqi","CENTRAL_PUZHAL_023","Puzhal-Central",NULL,NULL,NULL,"FAILED","No response from API",6642.0,0
37107,"2026-07-28 00:35:38.970839+00","2026-07-28T00:35:11Z_0001_aqi","CENTRAL_PUZHAL_024","Puzhal-Central",NULL,NULL,NULL,"FAILED","No response from API",6759.4,0
37108,"2026-07-28 00:35:38.970839+00","2026-07-28T00:35:11Z_0001_aqi","CENTRAL_PUZHAL_025","Puzhal-Central",NULL,NULL,NULL,"FAILED","No response from API",6765.5,0
37109,"2026-07-28 00:35:38.970839+00","2026-07-28T00:35:11Z_0001_aqi","CENTRAL_PUZHAL_026","Puzhal-Central",NULL,NULL,NULL,"FAILED","No response from API",6767.3,0
37110,"2026-07-28 00:35:38.970839+00","2026-07-28T00:35:11Z_0001_aqi","CENTRAL_PUZHAL_ATGRADE_001","Puzhal-Central",NULL,NULL,NULL,"FAILED","No response from API",6770.9,0
37111,"2026-07-28 00:35:38.970839+00","2026-07-28T00:35:11Z_0001_aqi","CENTRAL_PUZHAL_027","Puzhal-Central",NULL,NULL,NULL,"FAILED","No response from API",6775.1,0
37112,"2026-07-28 00:35:38.970839+00","2026-07-28T00:35:11Z_0001_aqi","CENTRAL_PUZHAL_ATGRADE_002","Puzhal-Central",NULL,NULL,NULL,"FAILED","No response from API",6779.8,0
37113,"2026-07-28 00:35:38.970839+00","2026-07-28T00:35:11Z_0001_aqi","CENTRAL_PUZHAL_ATGRADE_003","Puzhal-Central",NULL,NULL,NULL,"FAILED","No response from API",6789.9,0
37114,"2026-07-28 00:35:38.970839+00","2026-07-28T00:35:11Z_0001_aqi","CENTRAL_PUZHAL_ATGRADE_004","Puzhal-Central",NULL,NULL,NULL,"FAILED","No response from API",6793.7,0
37115,"2026-07-28 00:35:38.970839+00","2026-07-28T00:35:11Z_0001_aqi","PUZHAL_CENTRAL_001","Puzhal-Central",NULL,NULL,NULL,"FAILED","No response from API",6795.9,0
37116,"2026-07-28 00:35:38.970839+00","2026-07-28T00:35:11Z_0001_aqi","PUZHAL_CENTRAL_002","Puzhal-Central",NULL,NULL,NULL,"FAILED","No response from API",6803.2,0
37117,"2026-07-28 00:35:38.970839+00","2026-07-28T00:35:11Z_0001_aqi","PUZHAL_CENTRAL_004","Puzhal-Central",NULL,NULL,NULL,"FAILED","No response from API",6815.8,0
37118,"2026-07-28 00:35:38.970839+00","2026-07-28T00:35:11Z_0001_aqi","PUZHAL_CENTRAL_003","Puzhal-Central",NULL,NULL,NULL,"FAILED","No response from API",6816.5,0
37119,"2026-07-28 00:35:38.970839+00","2026-07-28T00:35:11Z_0001_aqi","PUZHAL_CENTRAL_006","Puzhal-Central",NULL,NULL,NULL,"FAILED","No response from API",6819.1,0
37120,"2026-07-28 00:35:38.970839+00","2026-07-28T00:35:11Z_0001_aqi","PUZHAL_CENTRAL_005","Puzhal-Central",NULL,NULL,NULL,"FAILED","No response from API",6819.3,0
37121,"2026-07-28 00:35:38.970839+00","2026-07-28T00:35:11Z_0001_aqi","PUZHAL_CENTRAL_007","Puzhal-Central",NULL,NULL,NULL,"FAILED","No response from API",6823.7,0
37122,"2026-07-28 00:35:38.970839+00","2026-07-28T00:35:11Z_0001_aqi","PUZHAL_CENTRAL_008","Puzhal-Central",NULL,NULL,NULL,"FAILED","No response from API",6825.2,0
37123,"2026-07-28 00:35:38.970839+00","2026-07-28T00:35:11Z_0001_aqi","PUZHAL_CENTRAL_009","Puzhal-Central",NULL,NULL,NULL,"FAILED","No response from API",6828.8,0
37124,"2026-07-28 00:35:38.970839+00","2026-07-28T00:35:11Z_0001_aqi","PUZHAL_CENTRAL_010","Puzhal-Central",NULL,NULL,NULL,"FAILED","No response from API",6834.6,0
37125,"2026-07-28 00:35:38.970839+00","2026-07-28T00:35:11Z_0001_aqi","PUZHAL_CENTRAL_011","Puzhal-Central",NULL,NULL,NULL,"FAILED","No response from API",6865.2,0
37126,"2026-07-28 00:35:38.970839+00","2026-07-28T00:35:11Z_0001_aqi","PUZHAL_CENTRAL_012","Puzhal-Central",NULL,NULL,NULL,"FAILED","No response from API",6925.7,0
37127,"2026-07-28 00:35:38.970839+00","2026-07-28T00:35:11Z_0001_aqi","PUZHAL_CENTRAL_013","Puzhal-Central",NULL,NULL,NULL,"FAILED","No response from API",7022.0,0
37128,"2026-07-28 00:35:38.970839+00","2026-07-28T00:35:11Z_0001_aqi","PUZHAL_CENTRAL_014","Puzhal-Central",NULL,NULL,NULL,"FAILED","No response from API",7029.1,0
37129,"2026-07-28 00:35:38.970839+00","2026-07-28T00:35:11Z_0001_aqi","PUZHAL_CENTRAL_015","Puzhal-Central",NULL,NULL,NULL,"FAILED","No response from API",7031.0,0
37130,"2026-07-28 00:35:38.970839+00","2026-07-28T00:35:11Z_0001_aqi","PUZHAL_CENTRAL_016","Puzhal-Central",NULL,NULL,NULL,"FAILED","No response from API",7032.7,0
37131,"2026-07-28 00:35:38.970839+00","2026-07-28T00:35:11Z_0001_aqi","PUZHAL_CENTRAL_017","Puzhal-Central",NULL,NULL,NULL,"FAILED","No response from API",7035.0,0
37132,"2026-07-28 00:35:38.970839+00","2026-07-28T00:35:11Z_0001_aqi","PUZHAL_CENTRAL_018","Puzhal-Central",NULL,NULL,NULL,"FAILED","No response from API",7043.3,0
37133,"2026-07-28 00:35:38.970839+00","2026-07-28T00:35:11Z_0001_aqi","PUZHAL_CENTRAL_019","Puzhal-Central",NULL,NULL,NULL,"FAILED","No response from API",7052.2,0
37134,"2026-07-28 00:35:38.970839+00","2026-07-28T00:35:11Z_0001_aqi","PUZHAL_CENTRAL_020","Puzhal-Central",NULL,NULL,NULL,"FAILED","No response from API",7054.5,0
37135,"2026-07-28 00:35:38.970839+00","2026-07-28T00:35:11Z_0001_aqi","PUZHAL_CENTRAL_021","Puzhal-Central",NULL,NULL,NULL,"FAILED","No response from API",7058.1,0
37136,"2026-07-28 00:35:38.970839+00","2026-07-28T00:35:11Z_0001_aqi","PUZHAL_CENTRAL_022","Puzhal-Central",NULL,NULL,NULL,"FAILED","No response from API",7068.3,0
37137,"2026-07-28 00:35:38.970839+00","2026-07-28T00:35:11Z_0001_aqi","PUZHAL_CENTRAL_023","Puzhal-Central",NULL,NULL,NULL,"FAILED","No response from API",7078.6,0
37138,"2026-07-28 00:35:38.970839+00","2026-07-28T00:35:11Z_0001_aqi","PUZHAL_CENTRAL_024","Puzhal-Central",NULL,NULL,NULL,"FAILED","No response from API",7079.5,0
37139,"2026-07-28 00:35:38.970839+00","2026-07-28T00:35:11Z_0001_aqi","PUZHAL_CENTRAL_026","Puzhal-Central",NULL,NULL,NULL,"FAILED","No response from API",7080.9,0
37140,"2026-07-28 00:35:38.970839+00","2026-07-28T00:35:11Z_0001_aqi","PUZHAL_CENTRAL_025","Puzhal-Central",NULL,NULL,NULL,"FAILED","No response from API",7081.7,0
37141,"2026-07-28 00:35:38.970839+00","2026-07-28T00:35:11Z_0001_aqi","PUZHAL_CENTRAL_027","Puzhal-Central",NULL,NULL,NULL,"FAILED","No response from API",7086.1,0
37142,"2026-07-28 00:35:38.970839+00","2026-07-28T00:35:11Z_0001_aqi","PUZHAL_CENTRAL_ATGRADE_001","Puzhal-Central",NULL,NULL,NULL,"FAILED","No response from API",7086.7,0
37143,"2026-07-28 00:35:38.970839+00","2026-07-28T00:35:11Z_0001_aqi","PUZHAL_CENTRAL_ATGRADE_002","Puzhal-Central",NULL,NULL,NULL,"FAILED","No response from API",7093.8,0
37144,"2026-07-28 00:35:38.970839+00","2026-07-28T00:35:11Z_0001_aqi","PUZHAL_CENTRAL_ATGRADE_003","Puzhal-Central",NULL,NULL,NULL,"FAILED","No response from API",7096.0,0
37145,"2026-07-28 00:35:38.970839+00","2026-07-28T00:35:11Z_0001_aqi","PUZHAL_CENTRAL_ATGRADE_004","Puzhal-Central",NULL,NULL,NULL,"FAILED","No response from API",7128.3,0
37146,"2026-07-28 00:35:38.970839+00","2026-07-28T00:35:11Z_0001_aqi","PUZHAL_CENTRAL_ATGRADE_005","Puzhal-Central",NULL,NULL,NULL,"FAILED","No response from API",7192.0,0
37147,"2026-07-28 00:35:38.970839+00","2026-07-28T00:35:11Z_0001_aqi","PALLAVARAM_THORAIPAKKAM_001","Thoraipakkam-Pallavaram",NULL,NULL,NULL,"FAILED","No response from API",7283.6,0
37148,"2026-07-28 00:35:38.970839+00","2026-07-28T00:35:11Z_0001_aqi","PALLAVARAM_THORAIPAKKAM_002","Thoraipakkam-Pallavaram",NULL,NULL,NULL,"FAILED","No response from API",7291.8,0
37149,"2026-07-28 00:35:38.970839+00","2026-07-28T00:35:11Z_0001_aqi","PALLAVARAM_THORAIPAKKAM_003","Thoraipakkam-Pallavaram",NULL,NULL,NULL,"FAILED","No response from API",7292.4,0
37150,"2026-07-28 00:35:38.970839+00","2026-07-28T00:35:11Z_0001_aqi","PALLAVARAM_THORAIPAKKAM_004","Thoraipakkam-Pallavaram",NULL,NULL,NULL,"FAILED","No response from API",7292.7,0
37151,"2026-07-28 00:35:38.970839+00","2026-07-28T00:35:11Z_0001_aqi","PALLAVARAM_THORAIPAKKAM_005","Thoraipakkam-Pallavaram",NULL,NULL,NULL,"FAILED","No response from API",7302.2,0
37152,"2026-07-28 00:35:38.970839+00","2026-07-28T00:35:11Z_0001_aqi","PALLAVARAM_THORAIPAKKAM_006","Thoraipakkam-Pallavaram",NULL,NULL,NULL,"FAILED","No response from API",7306.5,0
37153,"2026-07-28 00:35:38.970839+00","2026-07-28T00:35:11Z_0001_aqi","PALLAVARAM_THORAIPAKKAM_007","Thoraipakkam-Pallavaram",NULL,NULL,NULL,"FAILED","No response from API",7316.9,0
37154,"2026-07-28 00:35:38.970839+00","2026-07-28T00:35:11Z_0001_aqi","PALLAVARAM_THORAIPAKKAM_008","Thoraipakkam-Pallavaram",NULL,NULL,NULL,"FAILED","No response from API",7317.2,0
37155,"2026-07-28 00:35:38.970839+00","2026-07-28T00:35:11Z_0001_aqi","PALLAVARAM_THORAIPAKKAM_009","Thoraipakkam-Pallavaram",NULL,NULL,NULL,"FAILED","No response from API",7320.1,0
37156,"2026-07-28 00:35:38.970839+00","2026-07-28T00:35:11Z_0001_aqi","PALLAVARAM_THORAIPAKKAM_010","Thoraipakkam-Pallavaram",NULL,NULL,NULL,"FAILED","No response from API",7330.2,0
37157,"2026-07-28 00:35:38.970839+00","2026-07-28T00:35:11Z_0001_aqi","PALLAVARAM_THORAIPAKKAM_AT_GRADE_001","Thoraipakkam-Pallavaram",NULL,NULL,NULL,"FAILED","No response from API",7340.1,0
37158,"2026-07-28 00:35:38.970839+00","2026-07-28T00:35:11Z_0001_aqi","PALLAVARAM_THORAIPAKKAM_AT_GRADE_002","Thoraipakkam-Pallavaram",NULL,NULL,NULL,"FAILED","No response from API",7342.0,0
37159,"2026-07-28 00:35:38.970839+00","2026-07-28T00:35:11Z_0001_aqi","THORAIPAKKAM_PALLAVARM_001","Thoraipakkam-Pallavaram",NULL,NULL,NULL,"FAILED","No response from API",7342.2,0
37160,"2026-07-28 00:35:38.970839+00","2026-07-28T00:35:11Z_0001_aqi","THORAIPAKKAM_PALLAVARM_002","Thoraipakkam-Pallavaram",NULL,NULL,NULL,"FAILED","No response from API",7346.8,0
37161,"2026-07-28 00:35:38.970839+00","2026-07-28T00:35:11Z_0001_aqi","THORAIPAKKAM_PALLAVARM_004","Thoraipakkam-Pallavaram",NULL,NULL,NULL,"FAILED","No response from API",7349.1,0
37162,"2026-07-28 00:35:38.970839+00","2026-07-28T00:35:11Z_0001_aqi","THORAIPAKKAM_PALLAVARM_003","Thoraipakkam-Pallavaram",NULL,NULL,NULL,"FAILED","No response from API",7348.9,0
37163,"2026-07-28 00:35:38.970839+00","2026-07-28T00:35:11Z_0001_aqi","THORAIPAKKAM_PALLAVARM_005","Thoraipakkam-Pallavaram",NULL,NULL,NULL,"FAILED","No response from API",7355.8,0
37164,"2026-07-28 00:35:38.970839+00","2026-07-28T00:35:11Z_0001_aqi","THORAIPAKKAM_PALLAVARM_006","Thoraipakkam-Pallavaram",NULL,NULL,NULL,"FAILED","No response from API",7358.4,0
37165,"2026-07-28 00:35:38.970839+00","2026-07-28T00:35:11Z_0001_aqi","THORAIPAKKAM_PALLAVARM_007","Thoraipakkam-Pallavaram",NULL,NULL,NULL,"FAILED","No response from API",7393.1,0
37166,"2026-07-28 00:35:38.970839+00","2026-07-28T00:35:11Z_0001_aqi","THORAIPAKKAM_PALLAVARM_008","Thoraipakkam-Pallavaram",NULL,NULL,NULL,"FAILED","No response from API",7475.7,0
37167,"2026-07-28 00:35:38.970839+00","2026-07-28T00:35:11Z_0001_aqi","THORAIPAKKAM_PALLAVARM_009","Thoraipakkam-Pallavaram",NULL,NULL,NULL,"FAILED","No response from API",7549.5,0
37168,"2026-07-28 00:35:38.970839+00","2026-07-28T00:35:11Z_0001_aqi","THORAIPAKKAM_PALLAVARM_010","Thoraipakkam-Pallavaram",NULL,NULL,NULL,"FAILED","No response from API",7551.6,0
37169,"2026-07-28 00:35:38.970839+00","2026-07-28T00:35:11Z_0001_aqi","THORAIPAKKAM_PALLAVARM_AT_GRADE_002","Thoraipakkam-Pallavaram",NULL,NULL,NULL,"FAILED","No response from API",7552.9,0
37170,"2026-07-28 00:35:38.970839+00","2026-07-28T00:35:11Z_0001_aqi","THORAIPAKKAM_PALLAVARM_AT_GRADE_001","Thoraipakkam-Pallavaram",NULL,NULL,NULL,"FAILED","No response from API",7553.1,0
37171,"2026-07-28 03:35:39.577479+00","2026-07-28T03:35:12Z_0001_aqi","KILAMBAKKAM_LITTLEMOUNT_007","Corridor_Littlemount_Kilambakkam",NULL,NULL,NULL,"FAILED","No response from API",1626.2,0
37172,"2026-07-28 03:35:39.577479+00","2026-07-28T03:35:12Z_0001_aqi","KILAMBAKKAM_LITTLEMOUNT_008","Corridor_Littlemount_Kilambakkam",NULL,NULL,NULL,"FAILED","No response from API",1631.6,0
37173,"2026-07-28 03:35:39.577479+00","2026-07-28T03:35:12Z_0001_aqi","KILAMBAKKAM_LITTLEMOUNT(AT_GRADE_BELOWFLYOVER)_006","Corridor_Littlemount_Kilambakkam",NULL,NULL,NULL,"FAILED","No response from API",1643.6,0
37174,"2026-07-28 03:35:39.577479+00","2026-07-28T03:35:12Z_0001_aqi","KILAMBAKKAM_LITTLEMOUNT(AT_GRADE_BELOWFLYOVER)_007","Corridor_Littlemount_Kilambakkam",NULL,NULL,NULL,"FAILED","No response from API",1652.3,0
37175,"2026-07-28 03:35:39.577479+00","2026-07-28T03:35:12Z_0001_aqi","KILAMBAKKAM_LITTLEMOUNT_005","Corridor_Littlemount_Kilambakkam",NULL,NULL,NULL,"FAILED","No response from API",1654.2,0
37176,"2026-07-28 03:35:39.577479+00","2026-07-28T03:35:12Z_0001_aqi","KILAMBAKKAM_LITTLEMOUNT(AT_GRADE_BELOWFLYOVER)_001","Corridor_Littlemount_Kilambakkam",NULL,NULL,NULL,"FAILED","No response from API",1659.0,0
37177,"2026-07-28 03:35:39.577479+00","2026-07-28T03:35:12Z_0001_aqi","KILAMBAKKAM_LITTLEMOUNT_004","Corridor_Littlemount_Kilambakkam",NULL,NULL,NULL,"FAILED","No response from API",1658.1,0
37178,"2026-07-28 03:35:39.577479+00","2026-07-28T03:35:12Z_0001_aqi","KILAMBAKKAM_LITTLEMOUNT(AT_GRADE_BELOWFLYOVER)_009","Corridor_Littlemount_Kilambakkam",NULL,NULL,NULL,"FAILED","No response from API",1660.1,0
37179,"2026-07-28 03:35:39.577479+00","2026-07-28T03:35:12Z_0001_aqi","KILAMBAKKAM_LITTLEMOUNT(AT_GRADE_BELOWFLYOVER)_005","Corridor_Littlemount_Kilambakkam",NULL,NULL,NULL,"FAILED","No response from API",1661.9,0
37180,"2026-07-28 03:35:39.577479+00","2026-07-28T03:35:12Z_0001_aqi","KILAMBAKKAM_LITTLEMOUNT_010","Corridor_Littlemount_Kilambakkam",NULL,NULL,NULL,"FAILED","No response from API",1661.1,0
37181,"2026-07-28 03:35:39.577479+00","2026-07-28T03:35:12Z_0001_aqi","KILAMBAKKAM_LITTLEMOUNT_011","Corridor_Littlemount_Kilambakkam",NULL,NULL,NULL,"FAILED","No response from API",1664.0,0
37182,"2026-07-28 03:35:39.577479+00","2026-07-28T03:35:12Z_0001_aqi","KILAMBAKKAM_LITTLEMOUNT_003","Corridor_Littlemount_Kilambakkam",NULL,NULL,NULL,"FAILED","No response from API",1666.7,0
37183,"2026-07-28 03:35:39.577479+00","2026-07-28T03:35:12Z_0001_aqi","KILAMBAKKAM_LITTLEMOUNT(AT_GRADE_BELOWFLYOVER)_004","Corridor_Littlemount_Kilambakkam",NULL,NULL,NULL,"FAILED","No response from API",1668.4,0
37184,"2026-07-28 03:35:39.577479+00","2026-07-28T03:35:12Z_0001_aqi","KILAMBAKKAM_LITTLEMOUNT(AT_GRADE_BELOWFLYOVER)_003","Corridor_Littlemount_Kilambakkam",NULL,NULL,NULL,"FAILED","No response from API",1669.1,0
37185,"2026-07-28 03:35:39.577479+00","2026-07-28T03:35:12Z_0001_aqi","KILAMBAKKAM_LITTLEMOUNT(AT_GRADE_BELOWFLYOVER)_002","Corridor_Littlemount_Kilambakkam",NULL,NULL,NULL,"FAILED","No response from API",1671.0,0
37186,"2026-07-28 03:35:39.577479+00","2026-07-28T03:35:12Z_0001_aqi","KILAMBAKKAM_LITTLEMOUNT_002","Corridor_Littlemount_Kilambakkam",NULL,NULL,NULL,"FAILED","No response from API",1678.2,0
37187,"2026-07-28 03:35:39.577479+00","2026-07-28T03:35:12Z_0001_aqi","KILAMBAKKAM_LITTLEMOUNT(AT_GRADE_BELOWFLYOVER)_008","Corridor_Littlemount_Kilambakkam",NULL,NULL,NULL,"FAILED","No response from API",1679.3,0
37188,"2026-07-28 03:35:39.577479+00","2026-07-28T03:35:12Z_0001_aqi","KILAMBAKKAM_LITTLEMOUNT_001","Corridor_Littlemount_Kilambakkam",NULL,NULL,NULL,"FAILED","No response from API",1751.0,0
37189,"2026-07-28 03:35:39.577479+00","2026-07-28T03:35:12Z_0001_aqi","KILAMBAKKAM_LITTLEMOUNT_006","Corridor_Littlemount_Kilambakkam",NULL,NULL,NULL,"FAILED","No response from API",1752.2,0
37190,"2026-07-28 03:35:39.577479+00","2026-07-28T03:35:12Z_0001_aqi","KILAMBAKKAM_LITTLEMOUNT_009","Corridor_Littlemount_Kilambakkam",NULL,NULL,NULL,"FAILED","No response from API",1783.6,0
37191,"2026-07-28 03:35:39.577479+00","2026-07-28T03:35:12Z_0001_aqi","KILAMBAKKAM_LITTLEMOUNT_012","Corridor_Littlemount_Kilambakkam",NULL,NULL,NULL,"FAILED","No response from API",1892.9,0
37192,"2026-07-28 03:35:39.577479+00","2026-07-28T03:35:12Z_0001_aqi","KILAMBAKKAM_LITTLEMOUNT_013","Corridor_Littlemount_Kilambakkam",NULL,NULL,NULL,"FAILED","No response from API",1897.0,0
37193,"2026-07-28 03:35:39.577479+00","2026-07-28T03:35:12Z_0001_aqi","KILAMBAKKAM_LITTLEMOUNT_014","Corridor_Littlemount_Kilambakkam",NULL,NULL,NULL,"FAILED","No response from API",1908.8,0
37194,"2026-07-28 03:35:39.577479+00","2026-07-28T03:35:12Z_0001_aqi","KILAMBAKKAM_LITTLEMOUNT_016","Corridor_Littlemount_Kilambakkam",NULL,NULL,NULL,"FAILED","No response from API",1913.7,0
37195,"2026-07-28 03:35:39.577479+00","2026-07-28T03:35:12Z_0001_aqi","KILAMBAKKAM_LITTLEMOUNT_018","Corridor_Littlemount_Kilambakkam",NULL,NULL,NULL,"FAILED","No response from API",1919.0,0
37196,"2026-07-28 03:35:39.577479+00","2026-07-28T03:35:12Z_0001_aqi","KILAMBAKKAM_LITTLEMOUNT_015","Corridor_Littlemount_Kilambakkam",NULL,NULL,NULL,"FAILED","No response from API",1922.8,0
37197,"2026-07-28 03:35:39.577479+00","2026-07-28T03:35:12Z_0001_aqi","KILAMBAKKAM_LITTLEMOUNT_020","Corridor_Littlemount_Kilambakkam",NULL,NULL,NULL,"FAILED","No response from API",1925.0,0
37198,"2026-07-28 03:35:39.577479+00","2026-07-28T03:35:12Z_0001_aqi","KILAMBAKKAM_LITTLEMOUNT_019","Corridor_Littlemount_Kilambakkam",NULL,NULL,NULL,"FAILED","No response from API",1926.0,0
37199,"2026-07-28 03:35:39.577479+00","2026-07-28T03:35:12Z_0001_aqi","KILAMBAKKAM_LITTLEMOUNT_021","Corridor_Littlemount_Kilambakkam",NULL,NULL,NULL,"FAILED","No response from API",1927.9,0
37200,"2026-07-28 03:35:39.577479+00","2026-07-28T03:35:12Z_0001_aqi","KILAMBAKKAM_LITTLEMOUNT_022","Corridor_Littlemount_Kilambakkam",NULL,NULL,NULL,"FAILED","No response from API",1928.9,0
37201,"2026-07-28 03:35:39.577479+00","2026-07-28T03:35:12Z_0001_aqi","KILAMBAKKAM_LITTLEMOUNT_026","Corridor_Littlemount_Kilambakkam",NULL,NULL,NULL,"FAILED","No response from API",1932.4,0
37202,"2026-07-28 03:35:39.577479+00","2026-07-28T03:35:12Z_0001_aqi","KILAMBAKKAM_LITTLEMOUNT_024","Corridor_Littlemount_Kilambakkam",NULL,NULL,NULL,"FAILED","No response from API",1934.4,0
37203,"2026-07-28 03:35:39.577479+00","2026-07-28T03:35:12Z_0001_aqi","KILAMBAKKAM_LITTLEMOUNT_023","Corridor_Littlemount_Kilambakkam",NULL,NULL,NULL,"FAILED","No response from API",1939.8,0
37204,"2026-07-28 03:35:39.577479+00","2026-07-28T03:35:12Z_0001_aqi","KILAMBAKKAM_LITTLEMOUNT_027","Corridor_Littlemount_Kilambakkam",NULL,NULL,NULL,"FAILED","No response from API",1943.9,0
37205,"2026-07-28 03:35:39.577479+00","2026-07-28T03:35:12Z_0001_aqi","KILAMBAKKAM_LITTLEMOUNT_025","Corridor_Littlemount_Kilambakkam",NULL,NULL,NULL,"FAILED","No response from API",1944.6,0
37206,"2026-07-28 03:35:39.577479+00","2026-07-28T03:35:12Z_0001_aqi","LITTLEMOUNT_KILAMBAKKAM(AT_GRADE_BELOWFLYOVER)_001","Corridor_Littlemount_Kilambakkam",NULL,NULL,NULL,"FAILED","No response from API",2048.2,0
37207,"2026-07-28 03:35:39.577479+00","2026-07-28T03:35:12Z_0001_aqi","KILAMBAKKAM_LITTLEMOUNT_029","Corridor_Littlemount_Kilambakkam",NULL,NULL,NULL,"FAILED","No response from API",2058.8,0
37208,"2026-07-28 03:35:39.577479+00","2026-07-28T03:35:12Z_0001_aqi","LITTLEMOUNT_KILAMBAKKAM(AT_GRADE_BELOWFLYOVER)_002","Corridor_Littlemount_Kilambakkam",NULL,NULL,NULL,"FAILED","No response from API",2090.7,0
37209,"2026-07-28 03:35:39.577479+00","2026-07-28T03:35:12Z_0001_aqi","LITTLEMOUNT_KILAMBAKKAM(AT_GRADE_BELOWFLYOVER)_003","Corridor_Littlemount_Kilambakkam",NULL,NULL,NULL,"FAILED","No response from API",3166.4,0
37210,"2026-07-28 03:35:39.577479+00","2026-07-28T03:35:12Z_0001_aqi","LITTLEMOUNT_KILAMBAKKAM_002","Corridor_Littlemount_Kilambakkam",NULL,NULL,NULL,"FAILED","No response from API",3196.1,0
37211,"2026-07-28 03:35:39.577479+00","2026-07-28T03:35:12Z_0001_aqi","LITTLEMOUNT_KILAMBAKKAM(AT_GRADE_BELOWFLYOVER)_006","Corridor_Littlemount_Kilambakkam",NULL,NULL,NULL,"FAILED","No response from API",3199.2,0
37212,"2026-07-28 03:35:39.577479+00","2026-07-28T03:35:12Z_0001_aqi","LITTLEMOUNT_KILAMBAKKAM_004","Corridor_Littlemount_Kilambakkam",NULL,NULL,NULL,"FAILED","No response from API",3200.8,0
37213,"2026-07-28 03:35:39.577479+00","2026-07-28T03:35:12Z_0001_aqi","LITTLEMOUNT_KILAMBAKKAM_006","Corridor_Littlemount_Kilambakkam",NULL,NULL,NULL,"FAILED","No response from API",3216.3,0
37214,"2026-07-28 03:35:39.577479+00","2026-07-28T03:35:12Z_0001_aqi","KILAMBAKKAM_LITTLEMOUNT_028","Corridor_Littlemount_Kilambakkam",NULL,NULL,NULL,"FAILED","No response from API",3223.0,0
37215,"2026-07-28 03:35:39.577479+00","2026-07-28T03:35:12Z_0001_aqi","LITTLEMOUNT_KILAMBAKKAM_001","Corridor_Littlemount_Kilambakkam",NULL,NULL,NULL,"FAILED","No response from API",3226.2,0
37216,"2026-07-28 03:35:39.577479+00","2026-07-28T03:35:12Z_0001_aqi","LITTLEMOUNT_KILAMBAKKAM(AT_GRADE_BELOWFLYOVER)_004","Corridor_Littlemount_Kilambakkam",NULL,NULL,NULL,"FAILED","No response from API",3227.0,0
37217,"2026-07-28 03:35:39.577479+00","2026-07-28T03:35:12Z_0001_aqi","LITTLEMOUNT_KILAMBAKKAM_005","Corridor_Littlemount_Kilambakkam",NULL,NULL,NULL,"FAILED","No response from API",3227.8,0
37218,"2026-07-28 03:35:39.577479+00","2026-07-28T03:35:12Z_0001_aqi","KILAMBAKKAM_LITTLEMOUNT_017","Corridor_Littlemount_Kilambakkam",NULL,NULL,NULL,"FAILED","No response from API",3228.0,0
37219,"2026-07-28 03:35:39.577479+00","2026-07-28T03:35:12Z_0001_aqi","LITTLEMOUNT_KILAMBAKKAM_011","Corridor_Littlemount_Kilambakkam",NULL,NULL,NULL,"FAILED","No response from API",3231.7,0
37220,"2026-07-28 03:35:39.577479+00","2026-07-28T03:35:12Z_0001_aqi","LITTLEMOUNT_KILAMBAKKAM_008","Corridor_Littlemount_Kilambakkam",NULL,NULL,NULL,"FAILED","No response from API",3235.4,0
37221,"2026-07-28 03:35:39.577479+00","2026-07-28T03:35:12Z_0001_aqi","LITTLEMOUNT_KILAMBAKKAM_007","Corridor_Littlemount_Kilambakkam",NULL,NULL,NULL,"FAILED","No response from API",3236.5,0
37222,"2026-07-28 03:35:39.577479+00","2026-07-28T03:35:12Z_0001_aqi","LITTLEMOUNT_KILAMBAKKAM_003","Corridor_Littlemount_Kilambakkam",NULL,NULL,NULL,"FAILED","No response from API",3239.8,0
37223,"2026-07-28 03:35:39.577479+00","2026-07-28T03:35:12Z_0001_aqi","LITTLEMOUNT_KILAMBAKKAM_009","Corridor_Littlemount_Kilambakkam",NULL,NULL,NULL,"FAILED","No response from API",3246.7,0
37224,"2026-07-28 03:35:39.577479+00","2026-07-28T03:35:12Z_0001_aqi","LITTLEMOUNT_KILAMBAKKAM_010","Corridor_Littlemount_Kilambakkam",NULL,NULL,NULL,"FAILED","No response from API",3266.4,0
37225,"2026-07-28 03:35:39.577479+00","2026-07-28T03:35:12Z_0001_aqi","LITTLEMOUNT_KILAMBAKKAM_013","Corridor_Littlemount_Kilambakkam",NULL,NULL,NULL,"FAILED","No response from API",3415.1,0
37226,"2026-07-28 03:35:39.577479+00","2026-07-28T03:35:12Z_0001_aqi","LITTLEMOUNT_KILAMBAKKAM_012","Corridor_Littlemount_Kilambakkam",NULL,NULL,NULL,"FAILED","No response from API",3434.0,0
37227,"2026-07-28 03:35:39.577479+00","2026-07-28T03:35:12Z_0001_aqi","LITTLEMOUNT_KILAMBAKKAM_014","Corridor_Littlemount_Kilambakkam",NULL,NULL,NULL,"FAILED","No response from API",3437.6,0
37228,"2026-07-28 03:35:39.577479+00","2026-07-28T03:35:12Z_0001_aqi","LITTLEMOUNT_KILAMBAKKAM(AT_GRADE_BELOWFLYOVER)_005","Corridor_Littlemount_Kilambakkam",NULL,NULL,NULL,"FAILED","No response from API",3456.9,0
37229,"2026-07-28 03:35:39.577479+00","2026-07-28T03:35:12Z_0001_aqi","LITTLEMOUNT_KILAMBAKKAM_018","Corridor_Littlemount_Kilambakkam",NULL,NULL,NULL,"FAILED","No response from API",3460.9,0
37230,"2026-07-28 03:35:39.577479+00","2026-07-28T03:35:12Z_0001_aqi","LITTLEMOUNT_KILAMBAKKAM_017","Corridor_Littlemount_Kilambakkam",NULL,NULL,NULL,"FAILED","No response from API",3462.4,0
37231,"2026-07-28 03:35:39.577479+00","2026-07-28T03:35:12Z_0001_aqi","LITTLEMOUNT_KILAMBAKKAM_015","Corridor_Littlemount_Kilambakkam",NULL,NULL,NULL,"FAILED","No response from API",3464.6,0
37232,"2026-07-28 03:35:39.577479+00","2026-07-28T03:35:12Z_0001_aqi","LITTLEMOUNT_KILAMBAKKAM_016","Corridor_Littlemount_Kilambakkam",NULL,NULL,NULL,"FAILED","No response from API",3475.8,0
37233,"2026-07-28 03:35:39.577479+00","2026-07-28T03:35:12Z_0001_aqi","LITTLEMOUNT_KILAMBAKKAM_019","Corridor_Littlemount_Kilambakkam",NULL,NULL,NULL,"FAILED","No response from API",3476.7,0
37234,"2026-07-28 03:35:39.577479+00","2026-07-28T03:35:12Z_0001_aqi","LITTLEMOUNT_KILAMBAKKAM_021","Corridor_Littlemount_Kilambakkam",NULL,NULL,NULL,"FAILED","No response from API",3488.2,0
37235,"2026-07-28 03:35:39.577479+00","2026-07-28T03:35:12Z_0001_aqi","LITTLEMOUNT_KILAMBAKKAM_020","Corridor_Littlemount_Kilambakkam",NULL,NULL,NULL,"FAILED","No response from API",3490.6,0
37236,"2026-07-28 03:35:39.577479+00","2026-07-28T03:35:12Z_0001_aqi","LITTLEMOUNT_KILAMBAKKAM_022","Corridor_Littlemount_Kilambakkam",NULL,NULL,NULL,"FAILED","No response from API",3491.7,0
37237,"2026-07-28 03:35:39.577479+00","2026-07-28T03:35:12Z_0001_aqi","LITTLEMOUNT_KILAMBAKKAM_024","Corridor_Littlemount_Kilambakkam",NULL,NULL,NULL,"FAILED","No response from API",3493.6,0
37238,"2026-07-28 03:35:39.577479+00","2026-07-28T03:35:12Z_0001_aqi","LITTLEMOUNT_KILAMBAKKAM_023","Corridor_Littlemount_Kilambakkam",NULL,NULL,NULL,"FAILED","No response from API",3494.3,0
37239,"2026-07-28 03:35:39.577479+00","2026-07-28T03:35:12Z_0001_aqi","LITTLEMOUNT_KILAMBAKKAM_027","Corridor_Littlemount_Kilambakkam",NULL,NULL,NULL,"FAILED","No response from API",3499.9,0
37240,"2026-07-28 03:35:39.577479+00","2026-07-28T03:35:12Z_0001_aqi","LITTLEMOUNT_KILAMBAKKAM_028","Corridor_Littlemount_Kilambakkam",NULL,NULL,NULL,"FAILED","No response from API",3505.6,0
37241,"2026-07-28 03:35:39.577479+00","2026-07-28T03:35:12Z_0001_aqi","LITTLEMOUNT_KILAMBAKKAM_029","Corridor_Littlemount_Kilambakkam",NULL,NULL,NULL,"FAILED","No response from API",3510.2,0
37242,"2026-07-28 03:35:39.577479+00","2026-07-28T03:35:12Z_0001_aqi","LITTLEMOUNT_KILAMBAKKAM_026","Corridor_Littlemount_Kilambakkam",NULL,NULL,NULL,"FAILED","No response from API",3525.0,0
37243,"2026-07-28 03:35:39.577479+00","2026-07-28T03:35:12Z_0001_aqi","LITTLEMOUNT_KILAMBAKKAM_025","Corridor_Littlemount_Kilambakkam",NULL,NULL,NULL,"FAILED","No response from API",3525.8,0
37244,"2026-07-28 03:35:39.577479+00","2026-07-28T03:35:12Z_0001_aqi","LITTLEMOUNT_KILAMBAKKAM_030","Corridor_Littlemount_Kilambakkam",NULL,NULL,NULL,"FAILED","No response from API",3535.7,0
37245,"2026-07-28 03:35:39.577479+00","2026-07-28T03:35:12Z_0001_aqi","LITTLEMOUNT_KILAMBAKKAM_031","Corridor_Littlemount_Kilambakkam",NULL,NULL,NULL,"FAILED","No response from API",3696.4,0
37246,"2026-07-28 03:35:39.577479+00","2026-07-28T03:35:12Z_0001_aqi","LITTLEMOUNT_KILAMBAKKAM_032","Corridor_Littlemount_Kilambakkam",NULL,NULL,NULL,"FAILED","No response from API",3743.8,0
37247,"2026-07-28 03:35:39.577479+00","2026-07-28T03:35:12Z_0001_aqi","BROADWAY_KOYEMBEDU_001","EVR Salai",NULL,NULL,NULL,"FAILED","No response from API",3756.9,0
37248,"2026-07-28 03:35:39.577479+00","2026-07-28T03:35:12Z_0001_aqi","BROADWAY_KOYEMBEDU_002","EVR Salai",NULL,NULL,NULL,"FAILED","No response from API",4441.7,0
37249,"2026-07-28 03:35:39.577479+00","2026-07-28T03:35:12Z_0001_aqi","BROADWAY_KOYEMBEDU_005","EVR Salai",NULL,NULL,NULL,"FAILED","No response from API",4705.7,0
37250,"2026-07-28 03:35:39.577479+00","2026-07-28T03:35:12Z_0001_aqi","BROADWAY_KOYEMBEDU_004","EVR Salai",NULL,NULL,NULL,"FAILED","No response from API",4747.5,0
37251,"2026-07-28 03:35:39.577479+00","2026-07-28T03:35:12Z_0001_aqi","BROADWAY_KOYEMBEDU_008","EVR Salai",NULL,NULL,NULL,"FAILED","No response from API",4765.1,0
37252,"2026-07-28 03:35:39.577479+00","2026-07-28T03:35:12Z_0001_aqi","BROADWAY_KOYEMBEDU_003","EVR Salai",NULL,NULL,NULL,"FAILED","No response from API",4774.3,0
37253,"2026-07-28 03:35:39.577479+00","2026-07-28T03:35:12Z_0001_aqi","BROADWAY_KOYEMBEDU_010","EVR Salai",NULL,NULL,NULL,"FAILED","No response from API",4776.0,0
37254,"2026-07-28 03:35:39.577479+00","2026-07-28T03:35:12Z_0001_aqi","BROADWAY_KOYEMBEDU_012","EVR Salai",NULL,NULL,NULL,"FAILED","No response from API",4782.7,0
37255,"2026-07-28 03:35:39.577479+00","2026-07-28T03:35:12Z_0001_aqi","BROADWAY_KOYEMBEDU_011","EVR Salai",NULL,NULL,NULL,"FAILED","No response from API",4785.2,0
37256,"2026-07-28 03:35:39.577479+00","2026-07-28T03:35:12Z_0001_aqi","BROADWAY_KOYEMBEDU_016","EVR Salai",NULL,NULL,NULL,"FAILED","No response from API",4797.1,0
37257,"2026-07-28 03:35:39.577479+00","2026-07-28T03:35:12Z_0001_aqi","BROADWAY_KOYEMBEDU_014","EVR Salai",NULL,NULL,NULL,"FAILED","No response from API",4800.7,0
37258,"2026-07-28 03:35:39.577479+00","2026-07-28T03:35:12Z_0001_aqi","BROADWAY_KOYEMBEDU_007","EVR Salai",NULL,NULL,NULL,"FAILED","No response from API",4801.5,0
37259,"2026-07-28 03:35:39.577479+00","2026-07-28T03:35:12Z_0001_aqi","BROADWAY_KOYEMBEDU_015","EVR Salai",NULL,NULL,NULL,"FAILED","No response from API",4807.8,0
37260,"2026-07-28 03:35:39.577479+00","2026-07-28T03:35:12Z_0001_aqi","BROADWAY_KOYEMBEDU_009","EVR Salai",NULL,NULL,NULL,"FAILED","No response from API",4813.5,0
37261,"2026-07-28 03:35:39.577479+00","2026-07-28T03:35:12Z_0001_aqi","BROADWAY_KOYEMBEDU_018","EVR Salai",NULL,NULL,NULL,"FAILED","No response from API",4814.1,0
37262,"2026-07-28 03:35:39.577479+00","2026-07-28T03:35:12Z_0001_aqi","BROADWAY_KOYEMBEDU_017","EVR Salai",NULL,NULL,NULL,"FAILED","No response from API",4815.1,0
37263,"2026-07-28 03:35:39.577479+00","2026-07-28T03:35:12Z_0001_aqi","BROADWAY_KOYEMBEDU_013","EVR Salai",NULL,NULL,NULL,"FAILED","No response from API",4824.8,0
37264,"2026-07-28 03:35:39.577479+00","2026-07-28T03:35:12Z_0001_aqi","BROADWAY_KOYEMBEDU_023","EVR Salai",NULL,NULL,NULL,"FAILED","No response from API",5000.7,0
37265,"2026-07-28 03:35:39.577479+00","2026-07-28T03:35:12Z_0001_aqi","BROADWAY_KOYEMBEDU_022","EVR Salai",NULL,NULL,NULL,"FAILED","No response from API",5002.4,0
37266,"2026-07-28 03:35:39.577479+00","2026-07-28T03:35:12Z_0001_aqi","BROADWAY_KOYEMBEDU_025","EVR Salai",NULL,NULL,NULL,"FAILED","No response from API",5034.0,0
37267,"2026-07-28 03:35:39.577479+00","2026-07-28T03:35:12Z_0001_aqi","BROADWAY_KOYEMBEDU_026","EVR Salai",NULL,NULL,NULL,"FAILED","No response from API",5039.9,0
37268,"2026-07-28 03:35:39.577479+00","2026-07-28T03:35:12Z_0001_aqi","BROADWAY_KOYEMBEDU_006","EVR Salai",NULL,NULL,NULL,"FAILED","No response from API",5042.5,0
37269,"2026-07-28 03:35:39.577479+00","2026-07-28T03:35:12Z_0001_aqi","BROADWAY_KOYEMBEDU_024","EVR Salai",NULL,NULL,NULL,"FAILED","No response from API",5051.9,0
37270,"2026-07-28 03:35:39.577479+00","2026-07-28T03:35:12Z_0001_aqi","KOYEMBEDU_BROADWAY_001","EVR Salai",NULL,NULL,NULL,"FAILED","No response from API",5055.1,0
37271,"2026-07-28 03:35:39.577479+00","2026-07-28T03:35:12Z_0001_aqi","BROADWAY_KOYEMBEDU_019","EVR Salai",NULL,NULL,NULL,"FAILED","No response from API",5056.4,0
37272,"2026-07-28 03:35:39.577479+00","2026-07-28T03:35:12Z_0001_aqi","KOYEMBEDU_BROADWAY_002","EVR Salai",NULL,NULL,NULL,"FAILED","No response from API",5056.9,0
37273,"2026-07-28 03:35:39.577479+00","2026-07-28T03:35:12Z_0001_aqi","KOYEMBEDU_BROADWAY_005","EVR Salai",NULL,NULL,NULL,"FAILED","No response from API",5062.1,0
37274,"2026-07-28 03:35:39.577479+00","2026-07-28T03:35:12Z_0001_aqi","KOYEMBEDU_BROADWAY_006","EVR Salai",NULL,NULL,NULL,"FAILED","No response from API",5063.5,0
37275,"2026-07-28 03:35:39.577479+00","2026-07-28T03:35:12Z_0001_aqi","KOYEMBEDU_BROADWAY_004","EVR Salai",NULL,NULL,NULL,"FAILED","No response from API",5067.8,0
37276,"2026-07-28 03:35:39.577479+00","2026-07-28T03:35:12Z_0001_aqi","KOYEMBEDU_BROADWAY_003","EVR Salai",NULL,NULL,NULL,"FAILED","No response from API",5071.0,0
37277,"2026-07-28 03:35:39.577479+00","2026-07-28T03:35:12Z_0001_aqi","KOYEMBEDU_BROADWAY_008","EVR Salai",NULL,NULL,NULL,"FAILED","No response from API",5076.3,0
37278,"2026-07-28 03:35:39.577479+00","2026-07-28T03:35:12Z_0001_aqi","BROADWAY_KOYEMBEDU_020","EVR Salai",NULL,NULL,NULL,"FAILED","No response from API",5077.2,0
37279,"2026-07-28 03:35:39.577479+00","2026-07-28T03:35:12Z_0001_aqi","KOYEMBEDU_BROADWAY_011","EVR Salai",NULL,NULL,NULL,"FAILED","No response from API",5090.3,0
37280,"2026-07-28 03:35:39.577479+00","2026-07-28T03:35:12Z_0001_aqi","KOYEMBEDU_BROADWAY_007","EVR Salai",NULL,NULL,NULL,"FAILED","No response from API",5091.5,0
37281,"2026-07-28 03:35:39.577479+00","2026-07-28T03:35:12Z_0001_aqi","KOYEMBEDU_BROADWAY_009","EVR Salai",NULL,NULL,NULL,"FAILED","No response from API",5099.7,0
37282,"2026-07-28 03:35:39.577479+00","2026-07-28T03:35:12Z_0001_aqi","KOYEMBEDU_BROADWAY_010","EVR Salai",NULL,NULL,NULL,"FAILED","No response from API",5113.1,0
37283,"2026-07-28 03:35:39.577479+00","2026-07-28T03:35:12Z_0001_aqi","BROADWAY_KOYEMBEDU_021","EVR Salai",NULL,NULL,NULL,"FAILED","No response from API",5114.7,0
37284,"2026-07-28 03:35:39.577479+00","2026-07-28T03:35:12Z_0001_aqi","KOYEMBEDU_BROADWAY_012","EVR Salai",NULL,NULL,NULL,"FAILED","No response from API",5265.7,0
37285,"2026-07-28 03:35:39.577479+00","2026-07-28T03:35:12Z_0001_aqi","KOYEMBEDU_BROADWAY_014","EVR Salai",NULL,NULL,NULL,"FAILED","No response from API",5294.5,0
37286,"2026-07-28 03:35:39.577479+00","2026-07-28T03:35:12Z_0001_aqi","KOYEMBEDU_BROADWAY_015","EVR Salai",NULL,NULL,NULL,"FAILED","No response from API",5304.9,0
37287,"2026-07-28 03:35:39.577479+00","2026-07-28T03:35:12Z_0001_aqi","KOYEMBEDU_BROADWAY_016","EVR Salai",NULL,NULL,NULL,"FAILED","No response from API",5310.1,0
37288,"2026-07-28 03:35:39.577479+00","2026-07-28T03:35:12Z_0001_aqi","KOYEMBEDU_BROADWAY_017","EVR Salai",NULL,NULL,NULL,"FAILED","No response from API",5312.6,0
37289,"2026-07-28 03:35:39.577479+00","2026-07-28T03:35:12Z_0001_aqi","KOYEMBEDU_BROADWAY_018","EVR Salai",NULL,NULL,NULL,"FAILED","No response from API",5316.7,0
37290,"2026-07-28 03:35:39.577479+00","2026-07-28T03:35:12Z_0001_aqi","KOYEMBEDU_BROADWAY_020","EVR Salai",NULL,NULL,NULL,"FAILED","No response from API",5321.7,0
37291,"2026-07-28 03:35:39.577479+00","2026-07-28T03:35:12Z_0001_aqi","KOYEMBEDU_BROADWAY_022","EVR Salai",NULL,NULL,NULL,"FAILED","No response from API",5325.3,0
37292,"2026-07-28 03:35:39.577479+00","2026-07-28T03:35:12Z_0001_aqi","KOYEMBEDU_BROADWAY_021","EVR Salai",NULL,NULL,NULL,"FAILED","No response from API",5327.1,0
37293,"2026-07-28 03:35:39.577479+00","2026-07-28T03:35:12Z_0001_aqi","KOYEMBEDU_BROADWAY_023","EVR Salai",NULL,NULL,NULL,"FAILED","No response from API",5331.2,0
37294,"2026-07-28 03:35:39.577479+00","2026-07-28T03:35:12Z_0001_aqi","KOYEMBEDU_BROADWAY_024","EVR Salai",NULL,NULL,NULL,"FAILED","No response from API",5337.9,0
37295,"2026-07-28 03:35:39.577479+00","2026-07-28T03:35:12Z_0001_aqi","KOYEMBEDU_BROADWAY_019","EVR Salai",NULL,NULL,NULL,"FAILED","No response from API",5349.3,0
37296,"2026-07-28 03:35:39.577479+00","2026-07-28T03:35:12Z_0001_aqi","GUINDY_TAMBARAM_001","Guindy-Tambaram",NULL,NULL,NULL,"FAILED","No response from API",5353.8,0
37297,"2026-07-28 03:35:39.577479+00","2026-07-28T03:35:12Z_0001_aqi","GUINDY_TAMBARAM_002","Guindy-Tambaram",NULL,NULL,NULL,"FAILED","No response from API",5354.9,0
37298,"2026-07-28 03:35:39.577479+00","2026-07-28T03:35:12Z_0001_aqi","GUINDY_TAMBARAM_003","Guindy-Tambaram",NULL,NULL,NULL,"FAILED","No response from API",5365.8,0
37299,"2026-07-28 03:35:39.577479+00","2026-07-28T03:35:12Z_0001_aqi","GUINDY_TAMBARAM_004","Guindy-Tambaram",NULL,NULL,NULL,"FAILED","No response from API",5375.9,0
37300,"2026-07-28 03:35:39.577479+00","2026-07-28T03:35:12Z_0001_aqi","GUINDY_TAMBARAM_005","Guindy-Tambaram",NULL,NULL,NULL,"FAILED","No response from API",5398.7,0
37301,"2026-07-28 03:35:39.577479+00","2026-07-28T03:35:12Z_0001_aqi","KOYEMBEDU_BROADWAY_026","EVR Salai",NULL,NULL,NULL,"FAILED","No response from API",5401.9,0
37302,"2026-07-28 03:35:39.577479+00","2026-07-28T03:35:12Z_0001_aqi","GUINDY_TAMBARAM_006","Guindy-Tambaram",NULL,NULL,NULL,"FAILED","No response from API",5527.8,0
37303,"2026-07-28 03:35:39.577479+00","2026-07-28T03:35:12Z_0001_aqi","GUINDY_TAMBARAM_007","Guindy-Tambaram",NULL,NULL,NULL,"FAILED","No response from API",5559.7,0
37304,"2026-07-28 03:35:39.577479+00","2026-07-28T03:35:12Z_0001_aqi","GUINDY_TAMBARAM_008","Guindy-Tambaram",NULL,NULL,NULL,"FAILED","No response from API",5569.6,0
37305,"2026-07-28 03:35:39.577479+00","2026-07-28T03:35:12Z_0001_aqi","GUINDY_TAMBARAM_010","Guindy-Tambaram",NULL,NULL,NULL,"FAILED","No response from API",5573.8,0
37306,"2026-07-28 03:35:39.577479+00","2026-07-28T03:35:12Z_0001_aqi","GUINDY_TAMBARAM_011","Guindy-Tambaram",NULL,NULL,NULL,"FAILED","No response from API",5583.3,0
37307,"2026-07-28 03:35:39.577479+00","2026-07-28T03:35:12Z_0001_aqi","GUINDY_TAMBARAM_012","Guindy-Tambaram",NULL,NULL,NULL,"FAILED","No response from API",5590.8,0
37308,"2026-07-28 03:35:39.577479+00","2026-07-28T03:35:12Z_0001_aqi","GUINDY_TAMBARAM_014","Guindy-Tambaram",NULL,NULL,NULL,"FAILED","No response from API",5593.1,0
37309,"2026-07-28 03:35:39.577479+00","2026-07-28T03:35:12Z_0001_aqi","GUINDY_TAMBARAM_013","Guindy-Tambaram",NULL,NULL,NULL,"FAILED","No response from API",5594.2,0
37310,"2026-07-28 03:35:39.577479+00","2026-07-28T03:35:12Z_0001_aqi","GUINDY_TAMBARAM_015","Guindy-Tambaram",NULL,NULL,NULL,"FAILED","No response from API",5600.3,0
37311,"2026-07-28 03:35:39.577479+00","2026-07-28T03:35:12Z_0001_aqi","GUINDY_TAMBARAM_018","Guindy-Tambaram",NULL,NULL,NULL,"FAILED","No response from API",5618.6,0
37312,"2026-07-28 03:35:39.577479+00","2026-07-28T03:35:12Z_0001_aqi","GUINDY_TAMBARAM_019","Guindy-Tambaram",NULL,NULL,NULL,"FAILED","No response from API",5619.1,0
37313,"2026-07-28 03:35:39.577479+00","2026-07-28T03:35:12Z_0001_aqi","GUINDY_TAMBARAM_020","Guindy-Tambaram",NULL,NULL,NULL,"FAILED","No response from API",5634.4,0
37314,"2026-07-28 03:35:39.577479+00","2026-07-28T03:35:12Z_0001_aqi","GUINDY_TAMBARAM_021","Guindy-Tambaram",NULL,NULL,NULL,"FAILED","No response from API",5642.2,0
37315,"2026-07-28 03:35:39.577479+00","2026-07-28T03:35:12Z_0001_aqi","GUINDY_TAMBARAM_024","Guindy-Tambaram",NULL,NULL,NULL,"FAILED","No response from API",5789.7,0
37316,"2026-07-28 03:35:39.577479+00","2026-07-28T03:35:12Z_0001_aqi","GUINDY_TAMBARAM_025","Guindy-Tambaram",NULL,NULL,NULL,"FAILED","No response from API",5826.4,0
37317,"2026-07-28 03:35:39.577479+00","2026-07-28T03:35:12Z_0001_aqi","GUINDY_TAMBARAM_026","Guindy-Tambaram",NULL,NULL,NULL,"FAILED","No response from API",5834.1,0
37318,"2026-07-28 03:35:39.577479+00","2026-07-28T03:35:12Z_0001_aqi","GUINDY_TAMBARAM_027","Guindy-Tambaram",NULL,NULL,NULL,"FAILED","No response from API",5836.4,0
37319,"2026-07-28 03:35:39.577479+00","2026-07-28T03:35:12Z_0001_aqi","GUINDY_TAMBARAM_028","Guindy-Tambaram",NULL,NULL,NULL,"FAILED","No response from API",5854.2,0
37320,"2026-07-28 03:35:39.577479+00","2026-07-28T03:35:12Z_0001_aqi","GUINDY_TAMBARAM_029","Guindy-Tambaram",NULL,NULL,NULL,"FAILED","No response from API",5857.5,0
37321,"2026-07-28 03:35:39.577479+00","2026-07-28T03:35:12Z_0001_aqi","GUINDY_TAMBARAM_031","Guindy-Tambaram",NULL,NULL,NULL,"FAILED","No response from API",5858.2,0
37322,"2026-07-28 03:35:39.577479+00","2026-07-28T03:35:12Z_0001_aqi","GUINDY_TAMBARAM_030","Guindy-Tambaram",NULL,NULL,NULL,"FAILED","No response from API",5860.3,0
37323,"2026-07-28 03:35:39.577479+00","2026-07-28T03:35:12Z_0001_aqi","GUINDY_TAMBARAM_032","Guindy-Tambaram",NULL,NULL,NULL,"FAILED","No response from API",5865.7,0
37324,"2026-07-28 03:35:39.577479+00","2026-07-28T03:35:12Z_0001_aqi","GUINDY_TAMBARAM_033","Guindy-Tambaram",NULL,NULL,NULL,"FAILED","No response from API",5884.9,0
37325,"2026-07-28 03:35:39.577479+00","2026-07-28T03:35:12Z_0001_aqi","GUINDY_TAMBARAM_034","Guindy-Tambaram",NULL,NULL,NULL,"FAILED","No response from API",5887.2,0
37326,"2026-07-28 03:35:39.577479+00","2026-07-28T03:35:12Z_0001_aqi","GUINDY_TAMBARAM_035","Guindy-Tambaram",NULL,NULL,NULL,"FAILED","No response from API",5904.6,0
37327,"2026-07-28 03:35:39.577479+00","2026-07-28T03:35:12Z_0001_aqi","GUINDY_TAMBARAM_036","Guindy-Tambaram",NULL,NULL,NULL,"FAILED","No response from API",5908.6,0
37328,"2026-07-28 03:35:39.577479+00","2026-07-28T03:35:12Z_0001_aqi","KOYEMBEDU_BROADWAY_013","EVR Salai",NULL,NULL,NULL,"FAILED","No response from API",5981.6,0
37329,"2026-07-28 03:35:39.577479+00","2026-07-28T03:35:12Z_0001_aqi","GUINDY_TAMBARAM_037","Guindy-Tambaram",NULL,NULL,NULL,"FAILED","No response from API",6057.8,0
37330,"2026-07-28 03:35:39.577479+00","2026-07-28T03:35:12Z_0001_aqi","GUINDY_TAMBARAM_038","Guindy-Tambaram",NULL,NULL,NULL,"FAILED","No response from API",6090.3,0
37331,"2026-07-28 03:35:39.577479+00","2026-07-28T03:35:12Z_0001_aqi","GUINDY_TAMBARAM_039","Guindy-Tambaram",NULL,NULL,NULL,"FAILED","No response from API",6096.1,0
37332,"2026-07-28 03:35:39.577479+00","2026-07-28T03:35:12Z_0001_aqi","GUINDY_TAMBARAM_040","Guindy-Tambaram",NULL,NULL,NULL,"FAILED","No response from API",6099.1,0
37333,"2026-07-28 03:35:39.577479+00","2026-07-28T03:35:12Z_0001_aqi","TAMBARAM_GUINDY_002","Guindy-Tambaram",NULL,NULL,NULL,"FAILED","No response from API",6120.2,0
37334,"2026-07-28 03:35:39.577479+00","2026-07-28T03:35:12Z_0001_aqi","GUINDY_TAMBARAM_041","Guindy-Tambaram",NULL,NULL,NULL,"FAILED","No response from API",6121.3,0
37335,"2026-07-28 03:35:39.577479+00","2026-07-28T03:35:12Z_0001_aqi","TAMBARAM_GUINDY_001","Guindy-Tambaram",NULL,NULL,NULL,"FAILED","No response from API",6125.6,0
37336,"2026-07-28 03:35:39.577479+00","2026-07-28T03:35:12Z_0001_aqi","TAMBARAM_GUINDY_003","Guindy-Tambaram",NULL,NULL,NULL,"FAILED","No response from API",6127.1,0
37337,"2026-07-28 03:35:39.577479+00","2026-07-28T03:35:12Z_0001_aqi","TAMBARAM_GUINDY_004","Guindy-Tambaram",NULL,NULL,NULL,"FAILED","No response from API",6136.7,0
37338,"2026-07-28 03:35:39.577479+00","2026-07-28T03:35:12Z_0001_aqi","TAMBARAM_GUINDY_005","Guindy-Tambaram",NULL,NULL,NULL,"FAILED","No response from API",6150.0,0
37339,"2026-07-28 03:35:39.577479+00","2026-07-28T03:35:12Z_0001_aqi","TAMBARAM_GUINDY_006","Guindy-Tambaram",NULL,NULL,NULL,"FAILED","No response from API",6153.2,0
37340,"2026-07-28 03:35:39.577479+00","2026-07-28T03:35:12Z_0001_aqi","TAMBARAM_GUINDY_007","Guindy-Tambaram",NULL,NULL,NULL,"FAILED","No response from API",6175.3,0
37341,"2026-07-28 03:35:39.577479+00","2026-07-28T03:35:12Z_0001_aqi","TAMBARAM_GUINDY_008","Guindy-Tambaram",NULL,NULL,NULL,"FAILED","No response from API",6176.8,0
37342,"2026-07-28 03:35:39.577479+00","2026-07-28T03:35:12Z_0001_aqi","TAMBARAM_GUINDY_009","Guindy-Tambaram",NULL,NULL,NULL,"FAILED","No response from API",6247.3,0
37343,"2026-07-28 03:35:39.577479+00","2026-07-28T03:35:12Z_0001_aqi","TAMBARAM_GUINDY_010","Guindy-Tambaram",NULL,NULL,NULL,"FAILED","No response from API",6324.5,0
37344,"2026-07-28 03:35:39.577479+00","2026-07-28T03:35:12Z_0001_aqi","TAMBARAM_GUINDY_011","Guindy-Tambaram",NULL,NULL,NULL,"FAILED","No response from API",6357.0,0
37345,"2026-07-28 03:35:39.577479+00","2026-07-28T03:35:12Z_0001_aqi","TAMBARAM_GUINDY_012","Guindy-Tambaram",NULL,NULL,NULL,"FAILED","No response from API",6358.0,0
37346,"2026-07-28 03:35:39.577479+00","2026-07-28T03:35:12Z_0001_aqi","TAMBARAM_GUINDY_013","Guindy-Tambaram",NULL,NULL,NULL,"FAILED","No response from API",6360.4,0
37347,"2026-07-28 03:35:39.577479+00","2026-07-28T03:35:12Z_0001_aqi","KOYEMBEDU_BROADWAY_025","EVR Salai",NULL,NULL,NULL,"FAILED","No response from API",6382.1,0
37348,"2026-07-28 03:35:39.577479+00","2026-07-28T03:35:12Z_0001_aqi","TAMBARAM_GUINDY_014","Guindy-Tambaram",NULL,NULL,NULL,"FAILED","No response from API",6383.2,0
37349,"2026-07-28 03:35:39.577479+00","2026-07-28T03:35:12Z_0001_aqi","TAMBARAM_GUINDY_015","Guindy-Tambaram",NULL,NULL,NULL,"FAILED","No response from API",6385.9,0
37350,"2026-07-28 03:35:39.577479+00","2026-07-28T03:35:12Z_0001_aqi","TAMBARAM_GUINDY_016","Guindy-Tambaram",NULL,NULL,NULL,"FAILED","No response from API",6388.6,0
37351,"2026-07-28 03:35:39.577479+00","2026-07-28T03:35:12Z_0001_aqi","TAMBARAM_GUINDY_017","Guindy-Tambaram",NULL,NULL,NULL,"FAILED","No response from API",6398.4,0
37352,"2026-07-28 03:35:39.577479+00","2026-07-28T03:35:12Z_0001_aqi","TAMBARAM_GUINDY_018","Guindy-Tambaram",NULL,NULL,NULL,"FAILED","No response from API",6405.7,0
37353,"2026-07-28 03:35:39.577479+00","2026-07-28T03:35:12Z_0001_aqi","TAMBARAM_GUINDY_019","Guindy-Tambaram",NULL,NULL,NULL,"FAILED","No response from API",6415.0,0
37354,"2026-07-28 03:35:39.577479+00","2026-07-28T03:35:12Z_0001_aqi","TAMBARAM_GUINDY_020","Guindy-Tambaram",NULL,NULL,NULL,"FAILED","No response from API",6422.3,0
37355,"2026-07-28 03:35:39.577479+00","2026-07-28T03:35:12Z_0001_aqi","TAMBARAM_GUINDY_021","Guindy-Tambaram",NULL,NULL,NULL,"FAILED","No response from API",6445.4,0
37356,"2026-07-28 03:35:39.577479+00","2026-07-28T03:35:12Z_0001_aqi","TAMBARAM_GUINDY_022","Guindy-Tambaram",NULL,NULL,NULL,"FAILED","No response from API",6445.7,0
37357,"2026-07-28 03:35:39.577479+00","2026-07-28T03:35:12Z_0001_aqi","TAMBARAM_GUINDY_023","Guindy-Tambaram",NULL,NULL,NULL,"FAILED","No response from API",6509.5,0
37358,"2026-07-28 03:35:39.577479+00","2026-07-28T03:35:12Z_0001_aqi","TAMBARAM_GUINDY_024","Guindy-Tambaram",NULL,NULL,NULL,"FAILED","No response from API",6584.8,0
37359,"2026-07-28 03:35:39.577479+00","2026-07-28T03:35:12Z_0001_aqi","GUINDY_TAMBARAM_009","Guindy-Tambaram",NULL,NULL,NULL,"FAILED","No response from API",6611.6,0
37360,"2026-07-28 03:35:39.577479+00","2026-07-28T03:35:12Z_0001_aqi","TAMBARAM_GUINDY_025","Guindy-Tambaram",NULL,NULL,NULL,"FAILED","No response from API",6616.7,0
37361,"2026-07-28 03:35:39.577479+00","2026-07-28T03:35:12Z_0001_aqi","TAMBARAM_GUINDY_027","Guindy-Tambaram",NULL,NULL,NULL,"FAILED","No response from API",6623.6,0
37362,"2026-07-28 03:35:39.577479+00","2026-07-28T03:35:12Z_0001_aqi","TAMBARAM_GUINDY_026","Guindy-Tambaram",NULL,NULL,NULL,"FAILED","No response from API",6624.0,0
37363,"2026-07-28 03:35:39.577479+00","2026-07-28T03:35:12Z_0001_aqi","GUINDY_TAMBARAM_016","Guindy-Tambaram",NULL,NULL,NULL,"FAILED","No response from API",6632.6,0
37364,"2026-07-28 03:35:39.577479+00","2026-07-28T03:35:12Z_0001_aqi","TAMBARAM_GUINDY_029","Guindy-Tambaram",NULL,NULL,NULL,"FAILED","No response from API",6645.3,0
37365,"2026-07-28 03:35:39.577479+00","2026-07-28T03:35:12Z_0001_aqi","TAMBARAM_GUINDY_028","Guindy-Tambaram",NULL,NULL,NULL,"FAILED","No response from API",6650.6,0
37366,"2026-07-28 03:35:39.577479+00","2026-07-28T03:35:12Z_0001_aqi","TAMBARAM_GUINDY_031","Guindy-Tambaram",NULL,NULL,NULL,"FAILED","No response from API",6651.9,0
37367,"2026-07-28 03:35:39.577479+00","2026-07-28T03:35:12Z_0001_aqi","TAMBARAM_GUINDY_030","Guindy-Tambaram",NULL,NULL,NULL,"FAILED","No response from API",6654.2,0
37368,"2026-07-28 03:35:39.577479+00","2026-07-28T03:35:12Z_0001_aqi","TAMBARAM_GUINDY_032","Guindy-Tambaram",NULL,NULL,NULL,"FAILED","No response from API",6662.3,0
37369,"2026-07-28 03:35:39.577479+00","2026-07-28T03:35:12Z_0001_aqi","TAMBARAM_GUINDY_033","Guindy-Tambaram",NULL,NULL,NULL,"FAILED","No response from API",6669.3,0
37370,"2026-07-28 03:35:39.577479+00","2026-07-28T03:35:12Z_0001_aqi","TAMBARAM_GUINDY_034","Guindy-Tambaram",NULL,NULL,NULL,"FAILED","No response from API",6682.6,0
37371,"2026-07-28 03:35:39.577479+00","2026-07-28T03:35:12Z_0001_aqi","TAMBARAM_GUINDY_035","Guindy-Tambaram",NULL,NULL,NULL,"FAILED","No response from API",6685.5,0
37372,"2026-07-28 03:35:39.577479+00","2026-07-28T03:35:12Z_0001_aqi","GUINDY_TAMBARAM_017","Guindy-Tambaram",NULL,NULL,NULL,"FAILED","No response from API",6706.8,0
37373,"2026-07-28 03:35:39.577479+00","2026-07-28T03:35:12Z_0001_aqi","TAMBARAM_GUINDY_036","Guindy-Tambaram",NULL,NULL,NULL,"FAILED","No response from API",6707.6,0
37374,"2026-07-28 03:35:39.577479+00","2026-07-28T03:35:12Z_0001_aqi","TAMBARAM_GUINDY_037","Guindy-Tambaram",NULL,NULL,NULL,"FAILED","No response from API",6713.1,0
37375,"2026-07-28 03:35:39.577479+00","2026-07-28T03:35:12Z_0001_aqi","GUINDY_TAMBARAM_023","Guindy-Tambaram",NULL,NULL,NULL,"FAILED","No response from API",6736.6,0
37376,"2026-07-28 03:35:39.577479+00","2026-07-28T03:35:12Z_0001_aqi","GUINDY_TAMBARAM_022","Guindy-Tambaram",NULL,NULL,NULL,"FAILED","No response from API",6778.7,0
37377,"2026-07-28 03:35:39.577479+00","2026-07-28T03:35:12Z_0001_aqi","TAMBARAM_GUINDY_038","Guindy-Tambaram",NULL,NULL,NULL,"FAILED","No response from API",6782.8,0
37378,"2026-07-28 03:35:39.577479+00","2026-07-28T03:35:12Z_0001_aqi","TAMBARAM_GUINDY_039","Guindy-Tambaram",NULL,NULL,NULL,"FAILED","No response from API",6845.8,0
37379,"2026-07-28 03:35:39.577479+00","2026-07-28T03:35:12Z_0001_aqi","CENTRAL_PUZHAL_001","Puzhal-Central",NULL,NULL,NULL,"FAILED","No response from API",6875.3,0
37380,"2026-07-28 03:35:39.577479+00","2026-07-28T03:35:12Z_0001_aqi","CENTRAL_PUZHAL_002","Puzhal-Central",NULL,NULL,NULL,"FAILED","No response from API",6878.1,0
37381,"2026-07-28 03:35:39.577479+00","2026-07-28T03:35:12Z_0001_aqi","CENTRAL_PUZHAL_003","Puzhal-Central",NULL,NULL,NULL,"FAILED","No response from API",6888.9,0
37382,"2026-07-28 03:35:39.577479+00","2026-07-28T03:35:12Z_0001_aqi","CENTRAL_PUZHAL_004","Puzhal-Central",NULL,NULL,NULL,"FAILED","No response from API",6891.2,0
37383,"2026-07-28 03:35:39.577479+00","2026-07-28T03:35:12Z_0001_aqi","CENTRAL_PUZHAL_006","Puzhal-Central",NULL,NULL,NULL,"FAILED","No response from API",6908.4,0
37384,"2026-07-28 03:35:39.577479+00","2026-07-28T03:35:12Z_0001_aqi","CENTRAL_PUZHAL_005","Puzhal-Central",NULL,NULL,NULL,"FAILED","No response from API",6912.1,0
37385,"2026-07-28 03:35:39.577479+00","2026-07-28T03:35:12Z_0001_aqi","CENTRAL_PUZHAL_008","Puzhal-Central",NULL,NULL,NULL,"FAILED","No response from API",6918.3,0
37386,"2026-07-28 03:35:39.577479+00","2026-07-28T03:35:12Z_0001_aqi","CENTRAL_PUZHAL_009","Puzhal-Central",NULL,NULL,NULL,"FAILED","No response from API",6919.6,0
37387,"2026-07-28 03:35:39.577479+00","2026-07-28T03:35:12Z_0001_aqi","CENTRAL_PUZHAL_010","Puzhal-Central",NULL,NULL,NULL,"FAILED","No response from API",6924.8,0
37388,"2026-07-28 03:35:39.577479+00","2026-07-28T03:35:12Z_0001_aqi","CENTRAL_PUZHAL_011","Puzhal-Central",NULL,NULL,NULL,"FAILED","No response from API",6931.2,0
37389,"2026-07-28 03:35:39.577479+00","2026-07-28T03:35:12Z_0001_aqi","CENTRAL_PUZHAL_012","Puzhal-Central",NULL,NULL,NULL,"FAILED","No response from API",6948.3,0
37390,"2026-07-28 03:35:39.577479+00","2026-07-28T03:35:12Z_0001_aqi","CENTRAL_PUZHAL_013","Puzhal-Central",NULL,NULL,NULL,"FAILED","No response from API",6953.5,0
37391,"2026-07-28 03:35:39.577479+00","2026-07-28T03:35:12Z_0001_aqi","CENTRAL_PUZHAL_015","Puzhal-Central",NULL,NULL,NULL,"FAILED","No response from API",6973.8,0
37392,"2026-07-28 03:35:39.577479+00","2026-07-28T03:35:12Z_0001_aqi","CENTRAL_PUZHAL_016","Puzhal-Central",NULL,NULL,NULL,"FAILED","No response from API",6981.7,0
37393,"2026-07-28 03:35:39.577479+00","2026-07-28T03:35:12Z_0001_aqi","CENTRAL_PUZHAL_014","Puzhal-Central",NULL,NULL,NULL,"FAILED","No response from API",6990.0,0
37394,"2026-07-28 03:35:39.577479+00","2026-07-28T03:35:12Z_0001_aqi","CENTRAL_PUZHAL_019","Puzhal-Central",NULL,NULL,NULL,"FAILED","No response from API",7043.8,0
37395,"2026-07-28 03:35:39.577479+00","2026-07-28T03:35:12Z_0001_aqi","CENTRAL_PUZHAL_017","Puzhal-Central",NULL,NULL,NULL,"FAILED","No response from API",7055.7,0
37396,"2026-07-28 03:35:39.577479+00","2026-07-28T03:35:12Z_0001_aqi","CENTRAL_PUZHAL_018","Puzhal-Central",NULL,NULL,NULL,"FAILED","No response from API",7066.8,0
37397,"2026-07-28 03:35:39.577479+00","2026-07-28T03:35:12Z_0001_aqi","CENTRAL_PUZHAL_020","Puzhal-Central",NULL,NULL,NULL,"FAILED","No response from API",7112.8,0
37398,"2026-07-28 03:35:39.577479+00","2026-07-28T03:35:12Z_0001_aqi","CENTRAL_PUZHAL_022","Puzhal-Central",NULL,NULL,NULL,"FAILED","No response from API",7145.2,0
37399,"2026-07-28 03:35:39.577479+00","2026-07-28T03:35:12Z_0001_aqi","CENTRAL_PUZHAL_023","Puzhal-Central",NULL,NULL,NULL,"FAILED","No response from API",7151.0,0
37400,"2026-07-28 03:35:39.577479+00","2026-07-28T03:35:12Z_0001_aqi","CENTRAL_PUZHAL_024","Puzhal-Central",NULL,NULL,NULL,"FAILED","No response from API",7153.3,0
37401,"2026-07-28 03:35:39.577479+00","2026-07-28T03:35:12Z_0001_aqi","CENTRAL_PUZHAL_025","Puzhal-Central",NULL,NULL,NULL,"FAILED","No response from API",7171.4,0
37402,"2026-07-28 03:35:39.577479+00","2026-07-28T03:35:12Z_0001_aqi","CENTRAL_PUZHAL_027","Puzhal-Central",NULL,NULL,NULL,"FAILED","No response from API",7180.9,0
37403,"2026-07-28 03:35:39.577479+00","2026-07-28T03:35:12Z_0001_aqi","CENTRAL_PUZHAL_ATGRADE_001","Puzhal-Central",NULL,NULL,NULL,"FAILED","No response from API",7183.3,0
37404,"2026-07-28 03:35:39.577479+00","2026-07-28T03:35:12Z_0001_aqi","CENTRAL_PUZHAL_ATGRADE_002","Puzhal-Central",NULL,NULL,NULL,"FAILED","No response from API",7196.0,0
37405,"2026-07-28 03:35:39.577479+00","2026-07-28T03:35:12Z_0001_aqi","CENTRAL_PUZHAL_ATGRADE_003","Puzhal-Central",NULL,NULL,NULL,"FAILED","No response from API",7201.3,0
37406,"2026-07-28 03:35:39.577479+00","2026-07-28T03:35:12Z_0001_aqi","CENTRAL_PUZHAL_ATGRADE_004","Puzhal-Central",NULL,NULL,NULL,"FAILED","No response from API",7213.1,0
37407,"2026-07-28 03:35:39.577479+00","2026-07-28T03:35:12Z_0001_aqi","PUZHAL_CENTRAL_001","Puzhal-Central",NULL,NULL,NULL,"FAILED","No response from API",7221.6,0
37408,"2026-07-28 03:35:39.577479+00","2026-07-28T03:35:12Z_0001_aqi","PUZHAL_CENTRAL_002","Puzhal-Central",NULL,NULL,NULL,"FAILED","No response from API",7245.2,0
37409,"2026-07-28 03:35:39.577479+00","2026-07-28T03:35:12Z_0001_aqi","PUZHAL_CENTRAL_003","Puzhal-Central",NULL,NULL,NULL,"FAILED","No response from API",7249.9,0
37410,"2026-07-28 03:35:39.577479+00","2026-07-28T03:35:12Z_0001_aqi","PUZHAL_CENTRAL_005","Puzhal-Central",NULL,NULL,NULL,"FAILED","No response from API",7307.2,0
37411,"2026-07-28 03:35:39.577479+00","2026-07-28T03:35:12Z_0001_aqi","PUZHAL_CENTRAL_008","Puzhal-Central",NULL,NULL,NULL,"FAILED","No response from API",7380.9,0
37412,"2026-07-28 03:35:39.577479+00","2026-07-28T03:35:12Z_0001_aqi","PUZHAL_CENTRAL_009","Puzhal-Central",NULL,NULL,NULL,"FAILED","No response from API",7406.9,0
37413,"2026-07-28 03:35:39.577479+00","2026-07-28T03:35:12Z_0001_aqi","PUZHAL_CENTRAL_010","Puzhal-Central",NULL,NULL,NULL,"FAILED","No response from API",7413.5,0
37414,"2026-07-28 03:35:39.577479+00","2026-07-28T03:35:12Z_0001_aqi","PUZHAL_CENTRAL_011","Puzhal-Central",NULL,NULL,NULL,"FAILED","No response from API",7419.2,0
37415,"2026-07-28 03:35:39.577479+00","2026-07-28T03:35:12Z_0001_aqi","PUZHAL_CENTRAL_012","Puzhal-Central",NULL,NULL,NULL,"FAILED","No response from API",7437.5,0
37416,"2026-07-28 03:35:39.577479+00","2026-07-28T03:35:12Z_0001_aqi","PUZHAL_CENTRAL_014","Puzhal-Central",NULL,NULL,NULL,"FAILED","No response from API",7445.2,0
37417,"2026-07-28 03:35:39.577479+00","2026-07-28T03:35:12Z_0001_aqi","PUZHAL_CENTRAL_013","Puzhal-Central",NULL,NULL,NULL,"FAILED","No response from API",7447.6,0
37418,"2026-07-28 03:35:39.577479+00","2026-07-28T03:35:12Z_0001_aqi","PUZHAL_CENTRAL_015","Puzhal-Central",NULL,NULL,NULL,"FAILED","No response from API",7462.6,0
37419,"2026-07-28 03:35:39.577479+00","2026-07-28T03:35:12Z_0001_aqi","PUZHAL_CENTRAL_016","Puzhal-Central",NULL,NULL,NULL,"FAILED","No response from API",7465.8,0
37420,"2026-07-28 03:35:39.577479+00","2026-07-28T03:35:12Z_0001_aqi","PUZHAL_CENTRAL_017","Puzhal-Central",NULL,NULL,NULL,"FAILED","No response from API",7478.6,0
37421,"2026-07-28 03:35:39.577479+00","2026-07-28T03:35:12Z_0001_aqi","PUZHAL_CENTRAL_018","Puzhal-Central",NULL,NULL,NULL,"FAILED","No response from API",7487.2,0
37422,"2026-07-28 03:35:39.577479+00","2026-07-28T03:35:12Z_0001_aqi","PUZHAL_CENTRAL_019","Puzhal-Central",NULL,NULL,NULL,"FAILED","No response from API",7512.7,0
37423,"2026-07-28 03:35:39.577479+00","2026-07-28T03:35:12Z_0001_aqi","PUZHAL_CENTRAL_020","Puzhal-Central",NULL,NULL,NULL,"FAILED","No response from API",7518.3,0
37424,"2026-07-28 03:35:39.577479+00","2026-07-28T03:35:12Z_0001_aqi","PUZHAL_CENTRAL_021","Puzhal-Central",NULL,NULL,NULL,"FAILED","No response from API",7570.5,0
37425,"2026-07-28 03:35:39.577479+00","2026-07-28T03:35:12Z_0001_aqi","PUZHAL_CENTRAL_022","Puzhal-Central",NULL,NULL,NULL,"FAILED","No response from API",7642.3,0
37426,"2026-07-28 03:35:39.577479+00","2026-07-28T03:35:12Z_0001_aqi","PUZHAL_CENTRAL_023","Puzhal-Central",NULL,NULL,NULL,"FAILED","No response from API",7671.9,0
37427,"2026-07-28 03:35:39.577479+00","2026-07-28T03:35:12Z_0001_aqi","PUZHAL_CENTRAL_024","Puzhal-Central",NULL,NULL,NULL,"FAILED","No response from API",7674.5,0
37428,"2026-07-28 03:35:39.577479+00","2026-07-28T03:35:12Z_0001_aqi","PUZHAL_CENTRAL_025","Puzhal-Central",NULL,NULL,NULL,"FAILED","No response from API",7683.5,0
37429,"2026-07-28 03:35:39.577479+00","2026-07-28T03:35:12Z_0001_aqi","PUZHAL_CENTRAL_026","Puzhal-Central",NULL,NULL,NULL,"FAILED","No response from API",7701.1,0
37430,"2026-07-28 03:35:39.577479+00","2026-07-28T03:35:12Z_0001_aqi","PUZHAL_CENTRAL_027","Puzhal-Central",NULL,NULL,NULL,"FAILED","No response from API",7712.9,0
37431,"2026-07-28 03:35:39.577479+00","2026-07-28T03:35:12Z_0001_aqi","PUZHAL_CENTRAL_ATGRADE_001","Puzhal-Central",NULL,NULL,NULL,"FAILED","No response from API",7716.7,0
37432,"2026-07-28 03:35:39.577479+00","2026-07-28T03:35:12Z_0001_aqi","PUZHAL_CENTRAL_ATGRADE_002","Puzhal-Central",NULL,NULL,NULL,"FAILED","No response from API",7727.2,0
37433,"2026-07-28 03:35:39.577479+00","2026-07-28T03:35:12Z_0001_aqi","PUZHAL_CENTRAL_ATGRADE_003","Puzhal-Central",NULL,NULL,NULL,"FAILED","No response from API",7735.9,0
37434,"2026-07-28 03:35:39.577479+00","2026-07-28T03:35:12Z_0001_aqi","PUZHAL_CENTRAL_ATGRADE_004","Puzhal-Central",NULL,NULL,NULL,"FAILED","No response from API",7743.7,0
37435,"2026-07-28 03:35:39.577479+00","2026-07-28T03:35:12Z_0001_aqi","PUZHAL_CENTRAL_ATGRADE_005","Puzhal-Central",NULL,NULL,NULL,"FAILED","No response from API",7751.7,0
37436,"2026-07-28 03:35:39.577479+00","2026-07-28T03:35:12Z_0001_aqi","PALLAVARAM_THORAIPAKKAM_001","Thoraipakkam-Pallavaram",NULL,NULL,NULL,"FAILED","No response from API",7780.9,0
37437,"2026-07-28 03:35:39.577479+00","2026-07-28T03:35:12Z_0001_aqi","PALLAVARAM_THORAIPAKKAM_002","Thoraipakkam-Pallavaram",NULL,NULL,NULL,"FAILED","No response from API",7784.0,0
37438,"2026-07-28 03:35:39.577479+00","2026-07-28T03:35:12Z_0001_aqi","PALLAVARAM_THORAIPAKKAM_003","Thoraipakkam-Pallavaram",NULL,NULL,NULL,"FAILED","No response from API",7833.2,0
37439,"2026-07-28 03:35:39.577479+00","2026-07-28T03:35:12Z_0001_aqi","PALLAVARAM_THORAIPAKKAM_004","Thoraipakkam-Pallavaram",NULL,NULL,NULL,"FAILED","No response from API",7904.7,0
37440,"2026-07-28 03:35:39.577479+00","2026-07-28T03:35:12Z_0001_aqi","CENTRAL_PUZHAL_007","Puzhal-Central",NULL,NULL,NULL,"FAILED","No response from API",7930.5,0
37441,"2026-07-28 03:35:39.577479+00","2026-07-28T03:35:12Z_0001_aqi","PALLAVARAM_THORAIPAKKAM_006","Thoraipakkam-Pallavaram",NULL,NULL,NULL,"FAILED","No response from API",7937.0,0
37442,"2026-07-28 03:35:39.577479+00","2026-07-28T03:35:12Z_0001_aqi","PALLAVARAM_THORAIPAKKAM_005","Thoraipakkam-Pallavaram",NULL,NULL,NULL,"FAILED","No response from API",7938.3,0
37443,"2026-07-28 03:35:39.577479+00","2026-07-28T03:35:12Z_0001_aqi","PALLAVARAM_THORAIPAKKAM_007","Thoraipakkam-Pallavaram",NULL,NULL,NULL,"FAILED","No response from API",7946.1,0
37444,"2026-07-28 03:35:39.577479+00","2026-07-28T03:35:12Z_0001_aqi","PALLAVARAM_THORAIPAKKAM_008","Thoraipakkam-Pallavaram",NULL,NULL,NULL,"FAILED","No response from API",7965.7,0
37445,"2026-07-28 03:35:39.577479+00","2026-07-28T03:35:12Z_0001_aqi","PALLAVARAM_THORAIPAKKAM_009","Thoraipakkam-Pallavaram",NULL,NULL,NULL,"FAILED","No response from API",7983.7,0
37446,"2026-07-28 03:35:39.577479+00","2026-07-28T03:35:12Z_0001_aqi","PALLAVARAM_THORAIPAKKAM_010","Thoraipakkam-Pallavaram",NULL,NULL,NULL,"FAILED","No response from API",7983.5,0
37447,"2026-07-28 03:35:39.577479+00","2026-07-28T03:35:12Z_0001_aqi","PALLAVARAM_THORAIPAKKAM_AT_GRADE_001","Thoraipakkam-Pallavaram",NULL,NULL,NULL,"FAILED","No response from API",7995.5,0
37448,"2026-07-28 03:35:39.577479+00","2026-07-28T03:35:12Z_0001_aqi","PALLAVARAM_THORAIPAKKAM_AT_GRADE_002","Thoraipakkam-Pallavaram",NULL,NULL,NULL,"FAILED","No response from API",8000.7,0
37449,"2026-07-28 03:35:39.577479+00","2026-07-28T03:35:12Z_0001_aqi","THORAIPAKKAM_PALLAVARM_001","Thoraipakkam-Pallavaram",NULL,NULL,NULL,"FAILED","No response from API",8009.8,0
37450,"2026-07-28 03:35:39.577479+00","2026-07-28T03:35:12Z_0001_aqi","THORAIPAKKAM_PALLAVARM_002","Thoraipakkam-Pallavaram",NULL,NULL,NULL,"FAILED","No response from API",8019.8,0
37451,"2026-07-28 03:35:39.577479+00","2026-07-28T03:35:12Z_0001_aqi","THORAIPAKKAM_PALLAVARM_004","Thoraipakkam-Pallavaram",NULL,NULL,NULL,"FAILED","No response from API",8049.9,0
37452,"2026-07-28 03:35:39.577479+00","2026-07-28T03:35:12Z_0001_aqi","THORAIPAKKAM_PALLAVARM_003","Thoraipakkam-Pallavaram",NULL,NULL,NULL,"FAILED","No response from API",8051.8,0
37453,"2026-07-28 03:35:39.577479+00","2026-07-28T03:35:12Z_0001_aqi","THORAIPAKKAM_PALLAVARM_005","Thoraipakkam-Pallavaram",NULL,NULL,NULL,"FAILED","No response from API",8104.5,0
37454,"2026-07-28 03:35:39.577479+00","2026-07-28T03:35:12Z_0001_aqi","THORAIPAKKAM_PALLAVARM_006","Thoraipakkam-Pallavaram",NULL,NULL,NULL,"FAILED","No response from API",8171.9,0
37455,"2026-07-28 03:35:39.577479+00","2026-07-28T03:35:12Z_0001_aqi","CENTRAL_PUZHAL_021","Puzhal-Central",NULL,NULL,NULL,"FAILED","No response from API",8181.9,0
37456,"2026-07-28 03:35:39.577479+00","2026-07-28T03:35:12Z_0001_aqi","CENTRAL_PUZHAL_026","Puzhal-Central",NULL,NULL,NULL,"FAILED","No response from API",8200.6,0
37457,"2026-07-28 03:35:39.577479+00","2026-07-28T03:35:12Z_0001_aqi","THORAIPAKKAM_PALLAVARM_008","Thoraipakkam-Pallavaram",NULL,NULL,NULL,"FAILED","No response from API",8201.0,0
37458,"2026-07-28 03:35:39.577479+00","2026-07-28T03:35:12Z_0001_aqi","THORAIPAKKAM_PALLAVARM_009","Thoraipakkam-Pallavaram",NULL,NULL,NULL,"FAILED","No response from API",8200.8,0
37459,"2026-07-28 03:35:39.577479+00","2026-07-28T03:35:12Z_0001_aqi","THORAIPAKKAM_PALLAVARM_010","Thoraipakkam-Pallavaram",NULL,NULL,NULL,"FAILED","No response from API",8207.6,0
37460,"2026-07-28 03:35:39.577479+00","2026-07-28T03:35:12Z_0001_aqi","THORAIPAKKAM_PALLAVARM_007","Thoraipakkam-Pallavaram",NULL,NULL,NULL,"FAILED","No response from API",8221.1,0
37461,"2026-07-28 03:35:39.577479+00","2026-07-28T03:35:12Z_0001_aqi","THORAIPAKKAM_PALLAVARM_AT_GRADE_001","Thoraipakkam-Pallavaram",NULL,NULL,NULL,"FAILED","No response from API",8230.5,0
37462,"2026-07-28 03:35:39.577479+00","2026-07-28T03:35:12Z_0001_aqi","THORAIPAKKAM_PALLAVARM_AT_GRADE_002","Thoraipakkam-Pallavaram",NULL,NULL,NULL,"FAILED","No response from API",8249.2,0
37463,"2026-07-28 03:35:39.577479+00","2026-07-28T03:35:12Z_0001_aqi","PUZHAL_CENTRAL_004","Puzhal-Central",NULL,NULL,NULL,"FAILED","No response from API",8365.7,0
37464,"2026-07-28 03:35:39.577479+00","2026-07-28T03:35:12Z_0001_aqi","PUZHAL_CENTRAL_006","Puzhal-Central",NULL,NULL,NULL,"FAILED","No response from API",8422.8,0
37465,"2026-07-28 03:35:39.577479+00","2026-07-28T03:35:12Z_0001_aqi","PUZHAL_CENTRAL_007","Puzhal-Central",NULL,NULL,NULL,"FAILED","No response from API",8444.8,0
37466,"2026-07-28 06:35:46.526619+00","2026-07-28T06:35:15Z_0001_aqi","KILAMBAKKAM_LITTLEMOUNT_006","Corridor_Littlemount_Kilambakkam",NULL,NULL,NULL,"FAILED","No response from API",1640.2,0
37467,"2026-07-28 06:35:46.526619+00","2026-07-28T06:35:15Z_0001_aqi","KILAMBAKKAM_LITTLEMOUNT(AT_GRADE_BELOWFLYOVER)_005","Corridor_Littlemount_Kilambakkam",NULL,NULL,NULL,"FAILED","No response from API",1642.8,0
37468,"2026-07-28 06:35:46.526619+00","2026-07-28T06:35:15Z_0001_aqi","KILAMBAKKAM_LITTLEMOUNT_009","Corridor_Littlemount_Kilambakkam",NULL,NULL,NULL,"FAILED","No response from API",1643.0,0
37469,"2026-07-28 06:35:46.526619+00","2026-07-28T06:35:15Z_0001_aqi","KILAMBAKKAM_LITTLEMOUNT_005","Corridor_Littlemount_Kilambakkam",NULL,NULL,NULL,"FAILED","No response from API",1643.9,0
37470,"2026-07-28 06:35:46.526619+00","2026-07-28T06:35:15Z_0001_aqi","KILAMBAKKAM_LITTLEMOUNT(AT_GRADE_BELOWFLYOVER)_007","Corridor_Littlemount_Kilambakkam",NULL,NULL,NULL,"FAILED","No response from API",1645.2,0
37471,"2026-07-28 06:35:46.526619+00","2026-07-28T06:35:15Z_0001_aqi","KILAMBAKKAM_LITTLEMOUNT(AT_GRADE_BELOWFLYOVER)_006","Corridor_Littlemount_Kilambakkam",NULL,NULL,NULL,"FAILED","No response from API",1648.5,0
37472,"2026-07-28 06:35:46.526619+00","2026-07-28T06:35:15Z_0001_aqi","KILAMBAKKAM_LITTLEMOUNT(AT_GRADE_BELOWFLYOVER)_001","Corridor_Littlemount_Kilambakkam",NULL,NULL,NULL,"FAILED","No response from API",1650.0,0
37473,"2026-07-28 06:35:46.526619+00","2026-07-28T06:35:15Z_0001_aqi","KILAMBAKKAM_LITTLEMOUNT(AT_GRADE_BELOWFLYOVER)_008","Corridor_Littlemount_Kilambakkam",NULL,NULL,NULL,"FAILED","No response from API",1653.1,0
37474,"2026-07-28 06:35:46.526619+00","2026-07-28T06:35:15Z_0001_aqi","KILAMBAKKAM_LITTLEMOUNT_004","Corridor_Littlemount_Kilambakkam",NULL,NULL,NULL,"FAILED","No response from API",1653.4,0
37475,"2026-07-28 06:35:46.526619+00","2026-07-28T06:35:15Z_0001_aqi","KILAMBAKKAM_LITTLEMOUNT_003","Corridor_Littlemount_Kilambakkam",NULL,NULL,NULL,"FAILED","No response from API",1654.2,0
37476,"2026-07-28 06:35:46.526619+00","2026-07-28T06:35:15Z_0001_aqi","KILAMBAKKAM_LITTLEMOUNT_001","Corridor_Littlemount_Kilambakkam",NULL,NULL,NULL,"FAILED","No response from API",1666.5,0
37477,"2026-07-28 06:35:46.526619+00","2026-07-28T06:35:15Z_0001_aqi","KILAMBAKKAM_LITTLEMOUNT(AT_GRADE_BELOWFLYOVER)_009","Corridor_Littlemount_Kilambakkam",NULL,NULL,NULL,"FAILED","No response from API",1668.0,0
37478,"2026-07-28 06:35:46.526619+00","2026-07-28T06:35:15Z_0001_aqi","KILAMBAKKAM_LITTLEMOUNT_008","Corridor_Littlemount_Kilambakkam",NULL,NULL,NULL,"FAILED","No response from API",1706.0,0
37479,"2026-07-28 06:35:46.526619+00","2026-07-28T06:35:15Z_0001_aqi","KILAMBAKKAM_LITTLEMOUNT(AT_GRADE_BELOWFLYOVER)_004","Corridor_Littlemount_Kilambakkam",NULL,NULL,NULL,"FAILED","No response from API",1733.1,0
37480,"2026-07-28 06:35:46.526619+00","2026-07-28T06:35:15Z_0001_aqi","KILAMBAKKAM_LITTLEMOUNT_007","Corridor_Littlemount_Kilambakkam",NULL,NULL,NULL,"FAILED","No response from API",1741.5,0
37481,"2026-07-28 06:35:46.526619+00","2026-07-28T06:35:15Z_0001_aqi","KILAMBAKKAM_LITTLEMOUNT_002","Corridor_Littlemount_Kilambakkam",NULL,NULL,NULL,"FAILED","No response from API",1745.9,0
37482,"2026-07-28 06:35:46.526619+00","2026-07-28T06:35:15Z_0001_aqi","KILAMBAKKAM_LITTLEMOUNT_011","Corridor_Littlemount_Kilambakkam",NULL,NULL,NULL,"FAILED","No response from API",1745.7,0
37483,"2026-07-28 06:35:46.526619+00","2026-07-28T06:35:15Z_0001_aqi","KILAMBAKKAM_LITTLEMOUNT(AT_GRADE_BELOWFLYOVER)_003","Corridor_Littlemount_Kilambakkam",NULL,NULL,NULL,"FAILED","No response from API",1758.3,0
37484,"2026-07-28 06:35:46.526619+00","2026-07-28T06:35:15Z_0001_aqi","KILAMBAKKAM_LITTLEMOUNT_010","Corridor_Littlemount_Kilambakkam",NULL,NULL,NULL,"FAILED","No response from API",1752.6,0
37485,"2026-07-28 06:35:46.526619+00","2026-07-28T06:35:15Z_0001_aqi","KILAMBAKKAM_LITTLEMOUNT(AT_GRADE_BELOWFLYOVER)_002","Corridor_Littlemount_Kilambakkam",NULL,NULL,NULL,"FAILED","No response from API",1774.7,0
37486,"2026-07-28 06:35:46.526619+00","2026-07-28T06:35:15Z_0001_aqi","KILAMBAKKAM_LITTLEMOUNT_012","Corridor_Littlemount_Kilambakkam",NULL,NULL,NULL,"FAILED","No response from API",1902.3,0
37487,"2026-07-28 06:35:46.526619+00","2026-07-28T06:35:15Z_0001_aqi","KILAMBAKKAM_LITTLEMOUNT_013","Corridor_Littlemount_Kilambakkam",NULL,NULL,NULL,"FAILED","No response from API",1904.8,0
37488,"2026-07-28 06:35:46.526619+00","2026-07-28T06:35:15Z_0001_aqi","KILAMBAKKAM_LITTLEMOUNT_016","Corridor_Littlemount_Kilambakkam",NULL,NULL,NULL,"FAILED","No response from API",1905.5,0
37489,"2026-07-28 06:35:46.526619+00","2026-07-28T06:35:15Z_0001_aqi","KILAMBAKKAM_LITTLEMOUNT_015","Corridor_Littlemount_Kilambakkam",NULL,NULL,NULL,"FAILED","No response from API",1908.1,0
37490,"2026-07-28 06:35:46.526619+00","2026-07-28T06:35:15Z_0001_aqi","KILAMBAKKAM_LITTLEMOUNT_019","Corridor_Littlemount_Kilambakkam",NULL,NULL,NULL,"FAILED","No response from API",1911.8,0
37491,"2026-07-28 06:35:46.526619+00","2026-07-28T06:35:15Z_0001_aqi","KILAMBAKKAM_LITTLEMOUNT_014","Corridor_Littlemount_Kilambakkam",NULL,NULL,NULL,"FAILED","No response from API",1914.6,0
37492,"2026-07-28 06:35:46.526619+00","2026-07-28T06:35:15Z_0001_aqi","KILAMBAKKAM_LITTLEMOUNT_017","Corridor_Littlemount_Kilambakkam",NULL,NULL,NULL,"FAILED","No response from API",1916.0,0
37493,"2026-07-28 06:35:46.526619+00","2026-07-28T06:35:15Z_0001_aqi","KILAMBAKKAM_LITTLEMOUNT_020","Corridor_Littlemount_Kilambakkam",NULL,NULL,NULL,"FAILED","No response from API",1917.7,0
37494,"2026-07-28 06:35:46.526619+00","2026-07-28T06:35:15Z_0001_aqi","KILAMBAKKAM_LITTLEMOUNT_018","Corridor_Littlemount_Kilambakkam",NULL,NULL,NULL,"FAILED","No response from API",1919.7,0
37495,"2026-07-28 06:35:46.526619+00","2026-07-28T06:35:15Z_0001_aqi","KILAMBAKKAM_LITTLEMOUNT_021","Corridor_Littlemount_Kilambakkam",NULL,NULL,NULL,"FAILED","No response from API",1922.6,0
37496,"2026-07-28 06:35:46.526619+00","2026-07-28T06:35:15Z_0001_aqi","KILAMBAKKAM_LITTLEMOUNT_023","Corridor_Littlemount_Kilambakkam",NULL,NULL,NULL,"FAILED","No response from API",1928.9,0
37497,"2026-07-28 06:35:46.526619+00","2026-07-28T06:35:15Z_0001_aqi","KILAMBAKKAM_LITTLEMOUNT_022","Corridor_Littlemount_Kilambakkam",NULL,NULL,NULL,"FAILED","No response from API",1930.3,0
37498,"2026-07-28 06:35:46.526619+00","2026-07-28T06:35:15Z_0001_aqi","KILAMBAKKAM_LITTLEMOUNT_025","Corridor_Littlemount_Kilambakkam",NULL,NULL,NULL,"FAILED","No response from API",2011.3,0
37499,"2026-07-28 06:35:46.526619+00","2026-07-28T06:35:15Z_0001_aqi","KILAMBAKKAM_LITTLEMOUNT_024","Corridor_Littlemount_Kilambakkam",NULL,NULL,NULL,"FAILED","No response from API",2009.8,0
37500,"2026-07-28 06:35:46.526619+00","2026-07-28T06:35:15Z_0001_aqi","KILAMBAKKAM_LITTLEMOUNT_026","Corridor_Littlemount_Kilambakkam",NULL,NULL,NULL,"FAILED","No response from API",2026.6,0
37501,"2026-07-28 06:35:46.526619+00","2026-07-28T06:35:15Z_0001_aqi","KILAMBAKKAM_LITTLEMOUNT_029","Corridor_Littlemount_Kilambakkam",NULL,NULL,NULL,"FAILED","No response from API",2036.0,0
37502,"2026-07-28 06:35:46.526619+00","2026-07-28T06:35:15Z_0001_aqi","KILAMBAKKAM_LITTLEMOUNT_028","Corridor_Littlemount_Kilambakkam",NULL,NULL,NULL,"FAILED","No response from API",2033.8,0
37503,"2026-07-28 06:35:46.526619+00","2026-07-28T06:35:15Z_0001_aqi","KILAMBAKKAM_LITTLEMOUNT_027","Corridor_Littlemount_Kilambakkam",NULL,NULL,NULL,"FAILED","No response from API",2044.9,0
37504,"2026-07-28 06:35:46.526619+00","2026-07-28T06:35:15Z_0001_aqi","LITTLEMOUNT_KILAMBAKKAM(AT_GRADE_BELOWFLYOVER)_001","Corridor_Littlemount_Kilambakkam",NULL,NULL,NULL,"FAILED","No response from API",2057.8,0
37505,"2026-07-28 06:35:46.526619+00","2026-07-28T06:35:15Z_0001_aqi","LITTLEMOUNT_KILAMBAKKAM(AT_GRADE_BELOWFLYOVER)_002","Corridor_Littlemount_Kilambakkam",NULL,NULL,NULL,"FAILED","No response from API",2064.7,0
37506,"2026-07-28 06:35:46.526619+00","2026-07-28T06:35:15Z_0001_aqi","LITTLEMOUNT_KILAMBAKKAM_002","Corridor_Littlemount_Kilambakkam",NULL,NULL,NULL,"FAILED","No response from API",3188.9,0
37507,"2026-07-28 06:35:46.526619+00","2026-07-28T06:35:15Z_0001_aqi","LITTLEMOUNT_KILAMBAKKAM(AT_GRADE_BELOWFLYOVER)_006","Corridor_Littlemount_Kilambakkam",NULL,NULL,NULL,"FAILED","No response from API",3189.8,0
37508,"2026-07-28 06:35:46.526619+00","2026-07-28T06:35:15Z_0001_aqi","LITTLEMOUNT_KILAMBAKKAM_001","Corridor_Littlemount_Kilambakkam",NULL,NULL,NULL,"FAILED","No response from API",3193.7,0
37509,"2026-07-28 06:35:46.526619+00","2026-07-28T06:35:15Z_0001_aqi","LITTLEMOUNT_KILAMBAKKAM_003","Corridor_Littlemount_Kilambakkam",NULL,NULL,NULL,"FAILED","No response from API",3196.6,0
37510,"2026-07-28 06:35:46.526619+00","2026-07-28T06:35:15Z_0001_aqi","LITTLEMOUNT_KILAMBAKKAM_005","Corridor_Littlemount_Kilambakkam",NULL,NULL,NULL,"FAILED","No response from API",3199.8,0
37511,"2026-07-28 06:35:46.526619+00","2026-07-28T06:35:15Z_0001_aqi","LITTLEMOUNT_KILAMBAKKAM_006","Corridor_Littlemount_Kilambakkam",NULL,NULL,NULL,"FAILED","No response from API",3200.6,0
37512,"2026-07-28 06:35:46.526619+00","2026-07-28T06:35:15Z_0001_aqi","LITTLEMOUNT_KILAMBAKKAM(AT_GRADE_BELOWFLYOVER)_004","Corridor_Littlemount_Kilambakkam",NULL,NULL,NULL,"FAILED","No response from API",3206.0,0
37513,"2026-07-28 06:35:46.526619+00","2026-07-28T06:35:15Z_0001_aqi","LITTLEMOUNT_KILAMBAKKAM(AT_GRADE_BELOWFLYOVER)_005","Corridor_Littlemount_Kilambakkam",NULL,NULL,NULL,"FAILED","No response from API",3215.5,0
37514,"2026-07-28 06:35:46.526619+00","2026-07-28T06:35:15Z_0001_aqi","LITTLEMOUNT_KILAMBAKKAM_004","Corridor_Littlemount_Kilambakkam",NULL,NULL,NULL,"FAILED","No response from API",3216.4,0
37515,"2026-07-28 06:35:46.526619+00","2026-07-28T06:35:15Z_0001_aqi","LITTLEMOUNT_KILAMBAKKAM_007","Corridor_Littlemount_Kilambakkam",NULL,NULL,NULL,"FAILED","No response from API",3221.6,0
37516,"2026-07-28 06:35:46.526619+00","2026-07-28T06:35:15Z_0001_aqi","LITTLEMOUNT_KILAMBAKKAM_008","Corridor_Littlemount_Kilambakkam",NULL,NULL,NULL,"FAILED","No response from API",3226.8,0
37517,"2026-07-28 06:35:46.526619+00","2026-07-28T06:35:15Z_0001_aqi","LITTLEMOUNT_KILAMBAKKAM(AT_GRADE_BELOWFLYOVER)_003","Corridor_Littlemount_Kilambakkam",NULL,NULL,NULL,"FAILED","No response from API",3254.0,0
37518,"2026-07-28 06:35:46.526619+00","2026-07-28T06:35:15Z_0001_aqi","LITTLEMOUNT_KILAMBAKKAM_013","Corridor_Littlemount_Kilambakkam",NULL,NULL,NULL,"FAILED","No response from API",3376.0,0
37519,"2026-07-28 06:35:46.526619+00","2026-07-28T06:35:15Z_0001_aqi","LITTLEMOUNT_KILAMBAKKAM_014","Corridor_Littlemount_Kilambakkam",NULL,NULL,NULL,"FAILED","No response from API",3376.6,0
37520,"2026-07-28 06:35:46.526619+00","2026-07-28T06:35:15Z_0001_aqi","LITTLEMOUNT_KILAMBAKKAM_009","Corridor_Littlemount_Kilambakkam",NULL,NULL,NULL,"FAILED","No response from API",3383.1,0
37521,"2026-07-28 06:35:46.526619+00","2026-07-28T06:35:15Z_0001_aqi","LITTLEMOUNT_KILAMBAKKAM_015","Corridor_Littlemount_Kilambakkam",NULL,NULL,NULL,"FAILED","No response from API",3383.3,0
37522,"2026-07-28 06:35:46.526619+00","2026-07-28T06:35:15Z_0001_aqi","LITTLEMOUNT_KILAMBAKKAM_011","Corridor_Littlemount_Kilambakkam",NULL,NULL,NULL,"FAILED","No response from API",3385.6,0
37523,"2026-07-28 06:35:46.526619+00","2026-07-28T06:35:15Z_0001_aqi","LITTLEMOUNT_KILAMBAKKAM_010","Corridor_Littlemount_Kilambakkam",NULL,NULL,NULL,"FAILED","No response from API",3396.2,0
37524,"2026-07-28 06:35:46.526619+00","2026-07-28T06:35:15Z_0001_aqi","LITTLEMOUNT_KILAMBAKKAM_012","Corridor_Littlemount_Kilambakkam",NULL,NULL,NULL,"FAILED","No response from API",3406.1,0
37525,"2026-07-28 06:35:46.526619+00","2026-07-28T06:35:15Z_0001_aqi","LITTLEMOUNT_KILAMBAKKAM_016","Corridor_Littlemount_Kilambakkam",NULL,NULL,NULL,"FAILED","No response from API",3432.5,0
37526,"2026-07-28 06:35:46.526619+00","2026-07-28T06:35:15Z_0001_aqi","LITTLEMOUNT_KILAMBAKKAM_017","Corridor_Littlemount_Kilambakkam",NULL,NULL,NULL,"FAILED","No response from API",3454.6,0
37527,"2026-07-28 06:35:46.526619+00","2026-07-28T06:35:15Z_0001_aqi","LITTLEMOUNT_KILAMBAKKAM_018","Corridor_Littlemount_Kilambakkam",NULL,NULL,NULL,"FAILED","No response from API",3457.5,0
37528,"2026-07-28 06:35:46.526619+00","2026-07-28T06:35:15Z_0001_aqi","LITTLEMOUNT_KILAMBAKKAM_020","Corridor_Littlemount_Kilambakkam",NULL,NULL,NULL,"FAILED","No response from API",3461.7,0
37529,"2026-07-28 06:35:46.526619+00","2026-07-28T06:35:15Z_0001_aqi","LITTLEMOUNT_KILAMBAKKAM_021","Corridor_Littlemount_Kilambakkam",NULL,NULL,NULL,"FAILED","No response from API",3466.6,0
37530,"2026-07-28 06:35:46.526619+00","2026-07-28T06:35:15Z_0001_aqi","LITTLEMOUNT_KILAMBAKKAM_023","Corridor_Littlemount_Kilambakkam",NULL,NULL,NULL,"FAILED","No response from API",3467.7,0
37531,"2026-07-28 06:35:46.526619+00","2026-07-28T06:35:15Z_0001_aqi","LITTLEMOUNT_KILAMBAKKAM_022","Corridor_Littlemount_Kilambakkam",NULL,NULL,NULL,"FAILED","No response from API",3469.5,0
37532,"2026-07-28 06:35:46.526619+00","2026-07-28T06:35:15Z_0001_aqi","LITTLEMOUNT_KILAMBAKKAM_019","Corridor_Littlemount_Kilambakkam",NULL,NULL,NULL,"FAILED","No response from API",3473.3,0
37533,"2026-07-28 06:35:46.526619+00","2026-07-28T06:35:15Z_0001_aqi","LITTLEMOUNT_KILAMBAKKAM_024","Corridor_Littlemount_Kilambakkam",NULL,NULL,NULL,"FAILED","No response from API",3475.0,0
37534,"2026-07-28 06:35:46.526619+00","2026-07-28T06:35:15Z_0001_aqi","LITTLEMOUNT_KILAMBAKKAM_025","Corridor_Littlemount_Kilambakkam",NULL,NULL,NULL,"FAILED","No response from API",3479.3,0
37535,"2026-07-28 06:35:46.526619+00","2026-07-28T06:35:15Z_0001_aqi","LITTLEMOUNT_KILAMBAKKAM_027","Corridor_Littlemount_Kilambakkam",NULL,NULL,NULL,"FAILED","No response from API",3486.6,0
37536,"2026-07-28 06:35:46.526619+00","2026-07-28T06:35:15Z_0001_aqi","LITTLEMOUNT_KILAMBAKKAM_026","Corridor_Littlemount_Kilambakkam",NULL,NULL,NULL,"FAILED","No response from API",3502.7,0
37537,"2026-07-28 06:35:46.526619+00","2026-07-28T06:35:15Z_0001_aqi","LITTLEMOUNT_KILAMBAKKAM_028","Corridor_Littlemount_Kilambakkam",NULL,NULL,NULL,"FAILED","No response from API",3517.2,0
37538,"2026-07-28 06:35:46.526619+00","2026-07-28T06:35:15Z_0001_aqi","LITTLEMOUNT_KILAMBAKKAM_031","Corridor_Littlemount_Kilambakkam",NULL,NULL,NULL,"FAILED","No response from API",3661.7,0
37539,"2026-07-28 06:35:46.526619+00","2026-07-28T06:35:15Z_0001_aqi","BROADWAY_KOYEMBEDU_001","EVR Salai",NULL,NULL,NULL,"FAILED","No response from API",3669.3,0
37540,"2026-07-28 06:35:46.526619+00","2026-07-28T06:35:15Z_0001_aqi","LITTLEMOUNT_KILAMBAKKAM_029","Corridor_Littlemount_Kilambakkam",NULL,NULL,NULL,"FAILED","No response from API",3670.1,0
37541,"2026-07-28 06:35:46.526619+00","2026-07-28T06:35:15Z_0001_aqi","BROADWAY_KOYEMBEDU_002","EVR Salai",NULL,NULL,NULL,"FAILED","No response from API",3677.9,0
37542,"2026-07-28 06:35:46.526619+00","2026-07-28T06:35:15Z_0001_aqi","BROADWAY_KOYEMBEDU_003","EVR Salai",NULL,NULL,NULL,"FAILED","No response from API",3685.4,0
37543,"2026-07-28 06:35:46.526619+00","2026-07-28T06:35:15Z_0001_aqi","LITTLEMOUNT_KILAMBAKKAM_030","Corridor_Littlemount_Kilambakkam",NULL,NULL,NULL,"FAILED","No response from API",3721.5,0
37544,"2026-07-28 06:35:46.526619+00","2026-07-28T06:35:15Z_0001_aqi","LITTLEMOUNT_KILAMBAKKAM_032","Corridor_Littlemount_Kilambakkam",NULL,NULL,NULL,"FAILED","No response from API",3729.1,0
37545,"2026-07-28 06:35:46.526619+00","2026-07-28T06:35:15Z_0001_aqi","BROADWAY_KOYEMBEDU_004","EVR Salai",NULL,NULL,NULL,"FAILED","No response from API",3733.5,0
37546,"2026-07-28 06:35:46.526619+00","2026-07-28T06:35:15Z_0001_aqi","BROADWAY_KOYEMBEDU_006","EVR Salai",NULL,NULL,NULL,"FAILED","No response from API",4721.4,0
37547,"2026-07-28 06:35:46.526619+00","2026-07-28T06:35:15Z_0001_aqi","BROADWAY_KOYEMBEDU_005","EVR Salai",NULL,NULL,NULL,"FAILED","No response from API",4731.1,0
37548,"2026-07-28 06:35:46.526619+00","2026-07-28T06:35:15Z_0001_aqi","BROADWAY_KOYEMBEDU_008","EVR Salai",NULL,NULL,NULL,"FAILED","No response from API",4738.8,0
37549,"2026-07-28 06:35:46.526619+00","2026-07-28T06:35:15Z_0001_aqi","BROADWAY_KOYEMBEDU_007","EVR Salai",NULL,NULL,NULL,"FAILED","No response from API",4742.6,0
37550,"2026-07-28 06:35:46.526619+00","2026-07-28T06:35:15Z_0001_aqi","BROADWAY_KOYEMBEDU_010","EVR Salai",NULL,NULL,NULL,"FAILED","No response from API",4744.3,0
37551,"2026-07-28 06:35:46.526619+00","2026-07-28T06:35:15Z_0001_aqi","BROADWAY_KOYEMBEDU_012","EVR Salai",NULL,NULL,NULL,"FAILED","No response from API",4756.8,0
37552,"2026-07-28 06:35:46.526619+00","2026-07-28T06:35:15Z_0001_aqi","BROADWAY_KOYEMBEDU_015","EVR Salai",NULL,NULL,NULL,"FAILED","No response from API",4759.6,0
37553,"2026-07-28 06:35:46.526619+00","2026-07-28T06:35:15Z_0001_aqi","BROADWAY_KOYEMBEDU_011","EVR Salai",NULL,NULL,NULL,"FAILED","No response from API",4762.4,0
37554,"2026-07-28 06:35:46.526619+00","2026-07-28T06:35:15Z_0001_aqi","BROADWAY_KOYEMBEDU_014","EVR Salai",NULL,NULL,NULL,"FAILED","No response from API",4765.7,0
37555,"2026-07-28 06:35:46.526619+00","2026-07-28T06:35:15Z_0001_aqi","BROADWAY_KOYEMBEDU_009","EVR Salai",NULL,NULL,NULL,"FAILED","No response from API",4772.5,0
37556,"2026-07-28 06:35:46.526619+00","2026-07-28T06:35:15Z_0001_aqi","BROADWAY_KOYEMBEDU_013","EVR Salai",NULL,NULL,NULL,"FAILED","No response from API",4777.4,0
37557,"2026-07-28 06:35:46.526619+00","2026-07-28T06:35:15Z_0001_aqi","BROADWAY_KOYEMBEDU_016","EVR Salai",NULL,NULL,NULL,"FAILED","No response from API",4797.0,0
37558,"2026-07-28 06:35:46.526619+00","2026-07-28T06:35:15Z_0001_aqi","BROADWAY_KOYEMBEDU_017","EVR Salai",NULL,NULL,NULL,"FAILED","No response from API",4921.7,0
37559,"2026-07-28 06:35:46.526619+00","2026-07-28T06:35:15Z_0001_aqi","BROADWAY_KOYEMBEDU_021","EVR Salai",NULL,NULL,NULL,"FAILED","No response from API",4952.8,0
37560,"2026-07-28 06:35:46.526619+00","2026-07-28T06:35:15Z_0001_aqi","BROADWAY_KOYEMBEDU_025","EVR Salai",NULL,NULL,NULL,"FAILED","No response from API",4998.7,0
37561,"2026-07-28 06:35:46.526619+00","2026-07-28T06:35:15Z_0001_aqi","BROADWAY_KOYEMBEDU_018","EVR Salai",NULL,NULL,NULL,"FAILED","No response from API",5000.5,0
37562,"2026-07-28 06:35:46.526619+00","2026-07-28T06:35:15Z_0001_aqi","KOYEMBEDU_BROADWAY_002","EVR Salai",NULL,NULL,NULL,"FAILED","No response from API",5002.4,0
37563,"2026-07-28 06:35:46.526619+00","2026-07-28T06:35:15Z_0001_aqi","BROADWAY_KOYEMBEDU_026","EVR Salai",NULL,NULL,NULL,"FAILED","No response from API",5003.1,0
37564,"2026-07-28 06:35:46.526619+00","2026-07-28T06:35:15Z_0001_aqi","KOYEMBEDU_BROADWAY_001","EVR Salai",NULL,NULL,NULL,"FAILED","No response from API",5007.0,0
37565,"2026-07-28 06:35:46.526619+00","2026-07-28T06:35:15Z_0001_aqi","BROADWAY_KOYEMBEDU_019","EVR Salai",NULL,NULL,NULL,"FAILED","No response from API",5008.2,0
37566,"2026-07-28 06:35:46.526619+00","2026-07-28T06:35:15Z_0001_aqi","BROADWAY_KOYEMBEDU_023","EVR Salai",NULL,NULL,NULL,"FAILED","No response from API",5011.1,0
37567,"2026-07-28 06:35:46.526619+00","2026-07-28T06:35:15Z_0001_aqi","KOYEMBEDU_BROADWAY_003","EVR Salai",NULL,NULL,NULL,"FAILED","No response from API",5011.8,0
37568,"2026-07-28 06:35:46.526619+00","2026-07-28T06:35:15Z_0001_aqi","KOYEMBEDU_BROADWAY_004","EVR Salai",NULL,NULL,NULL,"FAILED","No response from API",5016.6,0
37569,"2026-07-28 06:35:46.526619+00","2026-07-28T06:35:15Z_0001_aqi","BROADWAY_KOYEMBEDU_020","EVR Salai",NULL,NULL,NULL,"FAILED","No response from API",5019.2,0
37570,"2026-07-28 06:35:46.526619+00","2026-07-28T06:35:15Z_0001_aqi","KOYEMBEDU_BROADWAY_006","EVR Salai",NULL,NULL,NULL,"FAILED","No response from API",5023.0,0
37571,"2026-07-28 06:35:46.526619+00","2026-07-28T06:35:15Z_0001_aqi","BROADWAY_KOYEMBEDU_022","EVR Salai",NULL,NULL,NULL,"FAILED","No response from API",5024.0,0
37572,"2026-07-28 06:35:46.526619+00","2026-07-28T06:35:15Z_0001_aqi","KOYEMBEDU_BROADWAY_007","EVR Salai",NULL,NULL,NULL,"FAILED","No response from API",5024.6,0
37573,"2026-07-28 06:35:46.526619+00","2026-07-28T06:35:15Z_0001_aqi","KOYEMBEDU_BROADWAY_005","EVR Salai",NULL,NULL,NULL,"FAILED","No response from API",5049.1,0
37574,"2026-07-28 06:35:46.526619+00","2026-07-28T06:35:15Z_0001_aqi","KOYEMBEDU_BROADWAY_009","EVR Salai",NULL,NULL,NULL,"FAILED","No response from API",5051.3,0
37575,"2026-07-28 06:35:46.526619+00","2026-07-28T06:35:15Z_0001_aqi","KOYEMBEDU_BROADWAY_010","EVR Salai",NULL,NULL,NULL,"FAILED","No response from API",5060.6,0
37576,"2026-07-28 06:35:46.526619+00","2026-07-28T06:35:15Z_0001_aqi","BROADWAY_KOYEMBEDU_024","EVR Salai",NULL,NULL,NULL,"FAILED","No response from API",5125.3,0
37577,"2026-07-28 06:35:46.526619+00","2026-07-28T06:35:15Z_0001_aqi","KOYEMBEDU_BROADWAY_012","EVR Salai",NULL,NULL,NULL,"FAILED","No response from API",5225.2,0
37578,"2026-07-28 06:35:46.526619+00","2026-07-28T06:35:15Z_0001_aqi","KOYEMBEDU_BROADWAY_016","EVR Salai",NULL,NULL,NULL,"FAILED","No response from API",5263.7,0
37579,"2026-07-28 06:35:46.526619+00","2026-07-28T06:35:15Z_0001_aqi","KOYEMBEDU_BROADWAY_013","EVR Salai",NULL,NULL,NULL,"FAILED","No response from API",5263.9,0
37580,"2026-07-28 06:35:46.526619+00","2026-07-28T06:35:15Z_0001_aqi","KOYEMBEDU_BROADWAY_015","EVR Salai",NULL,NULL,NULL,"FAILED","No response from API",5264.2,0
37581,"2026-07-28 06:35:46.526619+00","2026-07-28T06:35:15Z_0001_aqi","KOYEMBEDU_BROADWAY_017","EVR Salai",NULL,NULL,NULL,"FAILED","No response from API",5267.6,0
37582,"2026-07-28 06:35:46.526619+00","2026-07-28T06:35:15Z_0001_aqi","KOYEMBEDU_BROADWAY_020","EVR Salai",NULL,NULL,NULL,"FAILED","No response from API",5272.9,0
37583,"2026-07-28 06:35:46.526619+00","2026-07-28T06:35:15Z_0001_aqi","KOYEMBEDU_BROADWAY_014","EVR Salai",NULL,NULL,NULL,"FAILED","No response from API",5278.2,0
37584,"2026-07-28 06:35:46.526619+00","2026-07-28T06:35:15Z_0001_aqi","KOYEMBEDU_BROADWAY_023","EVR Salai",NULL,NULL,NULL,"FAILED","No response from API",5282.7,0
37585,"2026-07-28 06:35:46.526619+00","2026-07-28T06:35:15Z_0001_aqi","KOYEMBEDU_BROADWAY_025","EVR Salai",NULL,NULL,NULL,"FAILED","No response from API",5288.7,0
37586,"2026-07-28 06:35:46.526619+00","2026-07-28T06:35:15Z_0001_aqi","KOYEMBEDU_BROADWAY_018","EVR Salai",NULL,NULL,NULL,"FAILED","No response from API",5304.3,0
37587,"2026-07-28 06:35:46.526619+00","2026-07-28T06:35:15Z_0001_aqi","KOYEMBEDU_BROADWAY_011","EVR Salai",NULL,NULL,NULL,"FAILED","No response from API",5310.1,0
37588,"2026-07-28 06:35:46.526619+00","2026-07-28T06:35:15Z_0001_aqi","KOYEMBEDU_BROADWAY_026","EVR Salai",NULL,NULL,NULL,"FAILED","No response from API",5310.8,0
37589,"2026-07-28 06:35:46.526619+00","2026-07-28T06:35:15Z_0001_aqi","GUINDY_TAMBARAM_001","Guindy-Tambaram",NULL,NULL,NULL,"FAILED","No response from API",5314.6,0
37590,"2026-07-28 06:35:46.526619+00","2026-07-28T06:35:15Z_0001_aqi","GUINDY_TAMBARAM_002","Guindy-Tambaram",NULL,NULL,NULL,"FAILED","No response from API",5319.7,0
37591,"2026-07-28 06:35:46.526619+00","2026-07-28T06:35:15Z_0001_aqi","KOYEMBEDU_BROADWAY_022","EVR Salai",NULL,NULL,NULL,"FAILED","No response from API",5328.3,0
37592,"2026-07-28 06:35:46.526619+00","2026-07-28T06:35:15Z_0001_aqi","KOYEMBEDU_BROADWAY_019","EVR Salai",NULL,NULL,NULL,"FAILED","No response from API",5371.7,0
37593,"2026-07-28 06:35:46.526619+00","2026-07-28T06:35:15Z_0001_aqi","KOYEMBEDU_BROADWAY_024","EVR Salai",NULL,NULL,NULL,"FAILED","No response from API",5388.2,0
37594,"2026-07-28 06:35:46.526619+00","2026-07-28T06:35:15Z_0001_aqi","GUINDY_TAMBARAM_003","Guindy-Tambaram",NULL,NULL,NULL,"FAILED","No response from API",5423.3,0
37595,"2026-07-28 06:35:46.526619+00","2026-07-28T06:35:15Z_0001_aqi","GUINDY_TAMBARAM_004","Guindy-Tambaram",NULL,NULL,NULL,"FAILED","No response from API",5486.0,0
37596,"2026-07-28 06:35:46.526619+00","2026-07-28T06:35:15Z_0001_aqi","GUINDY_TAMBARAM_006","Guindy-Tambaram",NULL,NULL,NULL,"FAILED","No response from API",5525.5,0
37597,"2026-07-28 06:35:46.526619+00","2026-07-28T06:35:15Z_0001_aqi","GUINDY_TAMBARAM_005","Guindy-Tambaram",NULL,NULL,NULL,"FAILED","No response from API",5526.0,0
37598,"2026-07-28 06:35:46.526619+00","2026-07-28T06:35:15Z_0001_aqi","GUINDY_TAMBARAM_007","Guindy-Tambaram",NULL,NULL,NULL,"FAILED","No response from API",5526.3,0
37599,"2026-07-28 06:35:46.526619+00","2026-07-28T06:35:15Z_0001_aqi","GUINDY_TAMBARAM_008","Guindy-Tambaram",NULL,NULL,NULL,"FAILED","No response from API",5533.3,0
37600,"2026-07-28 06:35:46.526619+00","2026-07-28T06:35:15Z_0001_aqi","GUINDY_TAMBARAM_009","Guindy-Tambaram",NULL,NULL,NULL,"FAILED","No response from API",5536.5,0
37601,"2026-07-28 06:35:46.526619+00","2026-07-28T06:35:15Z_0001_aqi","GUINDY_TAMBARAM_011","Guindy-Tambaram",NULL,NULL,NULL,"FAILED","No response from API",5545.4,0
37602,"2026-07-28 06:35:46.526619+00","2026-07-28T06:35:15Z_0001_aqi","GUINDY_TAMBARAM_012","Guindy-Tambaram",NULL,NULL,NULL,"FAILED","No response from API",5553.4,0
37603,"2026-07-28 06:35:46.526619+00","2026-07-28T06:35:15Z_0001_aqi","GUINDY_TAMBARAM_014","Guindy-Tambaram",NULL,NULL,NULL,"FAILED","No response from API",5570.3,0
37604,"2026-07-28 06:35:46.526619+00","2026-07-28T06:35:15Z_0001_aqi","GUINDY_TAMBARAM_015","Guindy-Tambaram",NULL,NULL,NULL,"FAILED","No response from API",5574.4,0
37605,"2026-07-28 06:35:46.526619+00","2026-07-28T06:35:15Z_0001_aqi","GUINDY_TAMBARAM_016","Guindy-Tambaram",NULL,NULL,NULL,"FAILED","No response from API",5581.4,0
37606,"2026-07-28 06:35:46.526619+00","2026-07-28T06:35:15Z_0001_aqi","GUINDY_TAMBARAM_017","Guindy-Tambaram",NULL,NULL,NULL,"FAILED","No response from API",5601.2,0
37607,"2026-07-28 06:35:46.526619+00","2026-07-28T06:35:15Z_0001_aqi","GUINDY_TAMBARAM_022","Guindy-Tambaram",NULL,NULL,NULL,"FAILED","No response from API",5747.2,0
37608,"2026-07-28 06:35:46.526619+00","2026-07-28T06:35:15Z_0001_aqi","GUINDY_TAMBARAM_023","Guindy-Tambaram",NULL,NULL,NULL,"FAILED","No response from API",5786.1,0
37609,"2026-07-28 06:35:46.526619+00","2026-07-28T06:35:15Z_0001_aqi","GUINDY_TAMBARAM_025","Guindy-Tambaram",NULL,NULL,NULL,"FAILED","No response from API",5788.2,0
37610,"2026-07-28 06:35:46.526619+00","2026-07-28T06:35:15Z_0001_aqi","GUINDY_TAMBARAM_024","Guindy-Tambaram",NULL,NULL,NULL,"FAILED","No response from API",5788.2,0
37611,"2026-07-28 06:35:46.526619+00","2026-07-28T06:35:15Z_0001_aqi","GUINDY_TAMBARAM_026","Guindy-Tambaram",NULL,NULL,NULL,"FAILED","No response from API",5795.8,0
37612,"2026-07-28 06:35:46.526619+00","2026-07-28T06:35:15Z_0001_aqi","GUINDY_TAMBARAM_027","Guindy-Tambaram",NULL,NULL,NULL,"FAILED","No response from API",5797.7,0
37613,"2026-07-28 06:35:46.526619+00","2026-07-28T06:35:15Z_0001_aqi","GUINDY_TAMBARAM_028","Guindy-Tambaram",NULL,NULL,NULL,"FAILED","No response from API",5811.6,0
37614,"2026-07-28 06:35:46.526619+00","2026-07-28T06:35:15Z_0001_aqi","GUINDY_TAMBARAM_029","Guindy-Tambaram",NULL,NULL,NULL,"FAILED","No response from API",5822.8,0
37615,"2026-07-28 06:35:46.526619+00","2026-07-28T06:35:15Z_0001_aqi","GUINDY_TAMBARAM_030","Guindy-Tambaram",NULL,NULL,NULL,"FAILED","No response from API",5831.1,0
37616,"2026-07-28 06:35:46.526619+00","2026-07-28T06:35:15Z_0001_aqi","GUINDY_TAMBARAM_031","Guindy-Tambaram",NULL,NULL,NULL,"FAILED","No response from API",5838.3,0
37617,"2026-07-28 06:35:46.526619+00","2026-07-28T06:35:15Z_0001_aqi","GUINDY_TAMBARAM_032","Guindy-Tambaram",NULL,NULL,NULL,"FAILED","No response from API",5846.0,0
37618,"2026-07-28 06:35:46.526619+00","2026-07-28T06:35:15Z_0001_aqi","GUINDY_TAMBARAM_033","Guindy-Tambaram",NULL,NULL,NULL,"FAILED","No response from API",5882.0,0
37619,"2026-07-28 06:35:46.526619+00","2026-07-28T06:35:15Z_0001_aqi","GUINDY_TAMBARAM_034","Guindy-Tambaram",NULL,NULL,NULL,"FAILED","No response from API",6011.4,0
37620,"2026-07-28 06:35:46.526619+00","2026-07-28T06:35:15Z_0001_aqi","GUINDY_TAMBARAM_035","Guindy-Tambaram",NULL,NULL,NULL,"FAILED","No response from API",6048.7,0
37621,"2026-07-28 06:35:46.526619+00","2026-07-28T06:35:15Z_0001_aqi","GUINDY_TAMBARAM_037","Guindy-Tambaram",NULL,NULL,NULL,"FAILED","No response from API",6050.2,0
37622,"2026-07-28 06:35:46.526619+00","2026-07-28T06:35:15Z_0001_aqi","GUINDY_TAMBARAM_036","Guindy-Tambaram",NULL,NULL,NULL,"FAILED","No response from API",6051.2,0
37623,"2026-07-28 06:35:46.526619+00","2026-07-28T06:35:15Z_0001_aqi","GUINDY_TAMBARAM_038","Guindy-Tambaram",NULL,NULL,NULL,"FAILED","No response from API",6059.9,0
37624,"2026-07-28 06:35:46.526619+00","2026-07-28T06:35:15Z_0001_aqi","GUINDY_TAMBARAM_039","Guindy-Tambaram",NULL,NULL,NULL,"FAILED","No response from API",6060.9,0
37625,"2026-07-28 06:35:46.526619+00","2026-07-28T06:35:15Z_0001_aqi","GUINDY_TAMBARAM_040","Guindy-Tambaram",NULL,NULL,NULL,"FAILED","No response from API",6076.7,0
37626,"2026-07-28 06:35:46.526619+00","2026-07-28T06:35:15Z_0001_aqi","GUINDY_TAMBARAM_041","Guindy-Tambaram",NULL,NULL,NULL,"FAILED","No response from API",6085.0,0
37627,"2026-07-28 06:35:46.526619+00","2026-07-28T06:35:15Z_0001_aqi","TAMBARAM_GUINDY_001","Guindy-Tambaram",NULL,NULL,NULL,"FAILED","No response from API",6090.7,0
37628,"2026-07-28 06:35:46.526619+00","2026-07-28T06:35:15Z_0001_aqi","TAMBARAM_GUINDY_002","Guindy-Tambaram",NULL,NULL,NULL,"FAILED","No response from API",6106.4,0
37629,"2026-07-28 06:35:46.526619+00","2026-07-28T06:35:15Z_0001_aqi","TAMBARAM_GUINDY_003","Guindy-Tambaram",NULL,NULL,NULL,"FAILED","No response from API",6110.4,0
37630,"2026-07-28 06:35:46.526619+00","2026-07-28T06:35:15Z_0001_aqi","TAMBARAM_GUINDY_004","Guindy-Tambaram",NULL,NULL,NULL,"FAILED","No response from API",6161.8,0
37631,"2026-07-28 06:35:46.526619+00","2026-07-28T06:35:15Z_0001_aqi","TAMBARAM_GUINDY_005","Guindy-Tambaram",NULL,NULL,NULL,"FAILED","No response from API",6274.0,0
37632,"2026-07-28 06:35:46.526619+00","2026-07-28T06:35:15Z_0001_aqi","TAMBARAM_GUINDY_007","Guindy-Tambaram",NULL,NULL,NULL,"FAILED","No response from API",6312.4,0
37633,"2026-07-28 06:35:46.526619+00","2026-07-28T06:35:15Z_0001_aqi","TAMBARAM_GUINDY_008","Guindy-Tambaram",NULL,NULL,NULL,"FAILED","No response from API",6313.6,0
37634,"2026-07-28 06:35:46.526619+00","2026-07-28T06:35:15Z_0001_aqi","TAMBARAM_GUINDY_006","Guindy-Tambaram",NULL,NULL,NULL,"FAILED","No response from API",6313.4,0
37635,"2026-07-28 06:35:46.526619+00","2026-07-28T06:35:15Z_0001_aqi","KOYEMBEDU_BROADWAY_008","EVR Salai",NULL,NULL,NULL,"FAILED","No response from API",6314.7,0
37636,"2026-07-28 06:35:46.526619+00","2026-07-28T06:35:15Z_0001_aqi","TAMBARAM_GUINDY_010","Guindy-Tambaram",NULL,NULL,NULL,"FAILED","No response from API",6322.2,0
37637,"2026-07-28 06:35:46.526619+00","2026-07-28T06:35:15Z_0001_aqi","TAMBARAM_GUINDY_009","Guindy-Tambaram",NULL,NULL,NULL,"FAILED","No response from API",6323.0,0
37638,"2026-07-28 06:35:46.526619+00","2026-07-28T06:35:15Z_0001_aqi","TAMBARAM_GUINDY_011","Guindy-Tambaram",NULL,NULL,NULL,"FAILED","No response from API",6342.9,0
37639,"2026-07-28 06:35:46.526619+00","2026-07-28T06:35:15Z_0001_aqi","TAMBARAM_GUINDY_012","Guindy-Tambaram",NULL,NULL,NULL,"FAILED","No response from API",6352.6,0
37640,"2026-07-28 06:35:46.526619+00","2026-07-28T06:35:15Z_0001_aqi","TAMBARAM_GUINDY_013","Guindy-Tambaram",NULL,NULL,NULL,"FAILED","No response from API",6353.4,0
37641,"2026-07-28 06:35:46.526619+00","2026-07-28T06:35:15Z_0001_aqi","TAMBARAM_GUINDY_014","Guindy-Tambaram",NULL,NULL,NULL,"FAILED","No response from API",6375.4,0
37642,"2026-07-28 06:35:46.526619+00","2026-07-28T06:35:15Z_0001_aqi","TAMBARAM_GUINDY_015","Guindy-Tambaram",NULL,NULL,NULL,"FAILED","No response from API",6381.1,0
37643,"2026-07-28 06:35:46.526619+00","2026-07-28T06:35:15Z_0001_aqi","TAMBARAM_GUINDY_016","Guindy-Tambaram",NULL,NULL,NULL,"FAILED","No response from API",6425.1,0
37644,"2026-07-28 06:35:46.526619+00","2026-07-28T06:35:15Z_0001_aqi","TAMBARAM_GUINDY_017","Guindy-Tambaram",NULL,NULL,NULL,"FAILED","No response from API",6538.0,0
37645,"2026-07-28 06:35:46.526619+00","2026-07-28T06:35:15Z_0001_aqi","KOYEMBEDU_BROADWAY_021","EVR Salai",NULL,NULL,NULL,"FAILED","No response from API",6573.8,0
37646,"2026-07-28 06:35:46.526619+00","2026-07-28T06:35:15Z_0001_aqi","TAMBARAM_GUINDY_020","Guindy-Tambaram",NULL,NULL,NULL,"FAILED","No response from API",6573.0,0
37647,"2026-07-28 06:35:46.526619+00","2026-07-28T06:35:15Z_0001_aqi","TAMBARAM_GUINDY_018","Guindy-Tambaram",NULL,NULL,NULL,"FAILED","No response from API",6573.2,0
37648,"2026-07-28 06:35:46.526619+00","2026-07-28T06:35:15Z_0001_aqi","TAMBARAM_GUINDY_019","Guindy-Tambaram",NULL,NULL,NULL,"FAILED","No response from API",6575.7,0
37649,"2026-07-28 06:35:46.526619+00","2026-07-28T06:35:15Z_0001_aqi","TAMBARAM_GUINDY_021","Guindy-Tambaram",NULL,NULL,NULL,"FAILED","No response from API",6578.1,0
37650,"2026-07-28 06:35:46.526619+00","2026-07-28T06:35:15Z_0001_aqi","TAMBARAM_GUINDY_024","Guindy-Tambaram",NULL,NULL,NULL,"FAILED","No response from API",6608.0,0
37651,"2026-07-28 06:35:46.526619+00","2026-07-28T06:35:15Z_0001_aqi","TAMBARAM_GUINDY_026","Guindy-Tambaram",NULL,NULL,NULL,"FAILED","No response from API",6615.1,0
37652,"2026-07-28 06:35:46.526619+00","2026-07-28T06:35:15Z_0001_aqi","TAMBARAM_GUINDY_025","Guindy-Tambaram",NULL,NULL,NULL,"FAILED","No response from API",6614.3,0
37653,"2026-07-28 06:35:46.526619+00","2026-07-28T06:35:15Z_0001_aqi","GUINDY_TAMBARAM_019","Guindy-Tambaram",NULL,NULL,NULL,"FAILED","No response from API",6619.2,0
37654,"2026-07-28 06:35:46.526619+00","2026-07-28T06:35:15Z_0001_aqi","TAMBARAM_GUINDY_027","Guindy-Tambaram",NULL,NULL,NULL,"FAILED","No response from API",6635.2,0
37655,"2026-07-28 06:35:46.526619+00","2026-07-28T06:35:15Z_0001_aqi","GUINDY_TAMBARAM_013","Guindy-Tambaram",NULL,NULL,NULL,"FAILED","No response from API",6641.3,0
37656,"2026-07-28 06:35:46.526619+00","2026-07-28T06:35:15Z_0001_aqi","TAMBARAM_GUINDY_028","Guindy-Tambaram",NULL,NULL,NULL,"FAILED","No response from API",6644.5,0
37657,"2026-07-28 06:35:46.526619+00","2026-07-28T06:35:15Z_0001_aqi","GUINDY_TAMBARAM_010","Guindy-Tambaram",NULL,NULL,NULL,"FAILED","No response from API",6655.7,0
37658,"2026-07-28 06:35:46.526619+00","2026-07-28T06:35:15Z_0001_aqi","GUINDY_TAMBARAM_018","Guindy-Tambaram",NULL,NULL,NULL,"FAILED","No response from API",6681.2,0
37659,"2026-07-28 06:35:46.526619+00","2026-07-28T06:35:15Z_0001_aqi","GUINDY_TAMBARAM_020","Guindy-Tambaram",NULL,NULL,NULL,"FAILED","No response from API",6688.2,0
37660,"2026-07-28 06:35:46.526619+00","2026-07-28T06:35:15Z_0001_aqi","TAMBARAM_GUINDY_029","Guindy-Tambaram",NULL,NULL,NULL,"FAILED","No response from API",6706.4,0
37661,"2026-07-28 06:35:46.526619+00","2026-07-28T06:35:15Z_0001_aqi","GUINDY_TAMBARAM_021","Guindy-Tambaram",NULL,NULL,NULL,"FAILED","No response from API",6762.1,0
37662,"2026-07-28 06:35:46.526619+00","2026-07-28T06:35:15Z_0001_aqi","TAMBARAM_GUINDY_030","Guindy-Tambaram",NULL,NULL,NULL,"FAILED","No response from API",6799.7,0
37663,"2026-07-28 06:35:46.526619+00","2026-07-28T06:35:15Z_0001_aqi","TAMBARAM_GUINDY_032","Guindy-Tambaram",NULL,NULL,NULL,"FAILED","No response from API",6834.3,0
37664,"2026-07-28 06:35:46.526619+00","2026-07-28T06:35:15Z_0001_aqi","TAMBARAM_GUINDY_031","Guindy-Tambaram",NULL,NULL,NULL,"FAILED","No response from API",6837.1,0
37665,"2026-07-28 06:35:46.526619+00","2026-07-28T06:35:15Z_0001_aqi","TAMBARAM_GUINDY_033","Guindy-Tambaram",NULL,NULL,NULL,"FAILED","No response from API",6836.4,0
37666,"2026-07-28 06:35:46.526619+00","2026-07-28T06:35:15Z_0001_aqi","TAMBARAM_GUINDY_034","Guindy-Tambaram",NULL,NULL,NULL,"FAILED","No response from API",6838.4,0
37667,"2026-07-28 06:35:46.526619+00","2026-07-28T06:35:15Z_0001_aqi","TAMBARAM_GUINDY_035","Guindy-Tambaram",NULL,NULL,NULL,"FAILED","No response from API",6840.5,0
37668,"2026-07-28 06:35:46.526619+00","2026-07-28T06:35:15Z_0001_aqi","TAMBARAM_GUINDY_037","Guindy-Tambaram",NULL,NULL,NULL,"FAILED","No response from API",6875.6,0
37669,"2026-07-28 06:35:46.526619+00","2026-07-28T06:35:15Z_0001_aqi","TAMBARAM_GUINDY_038","Guindy-Tambaram",NULL,NULL,NULL,"FAILED","No response from API",6878.4,0
37670,"2026-07-28 06:35:46.526619+00","2026-07-28T06:35:15Z_0001_aqi","CENTRAL_PUZHAL_001","Puzhal-Central",NULL,NULL,NULL,"FAILED","No response from API",6898.0,0
37671,"2026-07-28 06:35:46.526619+00","2026-07-28T06:35:15Z_0001_aqi","CENTRAL_PUZHAL_003","Puzhal-Central",NULL,NULL,NULL,"FAILED","No response from API",6911.1,0
37672,"2026-07-28 06:35:46.526619+00","2026-07-28T06:35:15Z_0001_aqi","CENTRAL_PUZHAL_004","Puzhal-Central",NULL,NULL,NULL,"FAILED","No response from API",6938.1,0
37673,"2026-07-28 06:35:46.526619+00","2026-07-28T06:35:15Z_0001_aqi","CENTRAL_PUZHAL_002","Puzhal-Central",NULL,NULL,NULL,"FAILED","No response from API",6940.1,0
37674,"2026-07-28 06:35:46.526619+00","2026-07-28T06:35:15Z_0001_aqi","CENTRAL_PUZHAL_007","Puzhal-Central",NULL,NULL,NULL,"FAILED","No response from API",6966.8,0
37675,"2026-07-28 06:35:46.526619+00","2026-07-28T06:35:15Z_0001_aqi","CENTRAL_PUZHAL_005","Puzhal-Central",NULL,NULL,NULL,"FAILED","No response from API",6985.1,0
37676,"2026-07-28 06:35:46.526619+00","2026-07-28T06:35:15Z_0001_aqi","TAMBARAM_GUINDY_039","Guindy-Tambaram",NULL,NULL,NULL,"FAILED","No response from API",7038.1,0
37677,"2026-07-28 06:35:46.526619+00","2026-07-28T06:35:15Z_0001_aqi","CENTRAL_PUZHAL_006","Puzhal-Central",NULL,NULL,NULL,"FAILED","No response from API",7050.9,0
37678,"2026-07-28 06:35:46.526619+00","2026-07-28T06:35:15Z_0001_aqi","CENTRAL_PUZHAL_009","Puzhal-Central",NULL,NULL,NULL,"FAILED","No response from API",7062.0,0
37679,"2026-07-28 06:35:46.526619+00","2026-07-28T06:35:15Z_0001_aqi","CENTRAL_PUZHAL_008","Puzhal-Central",NULL,NULL,NULL,"FAILED","No response from API",7070.2,0
37680,"2026-07-28 06:35:46.526619+00","2026-07-28T06:35:15Z_0001_aqi","CENTRAL_PUZHAL_012","Puzhal-Central",NULL,NULL,NULL,"FAILED","No response from API",7098.8,0
37681,"2026-07-28 06:35:46.526619+00","2026-07-28T06:35:15Z_0001_aqi","CENTRAL_PUZHAL_010","Puzhal-Central",NULL,NULL,NULL,"FAILED","No response from API",7099.0,0
37682,"2026-07-28 06:35:46.526619+00","2026-07-28T06:35:15Z_0001_aqi","CENTRAL_PUZHAL_013","Puzhal-Central",NULL,NULL,NULL,"FAILED","No response from API",7099.8,0
37683,"2026-07-28 06:35:46.526619+00","2026-07-28T06:35:15Z_0001_aqi","CENTRAL_PUZHAL_014","Puzhal-Central",NULL,NULL,NULL,"FAILED","No response from API",7108.5,0
37684,"2026-07-28 06:35:46.526619+00","2026-07-28T06:35:15Z_0001_aqi","CENTRAL_PUZHAL_015","Puzhal-Central",NULL,NULL,NULL,"FAILED","No response from API",7139.3,0
37685,"2026-07-28 06:35:46.526619+00","2026-07-28T06:35:15Z_0001_aqi","CENTRAL_PUZHAL_016","Puzhal-Central",NULL,NULL,NULL,"FAILED","No response from API",7142.8,0
37686,"2026-07-28 06:35:46.526619+00","2026-07-28T06:35:15Z_0001_aqi","CENTRAL_PUZHAL_017","Puzhal-Central",NULL,NULL,NULL,"FAILED","No response from API",7164.8,0
37687,"2026-07-28 06:35:46.526619+00","2026-07-28T06:35:15Z_0001_aqi","CENTRAL_PUZHAL_018","Puzhal-Central",NULL,NULL,NULL,"FAILED","No response from API",7180.9,0
37688,"2026-07-28 06:35:46.526619+00","2026-07-28T06:35:15Z_0001_aqi","CENTRAL_PUZHAL_021","Puzhal-Central",NULL,NULL,NULL,"FAILED","No response from API",7247.1,0
37689,"2026-07-28 06:35:46.526619+00","2026-07-28T06:35:15Z_0001_aqi","CENTRAL_PUZHAL_025","Puzhal-Central",NULL,NULL,NULL,"FAILED","No response from API",7324.7,0
37690,"2026-07-28 06:35:46.526619+00","2026-07-28T06:35:15Z_0001_aqi","CENTRAL_PUZHAL_027","Puzhal-Central",NULL,NULL,NULL,"FAILED","No response from API",7361.1,0
37691,"2026-07-28 06:35:46.526619+00","2026-07-28T06:35:15Z_0001_aqi","CENTRAL_PUZHAL_ATGRADE_002","Puzhal-Central",NULL,NULL,NULL,"FAILED","No response from API",7365.0,0
37692,"2026-07-28 06:35:46.526619+00","2026-07-28T06:35:15Z_0001_aqi","CENTRAL_PUZHAL_ATGRADE_001","Puzhal-Central",NULL,NULL,NULL,"FAILED","No response from API",7365.2,0
37693,"2026-07-28 06:35:46.526619+00","2026-07-28T06:35:15Z_0001_aqi","CENTRAL_PUZHAL_ATGRADE_003","Puzhal-Central",NULL,NULL,NULL,"FAILED","No response from API",7369.0,0
37694,"2026-07-28 06:35:46.526619+00","2026-07-28T06:35:15Z_0001_aqi","CENTRAL_PUZHAL_ATGRADE_004","Puzhal-Central",NULL,NULL,NULL,"FAILED","No response from API",7400.0,0
37695,"2026-07-28 06:35:46.526619+00","2026-07-28T06:35:15Z_0001_aqi","PUZHAL_CENTRAL_001","Puzhal-Central",NULL,NULL,NULL,"FAILED","No response from API",7408.5,0
37696,"2026-07-28 06:35:46.526619+00","2026-07-28T06:35:15Z_0001_aqi","PUZHAL_CENTRAL_002","Puzhal-Central",NULL,NULL,NULL,"FAILED","No response from API",7428.1,0
37697,"2026-07-28 06:35:46.526619+00","2026-07-28T06:35:15Z_0001_aqi","PUZHAL_CENTRAL_003","Puzhal-Central",NULL,NULL,NULL,"FAILED","No response from API",7445.9,0
37698,"2026-07-28 06:35:46.526619+00","2026-07-28T06:35:15Z_0001_aqi","PUZHAL_CENTRAL_004","Puzhal-Central",NULL,NULL,NULL,"FAILED","No response from API",7508.9,0
37699,"2026-07-28 06:35:46.526619+00","2026-07-28T06:35:15Z_0001_aqi","PUZHAL_CENTRAL_005","Puzhal-Central",NULL,NULL,NULL,"FAILED","No response from API",7587.6,0
37700,"2026-07-28 06:35:46.526619+00","2026-07-28T06:35:15Z_0001_aqi","PUZHAL_CENTRAL_006","Puzhal-Central",NULL,NULL,NULL,"FAILED","No response from API",7623.1,0
37701,"2026-07-28 06:35:46.526619+00","2026-07-28T06:35:15Z_0001_aqi","PUZHAL_CENTRAL_007","Puzhal-Central",NULL,NULL,NULL,"FAILED","No response from API",7627.2,0
37702,"2026-07-28 06:35:46.526619+00","2026-07-28T06:35:15Z_0001_aqi","PUZHAL_CENTRAL_008","Puzhal-Central",NULL,NULL,NULL,"FAILED","No response from API",7627.3,0
37703,"2026-07-28 06:35:46.526619+00","2026-07-28T06:35:15Z_0001_aqi","PUZHAL_CENTRAL_010","Puzhal-Central",NULL,NULL,NULL,"FAILED","No response from API",7661.2,0
37704,"2026-07-28 06:35:46.526619+00","2026-07-28T06:35:15Z_0001_aqi","PUZHAL_CENTRAL_011","Puzhal-Central",NULL,NULL,NULL,"FAILED","No response from API",7674.3,0
37705,"2026-07-28 06:35:46.526619+00","2026-07-28T06:35:15Z_0001_aqi","PUZHAL_CENTRAL_012","Puzhal-Central",NULL,NULL,NULL,"FAILED","No response from API",7692.6,0
37706,"2026-07-28 06:35:46.526619+00","2026-07-28T06:35:15Z_0001_aqi","PUZHAL_CENTRAL_013","Puzhal-Central",NULL,NULL,NULL,"FAILED","No response from API",7712.3,0
37707,"2026-07-28 06:35:46.526619+00","2026-07-28T06:35:15Z_0001_aqi","PUZHAL_CENTRAL_014","Puzhal-Central",NULL,NULL,NULL,"FAILED","No response from API",7790.8,0
37708,"2026-07-28 06:35:46.526619+00","2026-07-28T06:35:15Z_0001_aqi","PUZHAL_CENTRAL_015","Puzhal-Central",NULL,NULL,NULL,"FAILED","No response from API",7849.0,0
37709,"2026-07-28 06:35:46.526619+00","2026-07-28T06:35:15Z_0001_aqi","TAMBARAM_GUINDY_022","Guindy-Tambaram",NULL,NULL,NULL,"FAILED","No response from API",7859.5,0
37710,"2026-07-28 06:35:46.526619+00","2026-07-28T06:35:15Z_0001_aqi","TAMBARAM_GUINDY_023","Guindy-Tambaram",NULL,NULL,NULL,"FAILED","No response from API",7884.5,0
37711,"2026-07-28 06:35:46.526619+00","2026-07-28T06:35:15Z_0001_aqi","PUZHAL_CENTRAL_016","Puzhal-Central",NULL,NULL,NULL,"FAILED","No response from API",7885.4,0
37712,"2026-07-28 06:35:46.526619+00","2026-07-28T06:35:15Z_0001_aqi","PUZHAL_CENTRAL_018","Puzhal-Central",NULL,NULL,NULL,"FAILED","No response from API",7888.1,0
37713,"2026-07-28 06:35:46.526619+00","2026-07-28T06:35:15Z_0001_aqi","PUZHAL_CENTRAL_017","Puzhal-Central",NULL,NULL,NULL,"FAILED","No response from API",7888.4,0
37714,"2026-07-28 06:35:46.526619+00","2026-07-28T06:35:15Z_0001_aqi","PUZHAL_CENTRAL_019","Puzhal-Central",NULL,NULL,NULL,"FAILED","No response from API",7922.0,0
37715,"2026-07-28 06:35:46.526619+00","2026-07-28T06:35:15Z_0001_aqi","PUZHAL_CENTRAL_020","Puzhal-Central",NULL,NULL,NULL,"FAILED","No response from API",7939.1,0
37716,"2026-07-28 06:35:46.526619+00","2026-07-28T06:35:15Z_0001_aqi","PUZHAL_CENTRAL_021","Puzhal-Central",NULL,NULL,NULL,"FAILED","No response from API",7956.5,0
37717,"2026-07-28 06:35:46.526619+00","2026-07-28T06:35:15Z_0001_aqi","PUZHAL_CENTRAL_022","Puzhal-Central",NULL,NULL,NULL,"FAILED","No response from API",7977.3,0
37718,"2026-07-28 06:35:46.526619+00","2026-07-28T06:35:15Z_0001_aqi","PUZHAL_CENTRAL_023","Puzhal-Central",NULL,NULL,NULL,"FAILED","No response from API",8071.0,0
37719,"2026-07-28 06:35:46.526619+00","2026-07-28T06:35:15Z_0001_aqi","CENTRAL_PUZHAL_011","Puzhal-Central",NULL,NULL,NULL,"FAILED","No response from API",8109.7,0
37720,"2026-07-28 06:35:46.526619+00","2026-07-28T06:35:15Z_0001_aqi","PUZHAL_CENTRAL_024","Puzhal-Central",NULL,NULL,NULL,"FAILED","No response from API",8111.5,0
37721,"2026-07-28 06:35:46.526619+00","2026-07-28T06:35:15Z_0001_aqi","PUZHAL_CENTRAL_025","Puzhal-Central",NULL,NULL,NULL,"FAILED","No response from API",8120.2,0
37722,"2026-07-28 06:35:46.526619+00","2026-07-28T06:35:15Z_0001_aqi","PUZHAL_CENTRAL_027","Puzhal-Central",NULL,NULL,NULL,"FAILED","No response from API",8147.3,0
37723,"2026-07-28 06:35:46.526619+00","2026-07-28T06:35:15Z_0001_aqi","TAMBARAM_GUINDY_036","Guindy-Tambaram",NULL,NULL,NULL,"FAILED","No response from API",8149.8,0
37724,"2026-07-28 06:35:46.526619+00","2026-07-28T06:35:15Z_0001_aqi","PUZHAL_CENTRAL_026","Puzhal-Central",NULL,NULL,NULL,"FAILED","No response from API",8150.1,0
37725,"2026-07-28 06:35:46.526619+00","2026-07-28T06:35:15Z_0001_aqi","PUZHAL_CENTRAL_ATGRADE_001","Puzhal-Central",NULL,NULL,NULL,"FAILED","No response from API",8148.4,0
37726,"2026-07-28 06:35:46.526619+00","2026-07-28T06:35:15Z_0001_aqi","PUZHAL_CENTRAL_ATGRADE_002","Puzhal-Central",NULL,NULL,NULL,"FAILED","No response from API",8151.1,0
37727,"2026-07-28 06:35:46.526619+00","2026-07-28T06:35:15Z_0001_aqi","PUZHAL_CENTRAL_ATGRADE_003","Puzhal-Central",NULL,NULL,NULL,"FAILED","No response from API",8182.3,0
37728,"2026-07-28 06:35:46.526619+00","2026-07-28T06:35:15Z_0001_aqi","PUZHAL_CENTRAL_ATGRADE_004","Puzhal-Central",NULL,NULL,NULL,"FAILED","No response from API",8201.0,0
37729,"2026-07-28 06:35:46.526619+00","2026-07-28T06:35:15Z_0001_aqi","PUZHAL_CENTRAL_ATGRADE_005","Puzhal-Central",NULL,NULL,NULL,"FAILED","No response from API",8223.7,0
37730,"2026-07-28 06:35:46.526619+00","2026-07-28T06:35:15Z_0001_aqi","PALLAVARAM_THORAIPAKKAM_001","Thoraipakkam-Pallavaram",NULL,NULL,NULL,"FAILED","No response from API",8241.8,0
37731,"2026-07-28 06:35:46.526619+00","2026-07-28T06:35:15Z_0001_aqi","CENTRAL_PUZHAL_019","Puzhal-Central",NULL,NULL,NULL,"FAILED","No response from API",8258.0,0
37732,"2026-07-28 06:35:46.526619+00","2026-07-28T06:35:15Z_0001_aqi","CENTRAL_PUZHAL_023","Puzhal-Central",NULL,NULL,NULL,"FAILED","No response from API",8288.7,0
37733,"2026-07-28 06:35:46.526619+00","2026-07-28T06:35:15Z_0001_aqi","CENTRAL_PUZHAL_020","Puzhal-Central",NULL,NULL,NULL,"FAILED","No response from API",8302.0,0
37734,"2026-07-28 06:35:46.526619+00","2026-07-28T06:35:15Z_0001_aqi","CENTRAL_PUZHAL_024","Puzhal-Central",NULL,NULL,NULL,"FAILED","No response from API",8322.9,0
37735,"2026-07-28 06:35:46.526619+00","2026-07-28T06:35:15Z_0001_aqi","CENTRAL_PUZHAL_022","Puzhal-Central",NULL,NULL,NULL,"FAILED","No response from API",8338.9,0
37736,"2026-07-28 06:35:46.526619+00","2026-07-28T06:35:15Z_0001_aqi","PALLAVARAM_THORAIPAKKAM_002","Thoraipakkam-Pallavaram",NULL,NULL,NULL,"FAILED","No response from API",8351.1,0
37737,"2026-07-28 06:35:46.526619+00","2026-07-28T06:35:15Z_0001_aqi","PALLAVARAM_THORAIPAKKAM_003","Thoraipakkam-Pallavaram",NULL,NULL,NULL,"FAILED","No response from API",8372.6,0
37738,"2026-07-28 06:35:46.526619+00","2026-07-28T06:35:15Z_0001_aqi","PALLAVARAM_THORAIPAKKAM_004","Thoraipakkam-Pallavaram",NULL,NULL,NULL,"FAILED","No response from API",8374.0,0
37739,"2026-07-28 06:35:46.526619+00","2026-07-28T06:35:15Z_0001_aqi","PUZHAL_CENTRAL_009","Puzhal-Central",NULL,NULL,NULL,"FAILED","No response from API",8393.1,0
37740,"2026-07-28 06:35:46.526619+00","2026-07-28T06:35:15Z_0001_aqi","PALLAVARAM_THORAIPAKKAM_009","Thoraipakkam-Pallavaram",NULL,NULL,NULL,"FAILED","No response from API",8408.6,0
37741,"2026-07-28 06:35:46.526619+00","2026-07-28T06:35:15Z_0001_aqi","PALLAVARAM_THORAIPAKKAM_006","Thoraipakkam-Pallavaram",NULL,NULL,NULL,"FAILED","No response from API",8409.0,0
37742,"2026-07-28 06:35:46.526619+00","2026-07-28T06:35:15Z_0001_aqi","PALLAVARAM_THORAIPAKKAM_007","Thoraipakkam-Pallavaram",NULL,NULL,NULL,"FAILED","No response from API",8411.1,0
37743,"2026-07-28 06:35:46.526619+00","2026-07-28T06:35:15Z_0001_aqi","PALLAVARAM_THORAIPAKKAM_010","Thoraipakkam-Pallavaram",NULL,NULL,NULL,"FAILED","No response from API",8414.0,0
37744,"2026-07-28 06:35:46.526619+00","2026-07-28T06:35:15Z_0001_aqi","CENTRAL_PUZHAL_026","Puzhal-Central",NULL,NULL,NULL,"FAILED","No response from API",8425.7,0
37745,"2026-07-28 06:35:46.526619+00","2026-07-28T06:35:15Z_0001_aqi","PALLAVARAM_THORAIPAKKAM_AT_GRADE_001","Thoraipakkam-Pallavaram",NULL,NULL,NULL,"FAILED","No response from API",8445.0,0
37746,"2026-07-28 06:35:46.526619+00","2026-07-28T06:35:15Z_0001_aqi","PALLAVARAM_THORAIPAKKAM_AT_GRADE_002","Thoraipakkam-Pallavaram",NULL,NULL,NULL,"FAILED","No response from API",8462.6,0
37747,"2026-07-28 06:35:46.526619+00","2026-07-28T06:35:15Z_0001_aqi","THORAIPAKKAM_PALLAVARM_001","Thoraipakkam-Pallavaram",NULL,NULL,NULL,"FAILED","No response from API",8485.2,0
37748,"2026-07-28 06:35:46.526619+00","2026-07-28T06:35:15Z_0001_aqi","THORAIPAKKAM_PALLAVARM_002","Thoraipakkam-Pallavaram",NULL,NULL,NULL,"FAILED","No response from API",8507.6,0
37749,"2026-07-28 06:35:46.526619+00","2026-07-28T06:35:15Z_0001_aqi","THORAIPAKKAM_PALLAVARM_005","Thoraipakkam-Pallavaram",NULL,NULL,NULL,"FAILED","No response from API",8583.6,0
37750,"2026-07-28 06:35:46.526619+00","2026-07-28T06:35:15Z_0001_aqi","THORAIPAKKAM_PALLAVARM_003","Thoraipakkam-Pallavaram",NULL,NULL,NULL,"FAILED","No response from API",8604.5,0
37751,"2026-07-28 06:35:46.526619+00","2026-07-28T06:35:15Z_0001_aqi","THORAIPAKKAM_PALLAVARM_008","Thoraipakkam-Pallavaram",NULL,NULL,NULL,"FAILED","No response from API",8616.8,0
37752,"2026-07-28 06:35:46.526619+00","2026-07-28T06:35:15Z_0001_aqi","THORAIPAKKAM_PALLAVARM_010","Thoraipakkam-Pallavaram",NULL,NULL,NULL,"FAILED","No response from API",8637.0,0
37753,"2026-07-28 06:35:46.526619+00","2026-07-28T06:35:15Z_0001_aqi","THORAIPAKKAM_PALLAVARM_007","Thoraipakkam-Pallavaram",NULL,NULL,NULL,"FAILED","No response from API",8647.9,0
37754,"2026-07-28 06:35:46.526619+00","2026-07-28T06:35:15Z_0001_aqi","THORAIPAKKAM_PALLAVARM_AT_GRADE_002","Thoraipakkam-Pallavaram",NULL,NULL,NULL,"FAILED","No response from API",8671.6,0
37755,"2026-07-28 06:35:46.526619+00","2026-07-28T06:35:15Z_0001_aqi","THORAIPAKKAM_PALLAVARM_006","Thoraipakkam-Pallavaram",NULL,NULL,NULL,"FAILED","No response from API",8698.3,0
37756,"2026-07-28 06:35:46.526619+00","2026-07-28T06:35:15Z_0001_aqi","THORAIPAKKAM_PALLAVARM_004","Thoraipakkam-Pallavaram",NULL,NULL,NULL,"FAILED","No response from API",8702.3,0
37757,"2026-07-28 06:35:46.526619+00","2026-07-28T06:35:15Z_0001_aqi","THORAIPAKKAM_PALLAVARM_AT_GRADE_001","Thoraipakkam-Pallavaram",NULL,NULL,NULL,"FAILED","No response from API",8917.9,0
37758,"2026-07-28 06:35:46.526619+00","2026-07-28T06:35:15Z_0001_aqi","PALLAVARAM_THORAIPAKKAM_005","Thoraipakkam-Pallavaram",NULL,NULL,NULL,"FAILED","No response from API",9400.0,0
37759,"2026-07-28 06:35:46.526619+00","2026-07-28T06:35:15Z_0001_aqi","PALLAVARAM_THORAIPAKKAM_008","Thoraipakkam-Pallavaram",NULL,NULL,NULL,"FAILED","No response from API",9425.7,0
37760,"2026-07-28 06:35:46.526619+00","2026-07-28T06:35:15Z_0001_aqi","THORAIPAKKAM_PALLAVARM_009","Thoraipakkam-Pallavaram",NULL,NULL,NULL,"FAILED","No response from API",9647.6,0
37761,"2026-07-28 09:35:11.869927+00","2026-07-28T09:35:03Z_0001_aqi","KILAMBAKKAM_LITTLEMOUNT_011","Corridor_Littlemount_Kilambakkam",39,"Low air quality","pm25","OK","Success",1701.3,0
37762,"2026-07-28 09:35:11.869927+00","2026-07-28T09:35:03Z_0001_aqi","KILAMBAKKAM_LITTLEMOUNT(AT_GRADE_BELOWFLYOVER)_006","Corridor_Littlemount_Kilambakkam",46,"Moderate air quality","pm25","OK","Success",1715.7,0
37763,"2026-07-28 09:35:11.869927+00","2026-07-28T09:35:03Z_0001_aqi","KILAMBAKKAM_LITTLEMOUNT(AT_GRADE_BELOWFLYOVER)_005","Corridor_Littlemount_Kilambakkam",46,"Moderate air quality","pm25","OK","Success",1721.2,0
37764,"2026-07-28 09:35:11.869927+00","2026-07-28T09:35:03Z_0001_aqi","KILAMBAKKAM_LITTLEMOUNT(AT_GRADE_BELOWFLYOVER)_007","Corridor_Littlemount_Kilambakkam",46,"Moderate air quality","pm25","OK","Success",1725.3,0
37765,"2026-07-28 09:35:11.869927+00","2026-07-28T09:35:03Z_0001_aqi","KILAMBAKKAM_LITTLEMOUNT(AT_GRADE_BELOWFLYOVER)_001","Corridor_Littlemount_Kilambakkam",43,"Moderate air quality","pm25","OK","Success",1726.9,0
37766,"2026-07-28 09:35:11.869927+00","2026-07-28T09:35:03Z_0001_aqi","KILAMBAKKAM_LITTLEMOUNT(AT_GRADE_BELOWFLYOVER)_003","Corridor_Littlemount_Kilambakkam",45,"Moderate air quality","pm25","OK","Success",1727.3,0
37767,"2026-07-28 09:35:11.869927+00","2026-07-28T09:35:03Z_0001_aqi","KILAMBAKKAM_LITTLEMOUNT_010","Corridor_Littlemount_Kilambakkam",40,"Moderate air quality","pm25","OK","Success",1727.3,0
37768,"2026-07-28 09:35:11.869927+00","2026-07-28T09:35:03Z_0001_aqi","KILAMBAKKAM_LITTLEMOUNT(AT_GRADE_BELOWFLYOVER)_004","Corridor_Littlemount_Kilambakkam",45,"Moderate air quality","pm25","OK","Success",1734.0,0
37769,"2026-07-28 09:35:11.869927+00","2026-07-28T09:35:03Z_0001_aqi","KILAMBAKKAM_LITTLEMOUNT(AT_GRADE_BELOWFLYOVER)_002","Corridor_Littlemount_Kilambakkam",44,"Moderate air quality","pm25","OK","Success",1734.8,0
37770,"2026-07-28 09:35:11.869927+00","2026-07-28T09:35:03Z_0001_aqi","KILAMBAKKAM_LITTLEMOUNT(AT_GRADE_BELOWFLYOVER)_009","Corridor_Littlemount_Kilambakkam",42,"Moderate air quality","pm25","OK","Success",1736.9,0
37771,"2026-07-28 09:35:11.869927+00","2026-07-28T09:35:03Z_0001_aqi","KILAMBAKKAM_LITTLEMOUNT_006","Corridor_Littlemount_Kilambakkam",40,"Moderate air quality","pm25","OK","Success",1737.9,0
37772,"2026-07-28 09:35:11.869927+00","2026-07-28T09:35:03Z_0001_aqi","KILAMBAKKAM_LITTLEMOUNT_009","Corridor_Littlemount_Kilambakkam",40,"Moderate air quality","pm25","OK","Success",1738.4,0
37773,"2026-07-28 09:35:11.869927+00","2026-07-28T09:35:03Z_0001_aqi","KILAMBAKKAM_LITTLEMOUNT(AT_GRADE_BELOWFLYOVER)_008","Corridor_Littlemount_Kilambakkam",42,"Moderate air quality","pm25","OK","Success",1740.9,0
37774,"2026-07-28 09:35:11.869927+00","2026-07-28T09:35:03Z_0001_aqi","KILAMBAKKAM_LITTLEMOUNT_004","Corridor_Littlemount_Kilambakkam",41,"Moderate air quality","pm25","OK","Success",1757.6,0
37775,"2026-07-28 09:35:11.869927+00","2026-07-28T09:35:03Z_0001_aqi","KILAMBAKKAM_LITTLEMOUNT_008","Corridor_Littlemount_Kilambakkam",40,"Moderate air quality","pm25","OK","Success",1758.3,0
37776,"2026-07-28 09:35:11.869927+00","2026-07-28T09:35:03Z_0001_aqi","KILAMBAKKAM_LITTLEMOUNT_005","Corridor_Littlemount_Kilambakkam",40,"Moderate air quality","pm25","OK","Success",1759.2,0
37777,"2026-07-28 09:35:11.869927+00","2026-07-28T09:35:03Z_0001_aqi","KILAMBAKKAM_LITTLEMOUNT_001","Corridor_Littlemount_Kilambakkam",42,"Moderate air quality","pm25","OK","Success",1777.5,0
37778,"2026-07-28 09:35:11.869927+00","2026-07-28T09:35:03Z_0001_aqi","KILAMBAKKAM_LITTLEMOUNT_002","Corridor_Littlemount_Kilambakkam",41,"Moderate air quality","pm25","OK","Success",1790.5,0
37779,"2026-07-28 09:35:11.869927+00","2026-07-28T09:35:03Z_0001_aqi","KILAMBAKKAM_LITTLEMOUNT_003","Corridor_Littlemount_Kilambakkam",41,"Moderate air quality","pm25","OK","Success",1852.7,0
37780,"2026-07-28 09:35:11.869927+00","2026-07-28T09:35:03Z_0001_aqi","KILAMBAKKAM_LITTLEMOUNT_007","Corridor_Littlemount_Kilambakkam",40,"Moderate air quality","pm25","OK","Success",1861.9,0
37781,"2026-07-28 09:35:11.869927+00","2026-07-28T09:35:03Z_0001_aqi","KILAMBAKKAM_LITTLEMOUNT_012","Corridor_Littlemount_Kilambakkam",40,"Moderate air quality","pm25","OK","Success",1982.6,0
37782,"2026-07-28 09:35:11.869927+00","2026-07-28T09:35:03Z_0001_aqi","KILAMBAKKAM_LITTLEMOUNT_013","Corridor_Littlemount_Kilambakkam",41,"Moderate air quality","pm25","OK","Success",1999.1,0
37783,"2026-07-28 09:35:11.869927+00","2026-07-28T09:35:03Z_0001_aqi","KILAMBAKKAM_LITTLEMOUNT_017","Corridor_Littlemount_Kilambakkam",45,"Moderate air quality","pm25","OK","Success",2011.3,0
37784,"2026-07-28 09:35:11.869927+00","2026-07-28T09:35:03Z_0001_aqi","KILAMBAKKAM_LITTLEMOUNT_014","Corridor_Littlemount_Kilambakkam",42,"Moderate air quality","pm25","OK","Success",2014.1,0
37785,"2026-07-28 09:35:11.869927+00","2026-07-28T09:35:03Z_0001_aqi","KILAMBAKKAM_LITTLEMOUNT_021","Corridor_Littlemount_Kilambakkam",49,"Moderate air quality","pm25","OK","Success",2021.3,0
37786,"2026-07-28 09:35:11.869927+00","2026-07-28T09:35:03Z_0001_aqi","KILAMBAKKAM_LITTLEMOUNT_024","Corridor_Littlemount_Kilambakkam",45,"Moderate air quality","pm25","OK","Success",2024.4,0
37787,"2026-07-28 09:35:11.869927+00","2026-07-28T09:35:03Z_0001_aqi","KILAMBAKKAM_LITTLEMOUNT_015","Corridor_Littlemount_Kilambakkam",42,"Moderate air quality","pm25","OK","Success",2024.8,0
37788,"2026-07-28 09:35:11.869927+00","2026-07-28T09:35:03Z_0001_aqi","KILAMBAKKAM_LITTLEMOUNT_020","Corridor_Littlemount_Kilambakkam",49,"Moderate air quality","pm25","OK","Success",2025.5,0
37789,"2026-07-28 09:35:11.869927+00","2026-07-28T09:35:03Z_0001_aqi","KILAMBAKKAM_LITTLEMOUNT_018","Corridor_Littlemount_Kilambakkam",46,"Moderate air quality","pm25","OK","Success",2030.5,0
37790,"2026-07-28 09:35:11.869927+00","2026-07-28T09:35:03Z_0001_aqi","KILAMBAKKAM_LITTLEMOUNT_019","Corridor_Littlemount_Kilambakkam",46,"Moderate air quality","pm25","OK","Success",2036.6,0
37791,"2026-07-28 09:35:11.869927+00","2026-07-28T09:35:03Z_0001_aqi","KILAMBAKKAM_LITTLEMOUNT_016","Corridor_Littlemount_Kilambakkam",44,"Moderate air quality","pm25","OK","Success",2041.8,0
37792,"2026-07-28 09:35:11.869927+00","2026-07-28T09:35:03Z_0001_aqi","KILAMBAKKAM_LITTLEMOUNT_026","Corridor_Littlemount_Kilambakkam",45,"Moderate air quality","pm25","OK","Success",2042.3,0
37793,"2026-07-28 09:35:11.869927+00","2026-07-28T09:35:03Z_0001_aqi","KILAMBAKKAM_LITTLEMOUNT_023","Corridor_Littlemount_Kilambakkam",46,"Moderate air quality","pm25","OK","Success",2057.0,0
37794,"2026-07-28 09:35:11.869927+00","2026-07-28T09:35:03Z_0001_aqi","KILAMBAKKAM_LITTLEMOUNT_022","Corridor_Littlemount_Kilambakkam",49,"Moderate air quality","pm25","OK","Success",2065.6,0
37795,"2026-07-28 09:35:11.869927+00","2026-07-28T09:35:03Z_0001_aqi","KILAMBAKKAM_LITTLEMOUNT_027","Corridor_Littlemount_Kilambakkam",45,"Moderate air quality","pm25","OK","Success",2072.4,0
37796,"2026-07-28 09:35:11.869927+00","2026-07-28T09:35:03Z_0001_aqi","KILAMBAKKAM_LITTLEMOUNT_025","Corridor_Littlemount_Kilambakkam",45,"Moderate air quality","pm25","OK","Success",2072.9,0
37797,"2026-07-28 09:35:11.869927+00","2026-07-28T09:35:03Z_0001_aqi","KILAMBAKKAM_LITTLEMOUNT_029","Corridor_Littlemount_Kilambakkam",45,"Moderate air quality","pm25","OK","Success",2102.5,0
37798,"2026-07-28 09:35:11.869927+00","2026-07-28T09:35:03Z_0001_aqi","KILAMBAKKAM_LITTLEMOUNT_028","Corridor_Littlemount_Kilambakkam",45,"Moderate air quality","pm25","OK","Success",2126.8,0
37799,"2026-07-28 09:35:11.869927+00","2026-07-28T09:35:03Z_0001_aqi","LITTLEMOUNT_KILAMBAKKAM(AT_GRADE_BELOWFLYOVER)_001","Corridor_Littlemount_Kilambakkam",43,"Moderate air quality","pm25","OK","Success",2159.5,0
37800,"2026-07-28 09:35:11.869927+00","2026-07-28T09:35:03Z_0001_aqi","LITTLEMOUNT_KILAMBAKKAM(AT_GRADE_BELOWFLYOVER)_002","Corridor_Littlemount_Kilambakkam",44,"Moderate air quality","pm25","OK","Success",2193.4,0
37801,"2026-07-28 09:35:11.869927+00","2026-07-28T09:35:03Z_0001_aqi","LITTLEMOUNT_KILAMBAKKAM(AT_GRADE_BELOWFLYOVER)_003","Corridor_Littlemount_Kilambakkam",45,"Moderate air quality","pm25","OK","Success",3302.0,0
37802,"2026-07-28 09:35:11.869927+00","2026-07-28T09:35:03Z_0001_aqi","LITTLEMOUNT_KILAMBAKKAM(AT_GRADE_BELOWFLYOVER)_006","Corridor_Littlemount_Kilambakkam",42,"Moderate air quality","pm25","OK","Success",3319.7,0
37803,"2026-07-28 09:35:11.869927+00","2026-07-28T09:35:03Z_0001_aqi","LITTLEMOUNT_KILAMBAKKAM_005","Corridor_Littlemount_Kilambakkam",45,"Moderate air quality","pm25","OK","Success",3346.3,0
37804,"2026-07-28 09:35:11.869927+00","2026-07-28T09:35:03Z_0001_aqi","LITTLEMOUNT_KILAMBAKKAM_004","Corridor_Littlemount_Kilambakkam",45,"Moderate air quality","pm25","OK","Success",3347.2,0
37805,"2026-07-28 09:35:11.869927+00","2026-07-28T09:35:03Z_0001_aqi","LITTLEMOUNT_KILAMBAKKAM_007","Corridor_Littlemount_Kilambakkam",45,"Moderate air quality","pm25","OK","Success",3348.1,0
37806,"2026-07-28 09:35:11.869927+00","2026-07-28T09:35:03Z_0001_aqi","LITTLEMOUNT_KILAMBAKKAM_003","Corridor_Littlemount_Kilambakkam",46,"Moderate air quality","pm25","OK","Success",3348.5,0
37807,"2026-07-28 09:35:11.869927+00","2026-07-28T09:35:03Z_0001_aqi","LITTLEMOUNT_KILAMBAKKAM_009","Corridor_Littlemount_Kilambakkam",45,"Moderate air quality","pm25","OK","Success",3351.6,0
37808,"2026-07-28 09:35:11.869927+00","2026-07-28T09:35:03Z_0001_aqi","LITTLEMOUNT_KILAMBAKKAM_010","Corridor_Littlemount_Kilambakkam",46,"Moderate air quality","pm25","OK","Success",3354.3,0
37809,"2026-07-28 09:35:11.869927+00","2026-07-28T09:35:03Z_0001_aqi","LITTLEMOUNT_KILAMBAKKAM(AT_GRADE_BELOWFLYOVER)_005","Corridor_Littlemount_Kilambakkam",42,"Moderate air quality","pm25","OK","Success",3354.9,0
37810,"2026-07-28 09:35:11.869927+00","2026-07-28T09:35:03Z_0001_aqi","LITTLEMOUNT_KILAMBAKKAM(AT_GRADE_BELOWFLYOVER)_004","Corridor_Littlemount_Kilambakkam",45,"Moderate air quality","pm25","OK","Success",3356.7,0
37811,"2026-07-28 09:35:11.869927+00","2026-07-28T09:35:03Z_0001_aqi","LITTLEMOUNT_KILAMBAKKAM_006","Corridor_Littlemount_Kilambakkam",45,"Moderate air quality","pm25","OK","Success",3359.2,0
37812,"2026-07-28 09:35:11.869927+00","2026-07-28T09:35:03Z_0001_aqi","LITTLEMOUNT_KILAMBAKKAM_002","Corridor_Littlemount_Kilambakkam",46,"Moderate air quality","pm25","OK","Success",3359.8,0
37813,"2026-07-28 09:35:11.869927+00","2026-07-28T09:35:03Z_0001_aqi","LITTLEMOUNT_KILAMBAKKAM_001","Corridor_Littlemount_Kilambakkam",46,"Moderate air quality","pm25","OK","Success",3376.9,0
37814,"2026-07-28 09:35:11.869927+00","2026-07-28T09:35:03Z_0001_aqi","LITTLEMOUNT_KILAMBAKKAM_011","Corridor_Littlemount_Kilambakkam",49,"Moderate air quality","pm25","OK","Success",3378.7,0
37815,"2026-07-28 09:35:11.869927+00","2026-07-28T09:35:03Z_0001_aqi","LITTLEMOUNT_KILAMBAKKAM_008","Corridor_Littlemount_Kilambakkam",45,"Moderate air quality","pm25","OK","Success",3383.6,0
37816,"2026-07-28 09:35:11.869927+00","2026-07-28T09:35:03Z_0001_aqi","LITTLEMOUNT_KILAMBAKKAM_012","Corridor_Littlemount_Kilambakkam",49,"Moderate air quality","pm25","OK","Success",3407.7,0
37817,"2026-07-28 09:35:11.869927+00","2026-07-28T09:35:03Z_0001_aqi","LITTLEMOUNT_KILAMBAKKAM_014","Corridor_Littlemount_Kilambakkam",46,"Moderate air quality","pm25","OK","Success",3462.9,0
37818,"2026-07-28 09:35:11.869927+00","2026-07-28T09:35:03Z_0001_aqi","LITTLEMOUNT_KILAMBAKKAM_015","Corridor_Littlemount_Kilambakkam",46,"Moderate air quality","pm25","OK","Success",3472.0,0
37819,"2026-07-28 09:35:11.869927+00","2026-07-28T09:35:03Z_0001_aqi","LITTLEMOUNT_KILAMBAKKAM_013","Corridor_Littlemount_Kilambakkam",49,"Moderate air quality","pm25","OK","Success",3501.7,0
37820,"2026-07-28 09:35:11.869927+00","2026-07-28T09:35:03Z_0001_aqi","LITTLEMOUNT_KILAMBAKKAM_016","Corridor_Littlemount_Kilambakkam",46,"Moderate air quality","pm25","OK","Success",3507.6,0
37821,"2026-07-28 09:35:11.869927+00","2026-07-28T09:35:03Z_0001_aqi","LITTLEMOUNT_KILAMBAKKAM_017","Corridor_Littlemount_Kilambakkam",44,"Moderate air quality","pm25","OK","Success",3617.1,0
37822,"2026-07-28 09:35:11.869927+00","2026-07-28T09:35:03Z_0001_aqi","LITTLEMOUNT_KILAMBAKKAM_018","Corridor_Littlemount_Kilambakkam",42,"Moderate air quality","pm25","OK","Success",3631.3,0
37823,"2026-07-28 09:35:11.869927+00","2026-07-28T09:35:03Z_0001_aqi","LITTLEMOUNT_KILAMBAKKAM_020","Corridor_Littlemount_Kilambakkam",41,"Moderate air quality","pm25","OK","Success",3640.2,0
37824,"2026-07-28 09:35:11.869927+00","2026-07-28T09:35:03Z_0001_aqi","LITTLEMOUNT_KILAMBAKKAM_026","Corridor_Littlemount_Kilambakkam",40,"Moderate air quality","pm25","OK","Success",3647.6,0
37825,"2026-07-28 09:35:11.869927+00","2026-07-28T09:35:03Z_0001_aqi","LITTLEMOUNT_KILAMBAKKAM_025","Corridor_Littlemount_Kilambakkam",40,"Moderate air quality","pm25","OK","Success",3656.4,0
37826,"2026-07-28 09:35:11.869927+00","2026-07-28T09:35:03Z_0001_aqi","LITTLEMOUNT_KILAMBAKKAM_027","Corridor_Littlemount_Kilambakkam",40,"Moderate air quality","pm25","OK","Success",3663.3,0
37827,"2026-07-28 09:35:11.869927+00","2026-07-28T09:35:03Z_0001_aqi","LITTLEMOUNT_KILAMBAKKAM_023","Corridor_Littlemount_Kilambakkam",40,"Moderate air quality","pm25","OK","Success",3664.1,0
37828,"2026-07-28 09:35:11.869927+00","2026-07-28T09:35:03Z_0001_aqi","LITTLEMOUNT_KILAMBAKKAM_022","Corridor_Littlemount_Kilambakkam",39,"Low air quality","pm25","OK","Success",3671.1,0
37829,"2026-07-28 09:35:11.869927+00","2026-07-28T09:35:03Z_0001_aqi","LITTLEMOUNT_KILAMBAKKAM_019","Corridor_Littlemount_Kilambakkam",42,"Moderate air quality","pm25","OK","Success",3671.8,0
37830,"2026-07-28 09:35:11.869927+00","2026-07-28T09:35:03Z_0001_aqi","LITTLEMOUNT_KILAMBAKKAM_028","Corridor_Littlemount_Kilambakkam",40,"Moderate air quality","pm25","OK","Success",3676.6,0
37831,"2026-07-28 09:35:11.869927+00","2026-07-28T09:35:03Z_0001_aqi","LITTLEMOUNT_KILAMBAKKAM_024","Corridor_Littlemount_Kilambakkam",40,"Moderate air quality","pm25","OK","Success",3676.7,0
37832,"2026-07-28 09:35:11.869927+00","2026-07-28T09:35:03Z_0001_aqi","LITTLEMOUNT_KILAMBAKKAM_029","Corridor_Littlemount_Kilambakkam",41,"Moderate air quality","pm25","OK","Success",3688.8,0
37833,"2026-07-28 09:35:11.869927+00","2026-07-28T09:35:03Z_0001_aqi","LITTLEMOUNT_KILAMBAKKAM_031","Corridor_Littlemount_Kilambakkam",41,"Moderate air quality","pm25","OK","Success",3691.0,0
37834,"2026-07-28 09:35:11.869927+00","2026-07-28T09:35:03Z_0001_aqi","LITTLEMOUNT_KILAMBAKKAM_030","Corridor_Littlemount_Kilambakkam",41,"Moderate air quality","pm25","OK","Success",3697.7,0
37835,"2026-07-28 09:35:11.869927+00","2026-07-28T09:35:03Z_0001_aqi","LITTLEMOUNT_KILAMBAKKAM_032","Corridor_Littlemount_Kilambakkam",42,"Moderate air quality","pm25","OK","Success",3700.3,0
37836,"2026-07-28 09:35:11.869927+00","2026-07-28T09:35:03Z_0001_aqi","LITTLEMOUNT_KILAMBAKKAM_021","Corridor_Littlemount_Kilambakkam",40,"Moderate air quality","pm25","OK","Success",3737.8,0
37837,"2026-07-28 09:35:11.869927+00","2026-07-28T09:35:03Z_0001_aqi","BROADWAY_KOYEMBEDU_001","EVR Salai",57,"Moderate air quality","o3","OK","Success",3768.0,0
37838,"2026-07-28 09:35:11.869927+00","2026-07-28T09:35:03Z_0001_aqi","BROADWAY_KOYEMBEDU_003","EVR Salai",57,"Moderate air quality","o3","OK","Success",3794.4,0
37839,"2026-07-28 09:35:11.869927+00","2026-07-28T09:35:03Z_0001_aqi","BROADWAY_KOYEMBEDU_004","EVR Salai",57,"Moderate air quality","o3","OK","Success",3814.2,0
37840,"2026-07-28 09:35:11.869927+00","2026-07-28T09:35:03Z_0001_aqi","BROADWAY_KOYEMBEDU_002","EVR Salai",57,"Moderate air quality","o3","OK","Success",3858.8,0
37841,"2026-07-28 09:35:11.869927+00","2026-07-28T09:35:03Z_0001_aqi","BROADWAY_KOYEMBEDU_006","EVR Salai",57,"Moderate air quality","o3","OK","Success",4943.3,0
37842,"2026-07-28 09:35:11.869927+00","2026-07-28T09:35:03Z_0001_aqi","BROADWAY_KOYEMBEDU_005","EVR Salai",57,"Moderate air quality","o3","OK","Success",4944.2,0
37843,"2026-07-28 09:35:11.869927+00","2026-07-28T09:35:03Z_0001_aqi","BROADWAY_KOYEMBEDU_007","EVR Salai",56,"Moderate air quality","pm25","OK","Success",4954.6,0
37844,"2026-07-28 09:35:11.869927+00","2026-07-28T09:35:03Z_0001_aqi","BROADWAY_KOYEMBEDU_012","EVR Salai",53,"Moderate air quality","pm25","OK","Success",4955.4,0
37845,"2026-07-28 09:35:11.869927+00","2026-07-28T09:35:03Z_0001_aqi","BROADWAY_KOYEMBEDU_009","EVR Salai",53,"Moderate air quality","pm25","OK","Success",4965.8,0
37846,"2026-07-28 09:35:11.869927+00","2026-07-28T09:35:03Z_0001_aqi","BROADWAY_KOYEMBEDU_011","EVR Salai",53,"Moderate air quality","pm25","OK","Success",4966.4,0
37847,"2026-07-28 09:35:11.869927+00","2026-07-28T09:35:03Z_0001_aqi","BROADWAY_KOYEMBEDU_010","EVR Salai",53,"Moderate air quality","pm25","OK","Success",4968.2,0
37848,"2026-07-28 09:35:11.869927+00","2026-07-28T09:35:03Z_0001_aqi","BROADWAY_KOYEMBEDU_015","EVR Salai",50,"Moderate air quality","pm25","OK","Success",4981.3,0
37849,"2026-07-28 09:35:11.869927+00","2026-07-28T09:35:03Z_0001_aqi","BROADWAY_KOYEMBEDU_016","EVR Salai",49,"Moderate air quality","pm25","OK","Success",4982.0,0
37850,"2026-07-28 09:35:11.869927+00","2026-07-28T09:35:03Z_0001_aqi","BROADWAY_KOYEMBEDU_008","EVR Salai",56,"Moderate air quality","pm25","OK","Success",4999.0,0
37851,"2026-07-28 09:35:11.869927+00","2026-07-28T09:35:03Z_0001_aqi","BROADWAY_KOYEMBEDU_018","EVR Salai",49,"Moderate air quality","pm25","OK","Success",4999.7,0
37852,"2026-07-28 09:35:11.869927+00","2026-07-28T09:35:03Z_0001_aqi","BROADWAY_KOYEMBEDU_017","EVR Salai",49,"Moderate air quality","pm25","OK","Success",5002.4,0
37853,"2026-07-28 09:35:11.869927+00","2026-07-28T09:35:03Z_0001_aqi","BROADWAY_KOYEMBEDU_014","EVR Salai",51,"Moderate air quality","pm25","OK","Success",5005.0,0
37854,"2026-07-28 09:35:11.869927+00","2026-07-28T09:35:03Z_0001_aqi","BROADWAY_KOYEMBEDU_013","EVR Salai",51,"Moderate air quality","pm25","OK","Success",5015.4,0
37855,"2026-07-28 09:35:11.869927+00","2026-07-28T09:35:03Z_0001_aqi","BROADWAY_KOYEMBEDU_019","EVR Salai",49,"Moderate air quality","pm25","OK","Success",5016.0,0
37856,"2026-07-28 09:35:11.869927+00","2026-07-28T09:35:03Z_0001_aqi","BROADWAY_KOYEMBEDU_020","EVR Salai",49,"Moderate air quality","pm25","OK","Success",5031.7,0
37857,"2026-07-28 09:35:11.869927+00","2026-07-28T09:35:03Z_0001_aqi","BROADWAY_KOYEMBEDU_022","EVR Salai",48,"Moderate air quality","pm25","OK","Success",5122.3,0
37858,"2026-07-28 09:35:11.869927+00","2026-07-28T09:35:03Z_0001_aqi","BROADWAY_KOYEMBEDU_021","EVR Salai",48,"Moderate air quality","pm25","OK","Success",5143.4,0
37859,"2026-07-28 09:35:11.869927+00","2026-07-28T09:35:03Z_0001_aqi","BROADWAY_KOYEMBEDU_024","EVR Salai",46,"Moderate air quality","pm25","OK","Success",5147.6,0
37860,"2026-07-28 09:35:11.869927+00","2026-07-28T09:35:03Z_0001_aqi","BROADWAY_KOYEMBEDU_023","EVR Salai",47,"Moderate air quality","pm25","OK","Success",5218.4,0
37861,"2026-07-28 09:35:11.869927+00","2026-07-28T09:35:03Z_0001_aqi","BROADWAY_KOYEMBEDU_026","EVR Salai",46,"Moderate air quality","pm25","OK","Success",5239.3,0
37862,"2026-07-28 09:35:11.869927+00","2026-07-28T09:35:03Z_0001_aqi","KOYEMBEDU_BROADWAY_001","EVR Salai",46,"Moderate air quality","pm25","OK","Success",5249.6,0
37863,"2026-07-28 09:35:11.869927+00","2026-07-28T09:35:03Z_0001_aqi","KOYEMBEDU_BROADWAY_005","EVR Salai",48,"Moderate air quality","pm25","OK","Success",5274.9,0
37864,"2026-07-28 09:35:11.869927+00","2026-07-28T09:35:03Z_0001_aqi","KOYEMBEDU_BROADWAY_003","EVR Salai",46,"Moderate air quality","pm25","OK","Success",5276.5,0
37865,"2026-07-28 09:35:11.869927+00","2026-07-28T09:35:03Z_0001_aqi","BROADWAY_KOYEMBEDU_025","EVR Salai",48,"Moderate air quality","pm25","OK","Success",5279.6,0
37866,"2026-07-28 09:35:11.869927+00","2026-07-28T09:35:03Z_0001_aqi","KOYEMBEDU_BROADWAY_004","EVR Salai",47,"Moderate air quality","pm25","OK","Success",5282.4,0
37867,"2026-07-28 09:35:11.869927+00","2026-07-28T09:35:03Z_0001_aqi","KOYEMBEDU_BROADWAY_011","EVR Salai",49,"Moderate air quality","pm25","OK","Success",5293.8,0
37868,"2026-07-28 09:35:11.869927+00","2026-07-28T09:35:03Z_0001_aqi","KOYEMBEDU_BROADWAY_008","EVR Salai",49,"Moderate air quality","pm25","OK","Success",5294.4,0
37869,"2026-07-28 09:35:11.869927+00","2026-07-28T09:35:03Z_0001_aqi","KOYEMBEDU_BROADWAY_007","EVR Salai",49,"Moderate air quality","pm25","OK","Success",5299.2,0
37870,"2026-07-28 09:35:11.869927+00","2026-07-28T09:35:03Z_0001_aqi","KOYEMBEDU_BROADWAY_002","EVR Salai",48,"Moderate air quality","pm25","OK","Success",5303.4,0
37871,"2026-07-28 09:35:11.869927+00","2026-07-28T09:35:03Z_0001_aqi","KOYEMBEDU_BROADWAY_012","EVR Salai",50,"Moderate air quality","pm25","OK","Success",5311.3,0
37872,"2026-07-28 09:35:11.869927+00","2026-07-28T09:35:03Z_0001_aqi","KOYEMBEDU_BROADWAY_010","EVR Salai",49,"Moderate air quality","pm25","OK","Success",5313.0,0
37873,"2026-07-28 09:35:11.869927+00","2026-07-28T09:35:03Z_0001_aqi","KOYEMBEDU_BROADWAY_013","EVR Salai",51,"Moderate air quality","pm25","OK","Success",5315.0,0
37874,"2026-07-28 09:35:11.869927+00","2026-07-28T09:35:03Z_0001_aqi","KOYEMBEDU_BROADWAY_006","EVR Salai",48,"Moderate air quality","pm25","OK","Success",5316.9,0
37875,"2026-07-28 09:35:11.869927+00","2026-07-28T09:35:03Z_0001_aqi","KOYEMBEDU_BROADWAY_009","EVR Salai",49,"Moderate air quality","pm25","OK","Success",5350.6,0
37876,"2026-07-28 09:35:11.869927+00","2026-07-28T09:35:03Z_0001_aqi","KOYEMBEDU_BROADWAY_014","EVR Salai",51,"Moderate air quality","pm25","OK","Success",5357.4,0
37877,"2026-07-28 09:35:11.869927+00","2026-07-28T09:35:03Z_0001_aqi","KOYEMBEDU_BROADWAY_016","EVR Salai",53,"Moderate air quality","pm25","OK","Success",5464.9,0
37878,"2026-07-28 09:35:11.869927+00","2026-07-28T09:35:03Z_0001_aqi","KOYEMBEDU_BROADWAY_015","EVR Salai",53,"Moderate air quality","pm25","OK","Success",5469.8,0
37879,"2026-07-28 09:35:11.869927+00","2026-07-28T09:35:03Z_0001_aqi","KOYEMBEDU_BROADWAY_018","EVR Salai",53,"Moderate air quality","pm25","OK","Success",5517.2,0
37880,"2026-07-28 09:35:11.869927+00","2026-07-28T09:35:03Z_0001_aqi","KOYEMBEDU_BROADWAY_019","EVR Salai",56,"Moderate air quality","pm25","OK","Success",5523.4,0
37881,"2026-07-28 09:35:11.869927+00","2026-07-28T09:35:03Z_0001_aqi","KOYEMBEDU_BROADWAY_020","EVR Salai",56,"Moderate air quality","pm25","OK","Success",5543.3,0
37882,"2026-07-28 09:35:11.869927+00","2026-07-28T09:35:03Z_0001_aqi","KOYEMBEDU_BROADWAY_017","EVR Salai",53,"Moderate air quality","pm25","OK","Success",5545.4,0
37883,"2026-07-28 09:35:11.869927+00","2026-07-28T09:35:03Z_0001_aqi","KOYEMBEDU_BROADWAY_022","EVR Salai",57,"Moderate air quality","o3","OK","Success",5562.0,0
37884,"2026-07-28 09:35:11.869927+00","2026-07-28T09:35:03Z_0001_aqi","KOYEMBEDU_BROADWAY_024","EVR Salai",57,"Moderate air quality","o3","OK","Success",5570.2,0
37885,"2026-07-28 09:35:11.869927+00","2026-07-28T09:35:03Z_0001_aqi","KOYEMBEDU_BROADWAY_026","EVR Salai",57,"Moderate air quality","o3","OK","Success",5575.0,0
37886,"2026-07-28 09:35:11.869927+00","2026-07-28T09:35:03Z_0001_aqi","KOYEMBEDU_BROADWAY_023","EVR Salai",57,"Moderate air quality","o3","OK","Success",5575.6,0
37887,"2026-07-28 09:35:11.869927+00","2026-07-28T09:35:03Z_0001_aqi","KOYEMBEDU_BROADWAY_021","EVR Salai",57,"Moderate air quality","o3","OK","Success",5573.1,0
37888,"2026-07-28 09:35:11.869927+00","2026-07-28T09:35:03Z_0001_aqi","GUINDY_TAMBARAM_001","Guindy-Tambaram",45,"Moderate air quality","pm25","OK","Success",5584.0,0
37889,"2026-07-28 09:35:11.869927+00","2026-07-28T09:35:03Z_0001_aqi","GUINDY_TAMBARAM_002","Guindy-Tambaram",45,"Moderate air quality","pm25","OK","Success",5602.5,0
37890,"2026-07-28 09:35:11.869927+00","2026-07-28T09:35:03Z_0001_aqi","KOYEMBEDU_BROADWAY_025","EVR Salai",57,"Moderate air quality","o3","OK","Success",5603.2,0
37891,"2026-07-28 09:35:11.869927+00","2026-07-28T09:35:03Z_0001_aqi","GUINDY_TAMBARAM_006","Guindy-Tambaram",46,"Moderate air quality","pm25","OK","Success",5614.2,0
37892,"2026-07-28 09:35:11.869927+00","2026-07-28T09:35:03Z_0001_aqi","GUINDY_TAMBARAM_005","Guindy-Tambaram",46,"Moderate air quality","pm25","OK","Success",5615.2,0
37893,"2026-07-28 09:35:11.869927+00","2026-07-28T09:35:03Z_0001_aqi","GUINDY_TAMBARAM_004","Guindy-Tambaram",49,"Moderate air quality","pm25","OK","Success",5619.0,0
37894,"2026-07-28 09:35:11.869927+00","2026-07-28T09:35:03Z_0001_aqi","GUINDY_TAMBARAM_003","Guindy-Tambaram",49,"Moderate air quality","pm25","OK","Success",5619.2,0
37895,"2026-07-28 09:35:11.869927+00","2026-07-28T09:35:03Z_0001_aqi","GUINDY_TAMBARAM_008","Guindy-Tambaram",41,"Moderate air quality","pm25","OK","Success",5643.1,0
37896,"2026-07-28 09:35:11.869927+00","2026-07-28T09:35:03Z_0001_aqi","GUINDY_TAMBARAM_007","Guindy-Tambaram",46,"Moderate air quality","pm25","OK","Success",5646.5,0
37897,"2026-07-28 09:35:11.869927+00","2026-07-28T09:35:03Z_0001_aqi","GUINDY_TAMBARAM_010","Guindy-Tambaram",37,"Low air quality","pm25","OK","Success",5753.3,0
37898,"2026-07-28 09:35:11.869927+00","2026-07-28T09:35:03Z_0001_aqi","GUINDY_TAMBARAM_012","Guindy-Tambaram",37,"Low air quality","pm25","OK","Success",5806.5,0
37899,"2026-07-28 09:35:11.869927+00","2026-07-28T09:35:03Z_0001_aqi","GUINDY_TAMBARAM_013","Guindy-Tambaram",39,"Low air quality","pm25","OK","Success",5840.3,0
37900,"2026-07-28 09:35:11.869927+00","2026-07-28T09:35:03Z_0001_aqi","GUINDY_TAMBARAM_014","Guindy-Tambaram",39,"Low air quality","pm25","OK","Success",5844.8,0
37901,"2026-07-28 09:35:11.869927+00","2026-07-28T09:35:03Z_0001_aqi","GUINDY_TAMBARAM_015","Guindy-Tambaram",42,"Moderate air quality","pm25","OK","Success",5855.1,0
37902,"2026-07-28 09:35:11.869927+00","2026-07-28T09:35:03Z_0001_aqi","GUINDY_TAMBARAM_017","Guindy-Tambaram",45,"Moderate air quality","pm25","OK","Success",5859.8,0
37903,"2026-07-28 09:35:11.869927+00","2026-07-28T09:35:03Z_0001_aqi","GUINDY_TAMBARAM_018","Guindy-Tambaram",42,"Moderate air quality","pm25","OK","Success",5872.0,0
37904,"2026-07-28 09:35:11.869927+00","2026-07-28T09:35:03Z_0001_aqi","GUINDY_TAMBARAM_020","Guindy-Tambaram",48,"Moderate air quality","pm25","OK","Success",5881.7,0
37905,"2026-07-28 09:35:11.869927+00","2026-07-28T09:35:03Z_0001_aqi","GUINDY_TAMBARAM_016","Guindy-Tambaram",42,"Moderate air quality","pm25","OK","Success",5881.9,0
37906,"2026-07-28 09:35:11.869927+00","2026-07-28T09:35:03Z_0001_aqi","GUINDY_TAMBARAM_019","Guindy-Tambaram",45,"Moderate air quality","pm25","OK","Success",5882.5,0
37907,"2026-07-28 09:35:11.869927+00","2026-07-28T09:35:03Z_0001_aqi","GUINDY_TAMBARAM_022","Guindy-Tambaram",47,"Moderate air quality","pm25","OK","Success",5893.1,0
37908,"2026-07-28 09:35:11.869927+00","2026-07-28T09:35:03Z_0001_aqi","GUINDY_TAMBARAM_023","Guindy-Tambaram",46,"Moderate air quality","pm25","OK","Success",5893.5,0
37909,"2026-07-28 09:35:11.869927+00","2026-07-28T09:35:03Z_0001_aqi","GUINDY_TAMBARAM_021","Guindy-Tambaram",45,"Moderate air quality","pm25","OK","Success",5897.7,0
37910,"2026-07-28 09:35:11.869927+00","2026-07-28T09:35:03Z_0001_aqi","GUINDY_TAMBARAM_026","Guindy-Tambaram",41,"Moderate air quality","pm25","OK","Success",5904.1,0
37911,"2026-07-28 09:35:11.869927+00","2026-07-28T09:35:03Z_0001_aqi","GUINDY_TAMBARAM_025","Guindy-Tambaram",41,"Moderate air quality","pm25","OK","Success",5904.0,0
37912,"2026-07-28 09:35:11.869927+00","2026-07-28T09:35:03Z_0001_aqi","GUINDY_TAMBARAM_024","Guindy-Tambaram",41,"Moderate air quality","pm25","OK","Success",5922.1,0
37913,"2026-07-28 09:35:11.869927+00","2026-07-28T09:35:03Z_0001_aqi","GUINDY_TAMBARAM_027","Guindy-Tambaram",42,"Moderate air quality","pm25","OK","Success",5943.0,0
37914,"2026-07-28 09:35:11.869927+00","2026-07-28T09:35:03Z_0001_aqi","GUINDY_TAMBARAM_028","Guindy-Tambaram",39,"Low air quality","pm25","OK","Success",5964.9,0
37915,"2026-07-28 09:35:11.869927+00","2026-07-28T09:35:03Z_0001_aqi","GUINDY_TAMBARAM_029","Guindy-Tambaram",39,"Low air quality","pm25","OK","Success",6051.4,0
37916,"2026-07-28 09:35:11.869927+00","2026-07-28T09:35:03Z_0001_aqi","GUINDY_TAMBARAM_030","Guindy-Tambaram",39,"Low air quality","pm25","OK","Success",6092.7,0
37917,"2026-07-28 09:35:11.869927+00","2026-07-28T09:35:03Z_0001_aqi","GUINDY_TAMBARAM_031","Guindy-Tambaram",39,"Low air quality","pm25","OK","Success",6136.2,0
37918,"2026-07-28 09:35:11.869927+00","2026-07-28T09:35:03Z_0001_aqi","GUINDY_TAMBARAM_032","Guindy-Tambaram",39,"Low air quality","pm25","OK","Success",6139.2,0
37919,"2026-07-28 09:35:11.869927+00","2026-07-28T09:35:03Z_0001_aqi","GUINDY_TAMBARAM_033","Guindy-Tambaram",39,"Low air quality","pm25","OK","Success",6153.7,0
37920,"2026-07-28 09:35:11.869927+00","2026-07-28T09:35:03Z_0001_aqi","GUINDY_TAMBARAM_035","Guindy-Tambaram",39,"Low air quality","pm25","OK","Success",6157.2,0
37921,"2026-07-28 09:35:11.869927+00","2026-07-28T09:35:03Z_0001_aqi","GUINDY_TAMBARAM_034","Guindy-Tambaram",39,"Low air quality","pm25","OK","Success",6160.9,0
37922,"2026-07-28 09:35:11.869927+00","2026-07-28T09:35:03Z_0001_aqi","GUINDY_TAMBARAM_037","Guindy-Tambaram",39,"Low air quality","pm25","OK","Success",6174.8,0
37923,"2026-07-28 09:35:11.869927+00","2026-07-28T09:35:03Z_0001_aqi","GUINDY_TAMBARAM_038","Guindy-Tambaram",39,"Low air quality","pm25","OK","Success",6181.7,0
37924,"2026-07-28 09:35:11.869927+00","2026-07-28T09:35:03Z_0001_aqi","GUINDY_TAMBARAM_041","Guindy-Tambaram",39,"Low air quality","pm25","OK","Success",6190.0,0
37925,"2026-07-28 09:35:11.869927+00","2026-07-28T09:35:03Z_0001_aqi","TAMBARAM_GUINDY_002","Guindy-Tambaram",39,"Low air quality","pm25","OK","Success",6199.7,0
37926,"2026-07-28 09:35:11.869927+00","2026-07-28T09:35:03Z_0001_aqi","GUINDY_TAMBARAM_039","Guindy-Tambaram",39,"Low air quality","pm25","OK","Success",6201.6,0
37927,"2026-07-28 09:35:11.869927+00","2026-07-28T09:35:03Z_0001_aqi","TAMBARAM_GUINDY_001","Guindy-Tambaram",39,"Low air quality","pm25","OK","Success",6200.7,0
37928,"2026-07-28 09:35:11.869927+00","2026-07-28T09:35:03Z_0001_aqi","GUINDY_TAMBARAM_036","Guindy-Tambaram",39,"Low air quality","pm25","OK","Success",6204.0,0
37929,"2026-07-28 09:35:11.869927+00","2026-07-28T09:35:03Z_0001_aqi","GUINDY_TAMBARAM_040","Guindy-Tambaram",39,"Low air quality","pm25","OK","Success",6205.7,0
37930,"2026-07-28 09:35:11.869927+00","2026-07-28T09:35:03Z_0001_aqi","TAMBARAM_GUINDY_003","Guindy-Tambaram",39,"Low air quality","pm25","OK","Success",6226.1,0
37931,"2026-07-28 09:35:11.869927+00","2026-07-28T09:35:03Z_0001_aqi","TAMBARAM_GUINDY_004","Guindy-Tambaram",39,"Low air quality","pm25","OK","Success",6238.5,0
37932,"2026-07-28 09:35:11.869927+00","2026-07-28T09:35:03Z_0001_aqi","TAMBARAM_GUINDY_005","Guindy-Tambaram",39,"Low air quality","pm25","OK","Success",6264.5,0
37933,"2026-07-28 09:35:11.869927+00","2026-07-28T09:35:03Z_0001_aqi","TAMBARAM_GUINDY_006","Guindy-Tambaram",39,"Low air quality","pm25","OK","Success",6361.3,0
37934,"2026-07-28 09:35:11.869927+00","2026-07-28T09:35:03Z_0001_aqi","TAMBARAM_GUINDY_007","Guindy-Tambaram",39,"Low air quality","pm25","OK","Success",6389.2,0
37935,"2026-07-28 09:35:11.869927+00","2026-07-28T09:35:03Z_0001_aqi","TAMBARAM_GUINDY_008","Guindy-Tambaram",39,"Low air quality","pm25","OK","Success",6432.0,0
37936,"2026-07-28 09:35:11.869927+00","2026-07-28T09:35:03Z_0001_aqi","TAMBARAM_GUINDY_009","Guindy-Tambaram",39,"Low air quality","pm25","OK","Success",6434.0,0
37937,"2026-07-28 09:35:11.869927+00","2026-07-28T09:35:03Z_0001_aqi","TAMBARAM_GUINDY_012","Guindy-Tambaram",39,"Low air quality","pm25","OK","Success",6453.7,0
37938,"2026-07-28 09:35:11.869927+00","2026-07-28T09:35:03Z_0001_aqi","TAMBARAM_GUINDY_013","Guindy-Tambaram",39,"Low air quality","pm25","OK","Success",6460.3,0
37939,"2026-07-28 09:35:11.869927+00","2026-07-28T09:35:03Z_0001_aqi","TAMBARAM_GUINDY_010","Guindy-Tambaram",39,"Low air quality","pm25","OK","Success",6459.4,0
37940,"2026-07-28 09:35:11.869927+00","2026-07-28T09:35:03Z_0001_aqi","TAMBARAM_GUINDY_011","Guindy-Tambaram",39,"Low air quality","pm25","OK","Success",6465.5,0
37941,"2026-07-28 09:35:11.869927+00","2026-07-28T09:35:03Z_0001_aqi","TAMBARAM_GUINDY_014","Guindy-Tambaram",39,"Low air quality","pm25","OK","Success",6482.8,0
37942,"2026-07-28 09:35:11.869927+00","2026-07-28T09:35:03Z_0001_aqi","TAMBARAM_GUINDY_017","Guindy-Tambaram",41,"Moderate air quality","pm25","OK","Success",6487.0,0
37943,"2026-07-28 09:35:11.869927+00","2026-07-28T09:35:03Z_0001_aqi","TAMBARAM_GUINDY_015","Guindy-Tambaram",42,"Moderate air quality","pm25","OK","Success",6488.1,0
37944,"2026-07-28 09:35:11.869927+00","2026-07-28T09:35:03Z_0001_aqi","TAMBARAM_GUINDY_016","Guindy-Tambaram",41,"Moderate air quality","pm25","OK","Success",6491.8,0
37945,"2026-07-28 09:35:11.869927+00","2026-07-28T09:35:03Z_0001_aqi","TAMBARAM_GUINDY_020","Guindy-Tambaram",45,"Moderate air quality","pm25","OK","Success",6492.5,0
37946,"2026-07-28 09:35:11.869927+00","2026-07-28T09:35:03Z_0001_aqi","TAMBARAM_GUINDY_018","Guindy-Tambaram",45,"Moderate air quality","pm25","OK","Success",6496.5,0
37947,"2026-07-28 09:35:11.869927+00","2026-07-28T09:35:03Z_0001_aqi","TAMBARAM_GUINDY_019","Guindy-Tambaram",48,"Moderate air quality","pm25","OK","Success",6498.9,0
37948,"2026-07-28 09:35:11.869927+00","2026-07-28T09:35:03Z_0001_aqi","TAMBARAM_GUINDY_021","Guindy-Tambaram",42,"Moderate air quality","pm25","OK","Success",6518.0,0
37949,"2026-07-28 09:35:11.869927+00","2026-07-28T09:35:03Z_0001_aqi","TAMBARAM_GUINDY_022","Guindy-Tambaram",45,"Moderate air quality","pm25","OK","Success",6531.9,0
37950,"2026-07-28 09:35:11.869927+00","2026-07-28T09:35:03Z_0001_aqi","TAMBARAM_GUINDY_023","Guindy-Tambaram",42,"Moderate air quality","pm25","OK","Success",6560.1,0
37951,"2026-07-28 09:35:11.869927+00","2026-07-28T09:35:03Z_0001_aqi","TAMBARAM_GUINDY_024","Guindy-Tambaram",42,"Moderate air quality","pm25","OK","Success",6653.7,0
37952,"2026-07-28 09:35:11.869927+00","2026-07-28T09:35:03Z_0001_aqi","TAMBARAM_GUINDY_025","Guindy-Tambaram",39,"Low air quality","pm25","OK","Success",6679.8,0
37953,"2026-07-28 09:35:11.869927+00","2026-07-28T09:35:03Z_0001_aqi","TAMBARAM_GUINDY_026","Guindy-Tambaram",39,"Low air quality","pm25","OK","Success",6720.3,0
37954,"2026-07-28 09:35:11.869927+00","2026-07-28T09:35:03Z_0001_aqi","TAMBARAM_GUINDY_027","Guindy-Tambaram",37,"Low air quality","pm25","OK","Success",6730.9,0
37955,"2026-07-28 09:35:11.869927+00","2026-07-28T09:35:03Z_0001_aqi","TAMBARAM_GUINDY_029","Guindy-Tambaram",37,"Low air quality","pm25","OK","Success",6738.7,0
37956,"2026-07-28 09:35:11.869927+00","2026-07-28T09:35:03Z_0001_aqi","TAMBARAM_GUINDY_028","Guindy-Tambaram",38,"Low air quality","pm25","OK","Success",6740.3,0
37957,"2026-07-28 09:35:11.869927+00","2026-07-28T09:35:03Z_0001_aqi","TAMBARAM_GUINDY_030","Guindy-Tambaram",40,"Moderate air quality","pm25","OK","Success",6757.5,0
37958,"2026-07-28 09:35:11.869927+00","2026-07-28T09:35:03Z_0001_aqi","TAMBARAM_GUINDY_031","Guindy-Tambaram",41,"Moderate air quality","pm25","OK","Success",6770.3,0
37959,"2026-07-28 09:35:11.869927+00","2026-07-28T09:35:03Z_0001_aqi","GUINDY_TAMBARAM_009","Guindy-Tambaram",40,"Moderate air quality","pm25","OK","Success",6774.8,0
37960,"2026-07-28 09:35:11.869927+00","2026-07-28T09:35:03Z_0001_aqi","TAMBARAM_GUINDY_033","Guindy-Tambaram",46,"Moderate air quality","pm25","OK","Success",6778.6,0
37961,"2026-07-28 09:35:11.869927+00","2026-07-28T09:35:03Z_0001_aqi","TAMBARAM_GUINDY_032","Guindy-Tambaram",46,"Moderate air quality","pm25","OK","Success",6779.8,0
37962,"2026-07-28 09:35:11.869927+00","2026-07-28T09:35:03Z_0001_aqi","TAMBARAM_GUINDY_034","Guindy-Tambaram",46,"Moderate air quality","pm25","OK","Success",6782.3,0
37963,"2026-07-28 09:35:11.869927+00","2026-07-28T09:35:03Z_0001_aqi","TAMBARAM_GUINDY_036","Guindy-Tambaram",49,"Moderate air quality","pm25","OK","Success",6786.6,0
37964,"2026-07-28 09:35:11.869927+00","2026-07-28T09:35:03Z_0001_aqi","TAMBARAM_GUINDY_038","Guindy-Tambaram",45,"Moderate air quality","pm25","OK","Success",6787.9,0
37965,"2026-07-28 09:35:11.869927+00","2026-07-28T09:35:03Z_0001_aqi","TAMBARAM_GUINDY_035","Guindy-Tambaram",46,"Moderate air quality","pm25","OK","Success",6793.7,0
37966,"2026-07-28 09:35:11.869927+00","2026-07-28T09:35:03Z_0001_aqi","TAMBARAM_GUINDY_037","Guindy-Tambaram",49,"Moderate air quality","pm25","OK","Success",6795.6,0
37967,"2026-07-28 09:35:11.869927+00","2026-07-28T09:35:03Z_0001_aqi","TAMBARAM_GUINDY_039","Guindy-Tambaram",45,"Moderate air quality","pm25","OK","Success",6817.9,0
37968,"2026-07-28 09:35:11.869927+00","2026-07-28T09:35:03Z_0001_aqi","CENTRAL_PUZHAL_001","Puzhal-Central",57,"Moderate air quality","o3","OK","Success",6831.5,0
37969,"2026-07-28 09:35:11.869927+00","2026-07-28T09:35:03Z_0001_aqi","CENTRAL_PUZHAL_002","Puzhal-Central",57,"Moderate air quality","o3","OK","Success",6862.3,0
37970,"2026-07-28 09:35:11.869927+00","2026-07-28T09:35:03Z_0001_aqi","GUINDY_TAMBARAM_011","Guindy-Tambaram",38,"Low air quality","pm25","OK","Success",6881.5,0
37971,"2026-07-28 09:35:11.869927+00","2026-07-28T09:35:03Z_0001_aqi","CENTRAL_PUZHAL_003","Puzhal-Central",57,"Moderate air quality","o3","OK","Success",6945.3,0
37972,"2026-07-28 09:35:11.869927+00","2026-07-28T09:35:03Z_0001_aqi","CENTRAL_PUZHAL_004","Puzhal-Central",52,"Moderate air quality","pm25","OK","Success",6985.9,0
37973,"2026-07-28 09:35:11.869927+00","2026-07-28T09:35:03Z_0001_aqi","CENTRAL_PUZHAL_005","Puzhal-Central",52,"Moderate air quality","pm25","OK","Success",7010.4,0
37974,"2026-07-28 09:35:11.869927+00","2026-07-28T09:35:03Z_0001_aqi","CENTRAL_PUZHAL_006","Puzhal-Central",46,"Moderate air quality","pm25","OK","Success",7017.8,0
37975,"2026-07-28 09:35:11.869927+00","2026-07-28T09:35:03Z_0001_aqi","CENTRAL_PUZHAL_007","Puzhal-Central",46,"Moderate air quality","pm25","OK","Success",7030.9,0
37976,"2026-07-28 09:35:11.869927+00","2026-07-28T09:35:03Z_0001_aqi","CENTRAL_PUZHAL_008","Puzhal-Central",46,"Moderate air quality","pm25","OK","Success",7034.6,0
37977,"2026-07-28 09:35:11.869927+00","2026-07-28T09:35:03Z_0001_aqi","CENTRAL_PUZHAL_009","Puzhal-Central",49,"Moderate air quality","pm25","OK","Success",7051.5,0
37978,"2026-07-28 09:35:11.869927+00","2026-07-28T09:35:03Z_0001_aqi","CENTRAL_PUZHAL_014","Puzhal-Central",48,"Moderate air quality","pm25","OK","Success",7062.8,0
37979,"2026-07-28 09:35:11.869927+00","2026-07-28T09:35:03Z_0001_aqi","CENTRAL_PUZHAL_013","Puzhal-Central",49,"Moderate air quality","pm25","OK","Success",7062.6,0
37980,"2026-07-28 09:35:11.869927+00","2026-07-28T09:35:03Z_0001_aqi","CENTRAL_PUZHAL_010","Puzhal-Central",49,"Moderate air quality","pm25","OK","Success",7064.7,0
37981,"2026-07-28 09:35:11.869927+00","2026-07-28T09:35:03Z_0001_aqi","CENTRAL_PUZHAL_012","Puzhal-Central",50,"Moderate air quality","pm25","OK","Success",7073.4,0
37982,"2026-07-28 09:35:11.869927+00","2026-07-28T09:35:03Z_0001_aqi","CENTRAL_PUZHAL_016","Puzhal-Central",47,"Moderate air quality","pm25","OK","Success",7072.5,0
37983,"2026-07-28 09:35:11.869927+00","2026-07-28T09:35:03Z_0001_aqi","CENTRAL_PUZHAL_015","Puzhal-Central",51,"Moderate air quality","pm25","OK","Success",7076.2,0
37984,"2026-07-28 09:35:11.869927+00","2026-07-28T09:35:03Z_0001_aqi","CENTRAL_PUZHAL_017","Puzhal-Central",47,"Moderate air quality","pm25","OK","Success",7086.9,0
37985,"2026-07-28 09:35:11.869927+00","2026-07-28T09:35:03Z_0001_aqi","CENTRAL_PUZHAL_018","Puzhal-Central",49,"Moderate air quality","pm25","OK","Success",7096.9,0
37986,"2026-07-28 09:35:11.869927+00","2026-07-28T09:35:03Z_0001_aqi","CENTRAL_PUZHAL_019","Puzhal-Central",44,"Moderate air quality","pm25","OK","Success",7099.8,0
37987,"2026-07-28 09:35:11.869927+00","2026-07-28T09:35:03Z_0001_aqi","CENTRAL_PUZHAL_020","Puzhal-Central",44,"Moderate air quality","pm25","OK","Success",7132.2,0
37988,"2026-07-28 09:35:11.869927+00","2026-07-28T09:35:03Z_0001_aqi","CENTRAL_PUZHAL_021","Puzhal-Central",40,"Moderate air quality","pm25","OK","Success",7155.4,0
37989,"2026-07-28 09:35:11.869927+00","2026-07-28T09:35:03Z_0001_aqi","CENTRAL_PUZHAL_011","Puzhal-Central",49,"Moderate air quality","pm25","OK","Success",7179.3,0
37990,"2026-07-28 09:35:11.869927+00","2026-07-28T09:35:03Z_0001_aqi","CENTRAL_PUZHAL_022","Puzhal-Central",38,"Low air quality","pm25","OK","Success",7186.3,0
37991,"2026-07-28 09:35:11.869927+00","2026-07-28T09:35:03Z_0001_aqi","CENTRAL_PUZHAL_023","Puzhal-Central",38,"Low air quality","pm25","OK","Success",7240.0,0
37992,"2026-07-28 09:35:11.869927+00","2026-07-28T09:35:03Z_0001_aqi","CENTRAL_PUZHAL_024","Puzhal-Central",39,"Low air quality","pm25","OK","Success",7281.9,0
37993,"2026-07-28 09:35:11.869927+00","2026-07-28T09:35:03Z_0001_aqi","CENTRAL_PUZHAL_025","Puzhal-Central",39,"Low air quality","pm25","OK","Success",7292.8,0
37994,"2026-07-28 09:35:11.869927+00","2026-07-28T09:35:03Z_0001_aqi","CENTRAL_PUZHAL_026","Puzhal-Central",40,"Moderate air quality","pm25","OK","Success",7317.0,0
37995,"2026-07-28 09:35:11.869927+00","2026-07-28T09:35:03Z_0001_aqi","CENTRAL_PUZHAL_027","Puzhal-Central",44,"Moderate air quality","pm25","OK","Success",7319.6,0
37996,"2026-07-28 09:35:11.869927+00","2026-07-28T09:35:03Z_0001_aqi","CENTRAL_PUZHAL_ATGRADE_001","Puzhal-Central",44,"Moderate air quality","pm25","OK","Success",7332.1,0
37997,"2026-07-28 09:35:11.869927+00","2026-07-28T09:35:03Z_0001_aqi","CENTRAL_PUZHAL_ATGRADE_002","Puzhal-Central",49,"Moderate air quality","pm25","OK","Success",7348.8,0
37998,"2026-07-28 09:35:11.869927+00","2026-07-28T09:35:03Z_0001_aqi","CENTRAL_PUZHAL_ATGRADE_004","Puzhal-Central",53,"Moderate air quality","pm25","OK","Success",7356.2,0
37999,"2026-07-28 09:35:11.869927+00","2026-07-28T09:35:03Z_0001_aqi","PUZHAL_CENTRAL_003","Puzhal-Central",39,"Low air quality","pm25","OK","Success",7359.4,0
38000,"2026-07-28 09:35:11.869927+00","2026-07-28T09:35:03Z_0001_aqi","PUZHAL_CENTRAL_001","Puzhal-Central",44,"Moderate air quality","pm25","OK","Success",7362.1,0
38001,"2026-07-28 09:35:11.869927+00","2026-07-28T09:35:03Z_0001_aqi","CENTRAL_PUZHAL_ATGRADE_003","Puzhal-Central",49,"Moderate air quality","pm25","OK","Success",7364.7,0
38002,"2026-07-28 09:35:11.869927+00","2026-07-28T09:35:03Z_0001_aqi","PUZHAL_CENTRAL_002","Puzhal-Central",40,"Moderate air quality","pm25","OK","Success",7371.5,0
38003,"2026-07-28 09:35:11.869927+00","2026-07-28T09:35:03Z_0001_aqi","PUZHAL_CENTRAL_005","Puzhal-Central",38,"Low air quality","pm25","OK","Success",7380.4,0
38004,"2026-07-28 09:35:11.869927+00","2026-07-28T09:35:03Z_0001_aqi","PUZHAL_CENTRAL_004","Puzhal-Central",39,"Low air quality","pm25","OK","Success",7381.3,0
38005,"2026-07-28 09:35:11.869927+00","2026-07-28T09:35:03Z_0001_aqi","PUZHAL_CENTRAL_007","Puzhal-Central",40,"Moderate air quality","pm25","OK","Success",7391.2,0
38006,"2026-07-28 09:35:11.869927+00","2026-07-28T09:35:03Z_0001_aqi","PUZHAL_CENTRAL_006","Puzhal-Central",38,"Low air quality","pm25","OK","Success",7395.3,0
38007,"2026-07-28 09:35:11.869927+00","2026-07-28T09:35:03Z_0001_aqi","PUZHAL_CENTRAL_008","Puzhal-Central",44,"Moderate air quality","pm25","OK","Success",7425.1,0
38008,"2026-07-28 09:35:11.869927+00","2026-07-28T09:35:03Z_0001_aqi","PUZHAL_CENTRAL_009","Puzhal-Central",44,"Moderate air quality","pm25","OK","Success",7452.1,0
38009,"2026-07-28 09:35:11.869927+00","2026-07-28T09:35:03Z_0001_aqi","PUZHAL_CENTRAL_012","Puzhal-Central",47,"Moderate air quality","pm25","OK","Success",7535.2,0
38010,"2026-07-28 09:35:11.869927+00","2026-07-28T09:35:03Z_0001_aqi","PUZHAL_CENTRAL_013","Puzhal-Central",51,"Moderate air quality","pm25","OK","Success",7573.7,0
38011,"2026-07-28 09:35:11.869927+00","2026-07-28T09:35:03Z_0001_aqi","PUZHAL_CENTRAL_014","Puzhal-Central",48,"Moderate air quality","pm25","OK","Success",7581.0,0
38012,"2026-07-28 09:35:11.869927+00","2026-07-28T09:35:03Z_0001_aqi","PUZHAL_CENTRAL_016","Puzhal-Central",50,"Moderate air quality","pm25","OK","Success",7597.5,0
38013,"2026-07-28 09:35:11.869927+00","2026-07-28T09:35:03Z_0001_aqi","PUZHAL_CENTRAL_015","Puzhal-Central",49,"Moderate air quality","pm25","OK","Success",7618.4,0
38014,"2026-07-28 09:35:11.869927+00","2026-07-28T09:35:03Z_0001_aqi","PUZHAL_CENTRAL_017","Puzhal-Central",53,"Moderate air quality","pm25","OK","Success",7620.8,0
38015,"2026-07-28 09:35:11.869927+00","2026-07-28T09:35:03Z_0001_aqi","PUZHAL_CENTRAL_018","Puzhal-Central",49,"Moderate air quality","pm25","OK","Success",7648.7,0
38016,"2026-07-28 09:35:11.869927+00","2026-07-28T09:35:03Z_0001_aqi","PUZHAL_CENTRAL_019","Puzhal-Central",49,"Moderate air quality","pm25","OK","Success",7653.7,0
38017,"2026-07-28 09:35:11.869927+00","2026-07-28T09:35:03Z_0001_aqi","PUZHAL_CENTRAL_020","Puzhal-Central",46,"Moderate air quality","pm25","OK","Success",7653.9,0
38018,"2026-07-28 09:35:11.869927+00","2026-07-28T09:35:03Z_0001_aqi","PUZHAL_CENTRAL_023","Puzhal-Central",52,"Moderate air quality","pm25","OK","Success",7660.9,0
38019,"2026-07-28 09:35:11.869927+00","2026-07-28T09:35:03Z_0001_aqi","PUZHAL_CENTRAL_022","Puzhal-Central",46,"Moderate air quality","pm25","OK","Success",7661.5,0
38020,"2026-07-28 09:35:11.869927+00","2026-07-28T09:35:03Z_0001_aqi","PUZHAL_CENTRAL_021","Puzhal-Central",46,"Moderate air quality","pm25","OK","Success",7666.1,0
38021,"2026-07-28 09:35:11.869927+00","2026-07-28T09:35:03Z_0001_aqi","PUZHAL_CENTRAL_025","Puzhal-Central",57,"Moderate air quality","o3","OK","Success",7671.0,0
38022,"2026-07-28 09:35:11.869927+00","2026-07-28T09:35:03Z_0001_aqi","PUZHAL_CENTRAL_024","Puzhal-Central",52,"Moderate air quality","pm25","OK","Success",7681.7,0
38023,"2026-07-28 09:35:11.869927+00","2026-07-28T09:35:03Z_0001_aqi","PUZHAL_CENTRAL_027","Puzhal-Central",57,"Moderate air quality","o3","OK","Success",7693.5,0
38024,"2026-07-28 09:35:11.869927+00","2026-07-28T09:35:03Z_0001_aqi","PUZHAL_CENTRAL_026","Puzhal-Central",57,"Moderate air quality","o3","OK","Success",7694.3,0
38025,"2026-07-28 09:35:11.869927+00","2026-07-28T09:35:03Z_0001_aqi","PUZHAL_CENTRAL_ATGRADE_001","Puzhal-Central",44,"Moderate air quality","pm25","OK","Success",7721.7,0
38026,"2026-07-28 09:35:11.869927+00","2026-07-28T09:35:03Z_0001_aqi","PUZHAL_CENTRAL_ATGRADE_002","Puzhal-Central",49,"Moderate air quality","pm25","OK","Success",7755.7,0
38027,"2026-07-28 09:35:11.869927+00","2026-07-28T09:35:03Z_0001_aqi","PUZHAL_CENTRAL_ATGRADE_003","Puzhal-Central",49,"Moderate air quality","pm25","OK","Success",7826.3,0
38028,"2026-07-28 09:35:11.869927+00","2026-07-28T09:35:03Z_0001_aqi","PUZHAL_CENTRAL_ATGRADE_004","Puzhal-Central",53,"Moderate air quality","pm25","OK","Success",7856.9,0
38029,"2026-07-28 09:35:11.869927+00","2026-07-28T09:35:03Z_0001_aqi","PUZHAL_CENTRAL_ATGRADE_005","Puzhal-Central",49,"Moderate air quality","pm25","OK","Success",7870.7,0
38030,"2026-07-28 09:35:11.869927+00","2026-07-28T09:35:03Z_0001_aqi","PALLAVARAM_THORAIPAKKAM_001","Thoraipakkam-Pallavaram",42,"Moderate air quality","pm25","OK","Success",7885.0,0
38031,"2026-07-28 09:35:11.869927+00","2026-07-28T09:35:03Z_0001_aqi","PALLAVARAM_THORAIPAKKAM_002","Thoraipakkam-Pallavaram",43,"Moderate air quality","pm25","OK","Success",7905.2,0
38032,"2026-07-28 09:35:11.869927+00","2026-07-28T09:35:03Z_0001_aqi","PALLAVARAM_THORAIPAKKAM_003","Thoraipakkam-Pallavaram",38,"Low air quality","pm25","OK","Success",7905.0,0
38033,"2026-07-28 09:35:11.869927+00","2026-07-28T09:35:03Z_0001_aqi","PALLAVARAM_THORAIPAKKAM_004","Thoraipakkam-Pallavaram",36,"Low air quality","pm25","OK","Success",7938.0,0
38034,"2026-07-28 09:35:11.869927+00","2026-07-28T09:35:03Z_0001_aqi","PALLAVARAM_THORAIPAKKAM_006","Thoraipakkam-Pallavaram",35,"Low air quality","pm25","OK","Success",7939.4,0
38035,"2026-07-28 09:35:11.869927+00","2026-07-28T09:35:03Z_0001_aqi","PALLAVARAM_THORAIPAKKAM_007","Thoraipakkam-Pallavaram",36,"Low air quality","pm25","OK","Success",7947.3,0
38036,"2026-07-28 09:35:11.869927+00","2026-07-28T09:35:03Z_0001_aqi","PALLAVARAM_THORAIPAKKAM_005","Thoraipakkam-Pallavaram",35,"Low air quality","pm25","OK","Success",7948.5,0
38037,"2026-07-28 09:35:11.869927+00","2026-07-28T09:35:03Z_0001_aqi","PALLAVARAM_THORAIPAKKAM_008","Thoraipakkam-Pallavaram",44,"Moderate air quality","pm25","OK","Success",7958.4,0
38038,"2026-07-28 09:35:11.869927+00","2026-07-28T09:35:03Z_0001_aqi","PALLAVARAM_THORAIPAKKAM_009","Thoraipakkam-Pallavaram",52,"Moderate air quality","pm25","OK","Success",7966.4,0
38039,"2026-07-28 09:35:11.869927+00","2026-07-28T09:35:03Z_0001_aqi","PALLAVARAM_THORAIPAKKAM_010","Thoraipakkam-Pallavaram",52,"Moderate air quality","pm25","OK","Success",7970.4,0
38040,"2026-07-28 09:35:11.869927+00","2026-07-28T09:35:03Z_0001_aqi","PALLAVARAM_THORAIPAKKAM_AT_GRADE_001","Thoraipakkam-Pallavaram",36,"Low air quality","pm25","OK","Success",7982.3,0
38041,"2026-07-28 09:35:11.869927+00","2026-07-28T09:35:03Z_0001_aqi","THORAIPAKKAM_PALLAVARM_001","Thoraipakkam-Pallavaram",52,"Moderate air quality","pm25","OK","Success",7994.5,0
38042,"2026-07-28 09:35:11.869927+00","2026-07-28T09:35:03Z_0001_aqi","PALLAVARAM_THORAIPAKKAM_AT_GRADE_002","Thoraipakkam-Pallavaram",35,"Low air quality","pm25","OK","Success",7998.0,0
38043,"2026-07-28 09:35:11.869927+00","2026-07-28T09:35:03Z_0001_aqi","THORAIPAKKAM_PALLAVARM_002","Thoraipakkam-Pallavaram",52,"Moderate air quality","pm25","OK","Success",8008.1,0
38044,"2026-07-28 09:35:11.869927+00","2026-07-28T09:35:03Z_0001_aqi","THORAIPAKKAM_PALLAVARM_003","Thoraipakkam-Pallavaram",44,"Moderate air quality","pm25","OK","Success",8053.2,0
38045,"2026-07-28 09:35:11.869927+00","2026-07-28T09:35:03Z_0001_aqi","THORAIPAKKAM_PALLAVARM_004","Thoraipakkam-Pallavaram",36,"Low air quality","pm25","OK","Success",8110.5,0
38046,"2026-07-28 09:35:11.869927+00","2026-07-28T09:35:03Z_0001_aqi","THORAIPAKKAM_PALLAVARM_005","Thoraipakkam-Pallavaram",35,"Low air quality","pm25","OK","Success",8139.5,0
38047,"2026-07-28 09:35:11.869927+00","2026-07-28T09:35:03Z_0001_aqi","THORAIPAKKAM_PALLAVARM_007","Thoraipakkam-Pallavaram",36,"Low air quality","pm25","OK","Success",8171.8,0
38048,"2026-07-28 09:35:11.869927+00","2026-07-28T09:35:03Z_0001_aqi","THORAIPAKKAM_PALLAVARM_006","Thoraipakkam-Pallavaram",35,"Low air quality","pm25","OK","Success",8175.5,0
38049,"2026-07-28 09:35:11.869927+00","2026-07-28T09:35:03Z_0001_aqi","THORAIPAKKAM_PALLAVARM_009","Thoraipakkam-Pallavaram",43,"Moderate air quality","pm25","OK","Success",8193.4,0
38050,"2026-07-28 09:35:11.869927+00","2026-07-28T09:35:03Z_0001_aqi","THORAIPAKKAM_PALLAVARM_008","Thoraipakkam-Pallavaram",38,"Low air quality","pm25","OK","Success",8205.9,0
38051,"2026-07-28 09:35:11.869927+00","2026-07-28T09:35:03Z_0001_aqi","THORAIPAKKAM_PALLAVARM_AT_GRADE_001","Thoraipakkam-Pallavaram",36,"Low air quality","pm25","OK","Success",8230.3,0
38052,"2026-07-28 09:35:11.869927+00","2026-07-28T09:35:03Z_0001_aqi","THORAIPAKKAM_PALLAVARM_010","Thoraipakkam-Pallavaram",42,"Moderate air quality","pm25","OK","Success",8229.6,0
38053,"2026-07-28 09:35:11.869927+00","2026-07-28T09:35:03Z_0001_aqi","THORAIPAKKAM_PALLAVARM_AT_GRADE_002","Thoraipakkam-Pallavaram",35,"Low air quality","pm25","OK","Success",8238.2,0
38054,"2026-07-28 09:35:11.869927+00","2026-07-28T09:35:03Z_0001_aqi","PUZHAL_CENTRAL_010","Puzhal-Central",49,"Moderate air quality","pm25","OK","Success",8437.6,0
38055,"2026-07-28 09:35:11.869927+00","2026-07-28T09:35:03Z_0001_aqi","PUZHAL_CENTRAL_011","Puzhal-Central",47,"Moderate air quality","pm25","OK","Success",8545.7,0
38056,"2026-07-28 12:35:12.163374+00","2026-07-28T12:35:03Z_0001_aqi","KILAMBAKKAM_LITTLEMOUNT(AT_GRADE_BELOWFLYOVER)_003","Corridor_Littlemount_Kilambakkam",54,"Moderate air quality","pm25","OK","Success",1655.1,0
38057,"2026-07-28 12:35:12.163374+00","2026-07-28T12:35:03Z_0001_aqi","KILAMBAKKAM_LITTLEMOUNT_004","Corridor_Littlemount_Kilambakkam",56,"Moderate air quality","pm25","OK","Success",1664.0,0
38058,"2026-07-28 12:35:12.163374+00","2026-07-28T12:35:03Z_0001_aqi","KILAMBAKKAM_LITTLEMOUNT_003","Corridor_Littlemount_Kilambakkam",56,"Moderate air quality","pm25","OK","Success",1665.5,0
38059,"2026-07-28 12:35:12.163374+00","2026-07-28T12:35:03Z_0001_aqi","KILAMBAKKAM_LITTLEMOUNT(AT_GRADE_BELOWFLYOVER)_009","Corridor_Littlemount_Kilambakkam",56,"Moderate air quality","pm25","OK","Success",1669.2,0
38060,"2026-07-28 12:35:12.163374+00","2026-07-28T12:35:03Z_0001_aqi","KILAMBAKKAM_LITTLEMOUNT_008","Corridor_Littlemount_Kilambakkam",54,"Moderate air quality","pm25","OK","Success",1669.1,0
38061,"2026-07-28 12:35:12.163374+00","2026-07-28T12:35:03Z_0001_aqi","KILAMBAKKAM_LITTLEMOUNT(AT_GRADE_BELOWFLYOVER)_005","Corridor_Littlemount_Kilambakkam",54,"Moderate air quality","pm25","OK","Success",1680.0,0
38062,"2026-07-28 12:35:12.163374+00","2026-07-28T12:35:03Z_0001_aqi","KILAMBAKKAM_LITTLEMOUNT(AT_GRADE_BELOWFLYOVER)_008","Corridor_Littlemount_Kilambakkam",57,"Moderate air quality","pm25","OK","Success",1680.1,0
38063,"2026-07-28 12:35:12.163374+00","2026-07-28T12:35:03Z_0001_aqi","KILAMBAKKAM_LITTLEMOUNT(AT_GRADE_BELOWFLYOVER)_002","Corridor_Littlemount_Kilambakkam",54,"Moderate air quality","pm25","OK","Success",1681.8,0
38064,"2026-07-28 12:35:12.163374+00","2026-07-28T12:35:03Z_0001_aqi","KILAMBAKKAM_LITTLEMOUNT_006","Corridor_Littlemount_Kilambakkam",55,"Moderate air quality","pm25","OK","Success",1683.7,0
38065,"2026-07-28 12:35:12.163374+00","2026-07-28T12:35:03Z_0001_aqi","KILAMBAKKAM_LITTLEMOUNT_011","Corridor_Littlemount_Kilambakkam",54,"Moderate air quality","pm25","OK","Success",1683.9,0
38066,"2026-07-28 12:35:12.163374+00","2026-07-28T12:35:03Z_0001_aqi","KILAMBAKKAM_LITTLEMOUNT(AT_GRADE_BELOWFLYOVER)_004","Corridor_Littlemount_Kilambakkam",54,"Moderate air quality","pm25","OK","Success",1687.8,0
38067,"2026-07-28 12:35:12.163374+00","2026-07-28T12:35:03Z_0001_aqi","KILAMBAKKAM_LITTLEMOUNT_002","Corridor_Littlemount_Kilambakkam",56,"Moderate air quality","pm25","OK","Success",1692.6,0
38068,"2026-07-28 12:35:12.163374+00","2026-07-28T12:35:03Z_0001_aqi","KILAMBAKKAM_LITTLEMOUNT(AT_GRADE_BELOWFLYOVER)_006","Corridor_Littlemount_Kilambakkam",54,"Moderate air quality","pm25","OK","Success",1704.0,0
38069,"2026-07-28 12:35:12.163374+00","2026-07-28T12:35:03Z_0001_aqi","KILAMBAKKAM_LITTLEMOUNT_009","Corridor_Littlemount_Kilambakkam",54,"Moderate air quality","pm25","OK","Success",1711.9,0
38070,"2026-07-28 12:35:12.163374+00","2026-07-28T12:35:03Z_0001_aqi","KILAMBAKKAM_LITTLEMOUNT(AT_GRADE_BELOWFLYOVER)_007","Corridor_Littlemount_Kilambakkam",54,"Moderate air quality","pm25","OK","Success",1747.8,0
38071,"2026-07-28 12:35:12.163374+00","2026-07-28T12:35:03Z_0001_aqi","KILAMBAKKAM_LITTLEMOUNT_007","Corridor_Littlemount_Kilambakkam",55,"Moderate air quality","pm25","OK","Success",1762.2,0
38072,"2026-07-28 12:35:12.163374+00","2026-07-28T12:35:03Z_0001_aqi","KILAMBAKKAM_LITTLEMOUNT_001","Corridor_Littlemount_Kilambakkam",56,"Moderate air quality","pm25","OK","Success",1763.4,0
38073,"2026-07-28 12:35:12.163374+00","2026-07-28T12:35:03Z_0001_aqi","KILAMBAKKAM_LITTLEMOUNT(AT_GRADE_BELOWFLYOVER)_001","Corridor_Littlemount_Kilambakkam",54,"Moderate air quality","pm25","OK","Success",1764.6,0
38074,"2026-07-28 12:35:12.163374+00","2026-07-28T12:35:03Z_0001_aqi","KILAMBAKKAM_LITTLEMOUNT_005","Corridor_Littlemount_Kilambakkam",55,"Moderate air quality","pm25","OK","Success",1762.9,0
38075,"2026-07-28 12:35:12.163374+00","2026-07-28T12:35:03Z_0001_aqi","KILAMBAKKAM_LITTLEMOUNT_010","Corridor_Littlemount_Kilambakkam",54,"Moderate air quality","pm25","OK","Success",1825.7,0
38076,"2026-07-28 12:35:12.163374+00","2026-07-28T12:35:03Z_0001_aqi","KILAMBAKKAM_LITTLEMOUNT_013","Corridor_Littlemount_Kilambakkam",54,"Moderate air quality","pm25","OK","Success",1944.7,0
38077,"2026-07-28 12:35:12.163374+00","2026-07-28T12:35:03Z_0001_aqi","KILAMBAKKAM_LITTLEMOUNT_015","Corridor_Littlemount_Kilambakkam",54,"Moderate air quality","pm25","OK","Success",1948.3,0
38078,"2026-07-28 12:35:12.163374+00","2026-07-28T12:35:03Z_0001_aqi","KILAMBAKKAM_LITTLEMOUNT_016","Corridor_Littlemount_Kilambakkam",54,"Moderate air quality","pm25","OK","Success",1955.6,0
38079,"2026-07-28 12:35:12.163374+00","2026-07-28T12:35:03Z_0001_aqi","KILAMBAKKAM_LITTLEMOUNT_017","Corridor_Littlemount_Kilambakkam",54,"Moderate air quality","pm25","OK","Success",1959.4,0
38080,"2026-07-28 12:35:12.163374+00","2026-07-28T12:35:03Z_0001_aqi","KILAMBAKKAM_LITTLEMOUNT_020","Corridor_Littlemount_Kilambakkam",54,"Moderate air quality","pm25","OK","Success",1961.5,0
38081,"2026-07-28 12:35:12.163374+00","2026-07-28T12:35:03Z_0001_aqi","KILAMBAKKAM_LITTLEMOUNT_021","Corridor_Littlemount_Kilambakkam",53,"Moderate air quality","pm25","OK","Success",1962.1,0
38082,"2026-07-28 12:35:12.163374+00","2026-07-28T12:35:03Z_0001_aqi","KILAMBAKKAM_LITTLEMOUNT_018","Corridor_Littlemount_Kilambakkam",54,"Moderate air quality","pm25","OK","Success",1962.6,0
38083,"2026-07-28 12:35:12.163374+00","2026-07-28T12:35:03Z_0001_aqi","KILAMBAKKAM_LITTLEMOUNT_019","Corridor_Littlemount_Kilambakkam",54,"Moderate air quality","pm25","OK","Success",1963.9,0
38084,"2026-07-28 12:35:12.163374+00","2026-07-28T12:35:03Z_0001_aqi","KILAMBAKKAM_LITTLEMOUNT_022","Corridor_Littlemount_Kilambakkam",52,"Moderate air quality","pm25","OK","Success",1974.2,0
38085,"2026-07-28 12:35:12.163374+00","2026-07-28T12:35:03Z_0001_aqi","KILAMBAKKAM_LITTLEMOUNT_014","Corridor_Littlemount_Kilambakkam",54,"Moderate air quality","pm25","OK","Success",1981.3,0
38086,"2026-07-28 12:35:12.163374+00","2026-07-28T12:35:03Z_0001_aqi","KILAMBAKKAM_LITTLEMOUNT_023","Corridor_Littlemount_Kilambakkam",51,"Moderate air quality","pm25","OK","Success",1988.6,0
38087,"2026-07-28 12:35:12.163374+00","2026-07-28T12:35:03Z_0001_aqi","KILAMBAKKAM_LITTLEMOUNT_025","Corridor_Littlemount_Kilambakkam",50,"Moderate air quality","pm25","OK","Success",1993.2,0
38088,"2026-07-28 12:35:12.163374+00","2026-07-28T12:35:03Z_0001_aqi","KILAMBAKKAM_LITTLEMOUNT_024","Corridor_Littlemount_Kilambakkam",50,"Moderate air quality","pm25","OK","Success",1993.8,0
38089,"2026-07-28 12:35:12.163374+00","2026-07-28T12:35:03Z_0001_aqi","LITTLEMOUNT_KILAMBAKKAM(AT_GRADE_BELOWFLYOVER)_001","Corridor_Littlemount_Kilambakkam",54,"Moderate air quality","pm25","OK","Success",2076.1,0
38090,"2026-07-28 12:35:12.163374+00","2026-07-28T12:35:03Z_0001_aqi","KILAMBAKKAM_LITTLEMOUNT_029","Corridor_Littlemount_Kilambakkam",48,"Moderate air quality","pm25","OK","Success",2082.6,0
38091,"2026-07-28 12:35:12.163374+00","2026-07-28T12:35:03Z_0001_aqi","KILAMBAKKAM_LITTLEMOUNT_027","Corridor_Littlemount_Kilambakkam",48,"Moderate air quality","pm25","OK","Success",2085.8,0
38092,"2026-07-28 12:35:12.163374+00","2026-07-28T12:35:03Z_0001_aqi","KILAMBAKKAM_LITTLEMOUNT_028","Corridor_Littlemount_Kilambakkam",48,"Moderate air quality","pm25","OK","Success",2095.4,0
38093,"2026-07-28 12:35:12.163374+00","2026-07-28T12:35:03Z_0001_aqi","KILAMBAKKAM_LITTLEMOUNT_026","Corridor_Littlemount_Kilambakkam",49,"Moderate air quality","pm25","OK","Success",2096.1,0
38094,"2026-07-28 12:35:12.163374+00","2026-07-28T12:35:03Z_0001_aqi","LITTLEMOUNT_KILAMBAKKAM(AT_GRADE_BELOWFLYOVER)_002","Corridor_Littlemount_Kilambakkam",54,"Moderate air quality","pm25","OK","Success",2131.1,0
38095,"2026-07-28 12:35:12.163374+00","2026-07-28T12:35:03Z_0001_aqi","KILAMBAKKAM_LITTLEMOUNT_012","Corridor_Littlemount_Kilambakkam",54,"Moderate air quality","pm25","OK","Success",3253.3,0
38096,"2026-07-28 12:35:12.163374+00","2026-07-28T12:35:03Z_0001_aqi","LITTLEMOUNT_KILAMBAKKAM(AT_GRADE_BELOWFLYOVER)_004","Corridor_Littlemount_Kilambakkam",54,"Moderate air quality","pm25","OK","Success",3267.0,0
38097,"2026-07-28 12:35:12.163374+00","2026-07-28T12:35:03Z_0001_aqi","LITTLEMOUNT_KILAMBAKKAM_004","Corridor_Littlemount_Kilambakkam",48,"Moderate air quality","pm25","OK","Success",3273.8,0
38098,"2026-07-28 12:35:12.163374+00","2026-07-28T12:35:03Z_0001_aqi","LITTLEMOUNT_KILAMBAKKAM_003","Corridor_Littlemount_Kilambakkam",48,"Moderate air quality","pm25","OK","Success",3276.6,0
38099,"2026-07-28 12:35:12.163374+00","2026-07-28T12:35:03Z_0001_aqi","LITTLEMOUNT_KILAMBAKKAM(AT_GRADE_BELOWFLYOVER)_005","Corridor_Littlemount_Kilambakkam",57,"Moderate air quality","pm25","OK","Success",3277.4,0
38100,"2026-07-28 12:35:12.163374+00","2026-07-28T12:35:03Z_0001_aqi","LITTLEMOUNT_KILAMBAKKAM_002","Corridor_Littlemount_Kilambakkam",48,"Moderate air quality","pm25","OK","Success",3283.0,0
38101,"2026-07-28 12:35:12.163374+00","2026-07-28T12:35:03Z_0001_aqi","LITTLEMOUNT_KILAMBAKKAM(AT_GRADE_BELOWFLYOVER)_006","Corridor_Littlemount_Kilambakkam",56,"Moderate air quality","pm25","OK","Success",3284.6,0
38102,"2026-07-28 12:35:12.163374+00","2026-07-28T12:35:03Z_0001_aqi","LITTLEMOUNT_KILAMBAKKAM(AT_GRADE_BELOWFLYOVER)_003","Corridor_Littlemount_Kilambakkam",54,"Moderate air quality","pm25","OK","Success",3285.3,0
38103,"2026-07-28 12:35:12.163374+00","2026-07-28T12:35:03Z_0001_aqi","LITTLEMOUNT_KILAMBAKKAM_006","Corridor_Littlemount_Kilambakkam",48,"Moderate air quality","pm25","OK","Success",3285.8,0
38104,"2026-07-28 12:35:12.163374+00","2026-07-28T12:35:03Z_0001_aqi","LITTLEMOUNT_KILAMBAKKAM_001","Corridor_Littlemount_Kilambakkam",48,"Moderate air quality","pm25","OK","Success",3289.1,0
38105,"2026-07-28 12:35:12.163374+00","2026-07-28T12:35:03Z_0001_aqi","LITTLEMOUNT_KILAMBAKKAM_009","Corridor_Littlemount_Kilambakkam",50,"Moderate air quality","pm25","OK","Success",3298.0,0
38106,"2026-07-28 12:35:12.163374+00","2026-07-28T12:35:03Z_0001_aqi","LITTLEMOUNT_KILAMBAKKAM_007","Corridor_Littlemount_Kilambakkam",49,"Moderate air quality","pm25","OK","Success",3298.7,0
38107,"2026-07-28 12:35:12.163374+00","2026-07-28T12:35:03Z_0001_aqi","LITTLEMOUNT_KILAMBAKKAM_005","Corridor_Littlemount_Kilambakkam",48,"Moderate air quality","pm25","OK","Success",3301.8,0
38108,"2026-07-28 12:35:12.163374+00","2026-07-28T12:35:03Z_0001_aqi","LITTLEMOUNT_KILAMBAKKAM_008","Corridor_Littlemount_Kilambakkam",50,"Moderate air quality","pm25","OK","Success",3316.5,0
38109,"2026-07-28 12:35:12.163374+00","2026-07-28T12:35:03Z_0001_aqi","LITTLEMOUNT_KILAMBAKKAM_011","Corridor_Littlemount_Kilambakkam",52,"Moderate air quality","pm25","OK","Success",3388.3,0
38110,"2026-07-28 12:35:12.163374+00","2026-07-28T12:35:03Z_0001_aqi","LITTLEMOUNT_KILAMBAKKAM_010","Corridor_Littlemount_Kilambakkam",51,"Moderate air quality","pm25","OK","Success",3411.0,0
38111,"2026-07-28 12:35:12.163374+00","2026-07-28T12:35:03Z_0001_aqi","LITTLEMOUNT_KILAMBAKKAM_014","Corridor_Littlemount_Kilambakkam",54,"Moderate air quality","pm25","OK","Success",3426.0,0
38112,"2026-07-28 12:35:12.163374+00","2026-07-28T12:35:03Z_0001_aqi","LITTLEMOUNT_KILAMBAKKAM_012","Corridor_Littlemount_Kilambakkam",53,"Moderate air quality","pm25","OK","Success",3441.0,0
38113,"2026-07-28 12:35:12.163374+00","2026-07-28T12:35:03Z_0001_aqi","LITTLEMOUNT_KILAMBAKKAM_013","Corridor_Littlemount_Kilambakkam",54,"Moderate air quality","pm25","OK","Success",3448.4,0
38114,"2026-07-28 12:35:12.163374+00","2026-07-28T12:35:03Z_0001_aqi","LITTLEMOUNT_KILAMBAKKAM_015","Corridor_Littlemount_Kilambakkam",54,"Moderate air quality","pm25","OK","Success",3449.6,0
38115,"2026-07-28 12:35:12.163374+00","2026-07-28T12:35:03Z_0001_aqi","LITTLEMOUNT_KILAMBAKKAM_016","Corridor_Littlemount_Kilambakkam",54,"Moderate air quality","pm25","OK","Success",3549.7,0
38116,"2026-07-28 12:35:12.163374+00","2026-07-28T12:35:03Z_0001_aqi","LITTLEMOUNT_KILAMBAKKAM_017","Corridor_Littlemount_Kilambakkam",54,"Moderate air quality","pm25","OK","Success",3555.4,0
38117,"2026-07-28 12:35:12.163374+00","2026-07-28T12:35:03Z_0001_aqi","LITTLEMOUNT_KILAMBAKKAM_020","Corridor_Littlemount_Kilambakkam",54,"Moderate air quality","pm25","OK","Success",3556.2,0
38118,"2026-07-28 12:35:12.163374+00","2026-07-28T12:35:03Z_0001_aqi","LITTLEMOUNT_KILAMBAKKAM_021","Corridor_Littlemount_Kilambakkam",54,"Moderate air quality","pm25","OK","Success",3567.4,0
38119,"2026-07-28 12:35:12.163374+00","2026-07-28T12:35:03Z_0001_aqi","LITTLEMOUNT_KILAMBAKKAM_018","Corridor_Littlemount_Kilambakkam",54,"Moderate air quality","pm25","OK","Success",3570.3,0
38120,"2026-07-28 12:35:12.163374+00","2026-07-28T12:35:03Z_0001_aqi","LITTLEMOUNT_KILAMBAKKAM_025","Corridor_Littlemount_Kilambakkam",54,"Moderate air quality","pm25","OK","Success",3579.7,0
38121,"2026-07-28 12:35:12.163374+00","2026-07-28T12:35:03Z_0001_aqi","LITTLEMOUNT_KILAMBAKKAM_024","Corridor_Littlemount_Kilambakkam",54,"Moderate air quality","pm25","OK","Success",3580.8,0
38122,"2026-07-28 12:35:12.163374+00","2026-07-28T12:35:03Z_0001_aqi","LITTLEMOUNT_KILAMBAKKAM_023","Corridor_Littlemount_Kilambakkam",54,"Moderate air quality","pm25","OK","Success",3594.5,0
38123,"2026-07-28 12:35:12.163374+00","2026-07-28T12:35:03Z_0001_aqi","LITTLEMOUNT_KILAMBAKKAM_029","Corridor_Littlemount_Kilambakkam",56,"Moderate air quality","pm25","OK","Success",3596.0,0
38124,"2026-07-28 12:35:12.163374+00","2026-07-28T12:35:03Z_0001_aqi","LITTLEMOUNT_KILAMBAKKAM_022","Corridor_Littlemount_Kilambakkam",54,"Moderate air quality","pm25","OK","Success",3597.5,0
38125,"2026-07-28 12:35:12.163374+00","2026-07-28T12:35:03Z_0001_aqi","LITTLEMOUNT_KILAMBAKKAM_028","Corridor_Littlemount_Kilambakkam",55,"Moderate air quality","pm25","OK","Success",3598.1,0
38126,"2026-07-28 12:35:12.163374+00","2026-07-28T12:35:03Z_0001_aqi","LITTLEMOUNT_KILAMBAKKAM_027","Corridor_Littlemount_Kilambakkam",55,"Moderate air quality","pm25","OK","Success",3630.9,0
38127,"2026-07-28 12:35:12.163374+00","2026-07-28T12:35:03Z_0001_aqi","LITTLEMOUNT_KILAMBAKKAM_026","Corridor_Littlemount_Kilambakkam",55,"Moderate air quality","pm25","OK","Success",3631.7,0
38128,"2026-07-28 12:35:12.163374+00","2026-07-28T12:35:03Z_0001_aqi","BROADWAY_KOYEMBEDU_001","EVR Salai",61,"Good air quality","o3","OK","Success",3726.1,0
38129,"2026-07-28 12:35:12.163374+00","2026-07-28T12:35:03Z_0001_aqi","LITTLEMOUNT_KILAMBAKKAM_032","Corridor_Littlemount_Kilambakkam",56,"Moderate air quality","pm25","OK","Success",3726.7,0
38130,"2026-07-28 12:35:12.163374+00","2026-07-28T12:35:03Z_0001_aqi","LITTLEMOUNT_KILAMBAKKAM_030","Corridor_Littlemount_Kilambakkam",56,"Moderate air quality","pm25","OK","Success",3761.7,0
38131,"2026-07-28 12:35:12.163374+00","2026-07-28T12:35:03Z_0001_aqi","LITTLEMOUNT_KILAMBAKKAM_031","Corridor_Littlemount_Kilambakkam",56,"Moderate air quality","pm25","OK","Success",3760.6,0
38132,"2026-07-28 12:35:12.163374+00","2026-07-28T12:35:03Z_0001_aqi","BROADWAY_KOYEMBEDU_002","EVR Salai",61,"Good air quality","o3","OK","Success",3774.9,0
38133,"2026-07-28 12:35:12.163374+00","2026-07-28T12:35:03Z_0001_aqi","BROADWAY_KOYEMBEDU_003","EVR Salai",61,"Good air quality","o3","OK","Success",3810.6,0
38134,"2026-07-28 12:35:12.163374+00","2026-07-28T12:35:03Z_0001_aqi","BROADWAY_KOYEMBEDU_004","EVR Salai",61,"Good air quality","o3","OK","Success",4858.4,0
38135,"2026-07-28 12:35:12.163374+00","2026-07-28T12:35:03Z_0001_aqi","BROADWAY_KOYEMBEDU_005","EVR Salai",61,"Good air quality","o3","OK","Success",4861.9,0
38136,"2026-07-28 12:35:12.163374+00","2026-07-28T12:35:03Z_0001_aqi","LITTLEMOUNT_KILAMBAKKAM_019","Corridor_Littlemount_Kilambakkam",54,"Moderate air quality","pm25","OK","Success",4872.9,0
38137,"2026-07-28 12:35:12.163374+00","2026-07-28T12:35:03Z_0001_aqi","BROADWAY_KOYEMBEDU_006","EVR Salai",62,"Good air quality","o3","OK","Success",4877.3,0
38138,"2026-07-28 12:35:12.163374+00","2026-07-28T12:35:03Z_0001_aqi","BROADWAY_KOYEMBEDU_008","EVR Salai",62,"Good air quality","o3","OK","Success",4877.9,0
38139,"2026-07-28 12:35:12.163374+00","2026-07-28T12:35:03Z_0001_aqi","BROADWAY_KOYEMBEDU_013","EVR Salai",56,"Moderate air quality","pm25","OK","Success",4886.9,0
38140,"2026-07-28 12:35:12.163374+00","2026-07-28T12:35:03Z_0001_aqi","BROADWAY_KOYEMBEDU_011","EVR Salai",58,"Moderate air quality","pm25","OK","Success",4892.4,0
38141,"2026-07-28 12:35:12.163374+00","2026-07-28T12:35:03Z_0001_aqi","BROADWAY_KOYEMBEDU_010","EVR Salai",60,"Good air quality","pm25","OK","Success",4893.4,0
38142,"2026-07-28 12:35:12.163374+00","2026-07-28T12:35:03Z_0001_aqi","BROADWAY_KOYEMBEDU_015","EVR Salai",53,"Moderate air quality","pm25","OK","Success",4901.4,0
38143,"2026-07-28 12:35:12.163374+00","2026-07-28T12:35:03Z_0001_aqi","BROADWAY_KOYEMBEDU_014","EVR Salai",55,"Moderate air quality","pm25","OK","Success",4902.1,0
38144,"2026-07-28 12:35:12.163374+00","2026-07-28T12:35:03Z_0001_aqi","BROADWAY_KOYEMBEDU_016","EVR Salai",52,"Moderate air quality","pm25","OK","Success",4910.9,0
38145,"2026-07-28 12:35:12.163374+00","2026-07-28T12:35:03Z_0001_aqi","BROADWAY_KOYEMBEDU_007","EVR Salai",62,"Good air quality","o3","OK","Success",4914.0,0
38146,"2026-07-28 12:35:12.163374+00","2026-07-28T12:35:03Z_0001_aqi","BROADWAY_KOYEMBEDU_012","EVR Salai",58,"Moderate air quality","pm25","OK","Success",4919.8,0
38147,"2026-07-28 12:35:12.163374+00","2026-07-28T12:35:03Z_0001_aqi","BROADWAY_KOYEMBEDU_009","EVR Salai",60,"Good air quality","pm25","OK","Success",4932.7,0
38148,"2026-07-28 12:35:12.163374+00","2026-07-28T12:35:03Z_0001_aqi","BROADWAY_KOYEMBEDU_020","EVR Salai",50,"Moderate air quality","pm25","OK","Success",5046.6,0
38149,"2026-07-28 12:35:12.163374+00","2026-07-28T12:35:03Z_0001_aqi","BROADWAY_KOYEMBEDU_017","EVR Salai",52,"Moderate air quality","pm25","OK","Success",5066.1,0
38150,"2026-07-28 12:35:12.163374+00","2026-07-28T12:35:03Z_0001_aqi","BROADWAY_KOYEMBEDU_018","EVR Salai",52,"Moderate air quality","pm25","OK","Success",5074.2,0
38151,"2026-07-28 12:35:12.163374+00","2026-07-28T12:35:03Z_0001_aqi","BROADWAY_KOYEMBEDU_019","EVR Salai",50,"Moderate air quality","pm25","OK","Success",5088.2,0
38152,"2026-07-28 12:35:12.163374+00","2026-07-28T12:35:03Z_0001_aqi","BROADWAY_KOYEMBEDU_022","EVR Salai",50,"Moderate air quality","pm25","OK","Success",5099.4,0
38153,"2026-07-28 12:35:12.163374+00","2026-07-28T12:35:03Z_0001_aqi","BROADWAY_KOYEMBEDU_021","EVR Salai",50,"Moderate air quality","pm25","OK","Success",5129.4,0
38154,"2026-07-28 12:35:12.163374+00","2026-07-28T12:35:03Z_0001_aqi","BROADWAY_KOYEMBEDU_025","EVR Salai",46,"Moderate air quality","pm25","OK","Success",5147.4,0
38155,"2026-07-28 12:35:12.163374+00","2026-07-28T12:35:03Z_0001_aqi","BROADWAY_KOYEMBEDU_023","EVR Salai",49,"Moderate air quality","pm25","OK","Success",5148.1,0
38156,"2026-07-28 12:35:12.163374+00","2026-07-28T12:35:03Z_0001_aqi","BROADWAY_KOYEMBEDU_026","EVR Salai",47,"Moderate air quality","pm25","OK","Success",5155.9,0
38157,"2026-07-28 12:35:12.163374+00","2026-07-28T12:35:03Z_0001_aqi","KOYEMBEDU_BROADWAY_001","EVR Salai",47,"Moderate air quality","pm25","OK","Success",5183.0,0
38158,"2026-07-28 12:35:12.163374+00","2026-07-28T12:35:03Z_0001_aqi","KOYEMBEDU_BROADWAY_004","EVR Salai",49,"Moderate air quality","pm25","OK","Success",5185.1,0
38159,"2026-07-28 12:35:12.163374+00","2026-07-28T12:35:03Z_0001_aqi","KOYEMBEDU_BROADWAY_003","EVR Salai",48,"Moderate air quality","pm25","OK","Success",5194.8,0
38160,"2026-07-28 12:35:12.163374+00","2026-07-28T12:35:03Z_0001_aqi","BROADWAY_KOYEMBEDU_024","EVR Salai",48,"Moderate air quality","pm25","OK","Success",5199.5,0
38161,"2026-07-28 12:35:12.163374+00","2026-07-28T12:35:03Z_0001_aqi","KOYEMBEDU_BROADWAY_008","EVR Salai",50,"Moderate air quality","pm25","OK","Success",5200.1,0
38162,"2026-07-28 12:35:12.163374+00","2026-07-28T12:35:03Z_0001_aqi","KOYEMBEDU_BROADWAY_009","EVR Salai",52,"Moderate air quality","pm25","OK","Success",5201.5,0
38163,"2026-07-28 12:35:12.163374+00","2026-07-28T12:35:03Z_0001_aqi","KOYEMBEDU_BROADWAY_010","EVR Salai",52,"Moderate air quality","pm25","OK","Success",5214.8,0
38164,"2026-07-28 12:35:12.163374+00","2026-07-28T12:35:03Z_0001_aqi","KOYEMBEDU_BROADWAY_007","EVR Salai",50,"Moderate air quality","pm25","OK","Success",5233.6,0
38165,"2026-07-28 12:35:12.163374+00","2026-07-28T12:35:03Z_0001_aqi","KOYEMBEDU_BROADWAY_005","EVR Salai",50,"Moderate air quality","pm25","OK","Success",5239.8,0
38166,"2026-07-28 12:35:12.163374+00","2026-07-28T12:35:03Z_0001_aqi","KOYEMBEDU_BROADWAY_013","EVR Salai",55,"Moderate air quality","pm25","OK","Success",5363.9,0
38167,"2026-07-28 12:35:12.163374+00","2026-07-28T12:35:03Z_0001_aqi","KOYEMBEDU_BROADWAY_014","EVR Salai",56,"Moderate air quality","pm25","OK","Success",5371.7,0
38168,"2026-07-28 12:35:12.163374+00","2026-07-28T12:35:03Z_0001_aqi","KOYEMBEDU_BROADWAY_012","EVR Salai",53,"Moderate air quality","pm25","OK","Success",5428.6,0
38169,"2026-07-28 12:35:12.163374+00","2026-07-28T12:35:03Z_0001_aqi","KOYEMBEDU_BROADWAY_018","EVR Salai",60,"Good air quality","pm25","OK","Success",5430.8,0
38170,"2026-07-28 12:35:12.163374+00","2026-07-28T12:35:03Z_0001_aqi","KOYEMBEDU_BROADWAY_017","EVR Salai",60,"Good air quality","pm25","OK","Success",5431.6,0
38171,"2026-07-28 12:35:12.163374+00","2026-07-28T12:35:03Z_0001_aqi","KOYEMBEDU_BROADWAY_019","EVR Salai",62,"Good air quality","o3","OK","Success",5436.0,0
38172,"2026-07-28 12:35:12.163374+00","2026-07-28T12:35:03Z_0001_aqi","KOYEMBEDU_BROADWAY_011","EVR Salai",52,"Moderate air quality","pm25","OK","Success",5443.0,0
38173,"2026-07-28 12:35:12.163374+00","2026-07-28T12:35:03Z_0001_aqi","KOYEMBEDU_BROADWAY_015","EVR Salai",58,"Moderate air quality","pm25","OK","Success",5457.8,0
38174,"2026-07-28 12:35:12.163374+00","2026-07-28T12:35:03Z_0001_aqi","KOYEMBEDU_BROADWAY_016","EVR Salai",58,"Moderate air quality","pm25","OK","Success",5458.5,0
38175,"2026-07-28 12:35:12.163374+00","2026-07-28T12:35:03Z_0001_aqi","KOYEMBEDU_BROADWAY_021","EVR Salai",62,"Good air quality","o3","OK","Success",5460.6,0
38176,"2026-07-28 12:35:12.163374+00","2026-07-28T12:35:03Z_0001_aqi","KOYEMBEDU_BROADWAY_020","EVR Salai",62,"Good air quality","o3","OK","Success",5465.7,0
38177,"2026-07-28 12:35:12.163374+00","2026-07-28T12:35:03Z_0001_aqi","KOYEMBEDU_BROADWAY_022","EVR Salai",61,"Good air quality","o3","OK","Success",5471.0,0
38178,"2026-07-28 12:35:12.163374+00","2026-07-28T12:35:03Z_0001_aqi","KOYEMBEDU_BROADWAY_023","EVR Salai",61,"Good air quality","o3","OK","Success",5479.9,0
38179,"2026-07-28 12:35:12.163374+00","2026-07-28T12:35:03Z_0001_aqi","KOYEMBEDU_BROADWAY_024","EVR Salai",61,"Good air quality","o3","OK","Success",5482.2,0
38180,"2026-07-28 12:35:12.163374+00","2026-07-28T12:35:03Z_0001_aqi","KOYEMBEDU_BROADWAY_025","EVR Salai",61,"Good air quality","o3","OK","Success",5483.4,0
38181,"2026-07-28 12:35:12.163374+00","2026-07-28T12:35:03Z_0001_aqi","KOYEMBEDU_BROADWAY_026","EVR Salai",61,"Good air quality","o3","OK","Success",5494.0,0
38182,"2026-07-28 12:35:12.163374+00","2026-07-28T12:35:03Z_0001_aqi","GUINDY_TAMBARAM_001","Guindy-Tambaram",48,"Moderate air quality","pm25","OK","Success",5513.6,0
38183,"2026-07-28 12:35:12.163374+00","2026-07-28T12:35:03Z_0001_aqi","GUINDY_TAMBARAM_002","Guindy-Tambaram",47,"Moderate air quality","pm25","OK","Success",5544.4,0
38184,"2026-07-28 12:35:12.163374+00","2026-07-28T12:35:03Z_0001_aqi","GUINDY_TAMBARAM_008","Guindy-Tambaram",51,"Moderate air quality","pm25","OK","Success",5717.2,0
38185,"2026-07-28 12:35:12.163374+00","2026-07-28T12:35:03Z_0001_aqi","GUINDY_TAMBARAM_012","Guindy-Tambaram",55,"Moderate air quality","pm25","OK","Success",5738.2,0
38186,"2026-07-28 12:35:12.163374+00","2026-07-28T12:35:03Z_0001_aqi","GUINDY_TAMBARAM_013","Guindy-Tambaram",56,"Moderate air quality","pm25","OK","Success",5746.3,0
38187,"2026-07-28 12:35:12.163374+00","2026-07-28T12:35:03Z_0001_aqi","GUINDY_TAMBARAM_014","Guindy-Tambaram",56,"Moderate air quality","pm25","OK","Success",5746.9,0
38188,"2026-07-28 12:35:12.163374+00","2026-07-28T12:35:03Z_0001_aqi","GUINDY_TAMBARAM_016","Guindy-Tambaram",57,"Moderate air quality","pm25","OK","Success",5763.7,0
38189,"2026-07-28 12:35:12.163374+00","2026-07-28T12:35:03Z_0001_aqi","GUINDY_TAMBARAM_015","Guindy-Tambaram",57,"Moderate air quality","pm25","OK","Success",5763.8,0
38190,"2026-07-28 12:35:12.163374+00","2026-07-28T12:35:03Z_0001_aqi","GUINDY_TAMBARAM_017","Guindy-Tambaram",58,"Moderate air quality","pm25","OK","Success",5765.3,0
38191,"2026-07-28 12:35:12.163374+00","2026-07-28T12:35:03Z_0001_aqi","GUINDY_TAMBARAM_018","Guindy-Tambaram",58,"Moderate air quality","pm25","OK","Success",5778.7,0
38192,"2026-07-28 12:35:12.163374+00","2026-07-28T12:35:03Z_0001_aqi","GUINDY_TAMBARAM_020","Guindy-Tambaram",59,"Moderate air quality","pm25","OK","Success",5826.6,0
38193,"2026-07-28 12:35:12.163374+00","2026-07-28T12:35:03Z_0001_aqi","GUINDY_TAMBARAM_021","Guindy-Tambaram",59,"Moderate air quality","pm25","OK","Success",5999.1,0
38194,"2026-07-28 12:35:12.163374+00","2026-07-28T12:35:03Z_0001_aqi","GUINDY_TAMBARAM_022","Guindy-Tambaram",60,"Good air quality","pm25","OK","Success",6016.9,0
38195,"2026-07-28 12:35:12.163374+00","2026-07-28T12:35:03Z_0001_aqi","GUINDY_TAMBARAM_024","Guindy-Tambaram",58,"Moderate air quality","pm25","OK","Success",6024.2,0
38196,"2026-07-28 12:35:12.163374+00","2026-07-28T12:35:03Z_0001_aqi","GUINDY_TAMBARAM_023","Guindy-Tambaram",58,"Moderate air quality","pm25","OK","Success",6027.7,0
38197,"2026-07-28 12:35:12.163374+00","2026-07-28T12:35:03Z_0001_aqi","GUINDY_TAMBARAM_025","Guindy-Tambaram",58,"Moderate air quality","pm25","OK","Success",6044.3,0
38198,"2026-07-28 12:35:12.163374+00","2026-07-28T12:35:03Z_0001_aqi","GUINDY_TAMBARAM_026","Guindy-Tambaram",58,"Moderate air quality","pm25","OK","Success",6045.1,0
38199,"2026-07-28 12:35:12.163374+00","2026-07-28T12:35:03Z_0001_aqi","GUINDY_TAMBARAM_027","Guindy-Tambaram",57,"Moderate air quality","pm25","OK","Success",6046.3,0
38200,"2026-07-28 12:35:12.163374+00","2026-07-28T12:35:03Z_0001_aqi","GUINDY_TAMBARAM_028","Guindy-Tambaram",57,"Moderate air quality","pm25","OK","Success",6062.4,0
38201,"2026-07-28 12:35:12.163374+00","2026-07-28T12:35:03Z_0001_aqi","GUINDY_TAMBARAM_029","Guindy-Tambaram",56,"Moderate air quality","pm25","OK","Success",6107.7,0
38202,"2026-07-28 12:35:12.163374+00","2026-07-28T12:35:03Z_0001_aqi","GUINDY_TAMBARAM_030","Guindy-Tambaram",56,"Moderate air quality","pm25","OK","Success",6279.2,0
38203,"2026-07-28 12:35:12.163374+00","2026-07-28T12:35:03Z_0001_aqi","GUINDY_TAMBARAM_031","Guindy-Tambaram",55,"Moderate air quality","pm25","OK","Success",6294.6,0
38204,"2026-07-28 12:35:12.163374+00","2026-07-28T12:35:03Z_0001_aqi","GUINDY_TAMBARAM_032","Guindy-Tambaram",55,"Moderate air quality","pm25","OK","Success",6300.5,0
38205,"2026-07-28 12:35:12.163374+00","2026-07-28T12:35:03Z_0001_aqi","GUINDY_TAMBARAM_033","Guindy-Tambaram",56,"Moderate air quality","pm25","OK","Success",6311.3,0
38206,"2026-07-28 12:35:12.163374+00","2026-07-28T12:35:03Z_0001_aqi","GUINDY_TAMBARAM_034","Guindy-Tambaram",56,"Moderate air quality","pm25","OK","Success",6326.1,0
38207,"2026-07-28 12:35:12.163374+00","2026-07-28T12:35:03Z_0001_aqi","GUINDY_TAMBARAM_035","Guindy-Tambaram",56,"Moderate air quality","pm25","OK","Success",6328.4,0
38208,"2026-07-28 12:35:12.163374+00","2026-07-28T12:35:03Z_0001_aqi","GUINDY_TAMBARAM_036","Guindy-Tambaram",56,"Moderate air quality","pm25","OK","Success",6329.9,0
38209,"2026-07-28 12:35:12.163374+00","2026-07-28T12:35:03Z_0001_aqi","GUINDY_TAMBARAM_038","Guindy-Tambaram",55,"Moderate air quality","pm25","OK","Success",6393.0,0
38210,"2026-07-28 12:35:12.163374+00","2026-07-28T12:35:03Z_0001_aqi","KOYEMBEDU_BROADWAY_002","EVR Salai",46,"Moderate air quality","pm25","OK","Success",6477.4,0
38211,"2026-07-28 12:35:12.163374+00","2026-07-28T12:35:03Z_0001_aqi","KOYEMBEDU_BROADWAY_006","EVR Salai",50,"Moderate air quality","pm25","OK","Success",6504.6,0
38212,"2026-07-28 12:35:12.163374+00","2026-07-28T12:35:03Z_0001_aqi","GUINDY_TAMBARAM_039","Guindy-Tambaram",55,"Moderate air quality","pm25","OK","Success",6561.9,0
38213,"2026-07-28 12:35:12.163374+00","2026-07-28T12:35:03Z_0001_aqi","GUINDY_TAMBARAM_040","Guindy-Tambaram",55,"Moderate air quality","pm25","OK","Success",6570.8,0
38214,"2026-07-28 12:35:12.163374+00","2026-07-28T12:35:03Z_0001_aqi","GUINDY_TAMBARAM_041","Guindy-Tambaram",55,"Moderate air quality","pm25","OK","Success",6579.0,0
38215,"2026-07-28 12:35:12.163374+00","2026-07-28T12:35:03Z_0001_aqi","TAMBARAM_GUINDY_001","Guindy-Tambaram",55,"Moderate air quality","pm25","OK","Success",6592.7,0
38216,"2026-07-28 12:35:12.163374+00","2026-07-28T12:35:03Z_0001_aqi","TAMBARAM_GUINDY_003","Guindy-Tambaram",55,"Moderate air quality","pm25","OK","Success",6609.5,0
38217,"2026-07-28 12:35:12.163374+00","2026-07-28T12:35:03Z_0001_aqi","TAMBARAM_GUINDY_002","Guindy-Tambaram",55,"Moderate air quality","pm25","OK","Success",6610.4,0
38218,"2026-07-28 12:35:12.163374+00","2026-07-28T12:35:03Z_0001_aqi","TAMBARAM_GUINDY_004","Guindy-Tambaram",55,"Moderate air quality","pm25","OK","Success",6611.1,0
38219,"2026-07-28 12:35:12.163374+00","2026-07-28T12:35:03Z_0001_aqi","GUINDY_TAMBARAM_009","Guindy-Tambaram",52,"Moderate air quality","pm25","OK","Success",6669.3,0
38220,"2026-07-28 12:35:12.163374+00","2026-07-28T12:35:03Z_0001_aqi","TAMBARAM_GUINDY_005","Guindy-Tambaram",55,"Moderate air quality","pm25","OK","Success",6676.8,0
38221,"2026-07-28 12:35:12.163374+00","2026-07-28T12:35:03Z_0001_aqi","GUINDY_TAMBARAM_003","Guindy-Tambaram",47,"Moderate air quality","pm25","OK","Success",6693.5,0
38222,"2026-07-28 12:35:12.163374+00","2026-07-28T12:35:03Z_0001_aqi","GUINDY_TAMBARAM_004","Guindy-Tambaram",47,"Moderate air quality","pm25","OK","Success",6707.9,0
38223,"2026-07-28 12:35:12.163374+00","2026-07-28T12:35:03Z_0001_aqi","GUINDY_TAMBARAM_005","Guindy-Tambaram",47,"Moderate air quality","pm25","OK","Success",6722.3,0
38224,"2026-07-28 12:35:12.163374+00","2026-07-28T12:35:03Z_0001_aqi","GUINDY_TAMBARAM_007","Guindy-Tambaram",48,"Moderate air quality","pm25","OK","Success",6750.4,0
38225,"2026-07-28 12:35:12.163374+00","2026-07-28T12:35:03Z_0001_aqi","GUINDY_TAMBARAM_006","Guindy-Tambaram",47,"Moderate air quality","pm25","OK","Success",6751.2,0
38226,"2026-07-28 12:35:12.163374+00","2026-07-28T12:35:03Z_0001_aqi","TAMBARAM_GUINDY_006","Guindy-Tambaram",56,"Moderate air quality","pm25","OK","Success",6753.5,0
38227,"2026-07-28 12:35:12.163374+00","2026-07-28T12:35:03Z_0001_aqi","GUINDY_TAMBARAM_011","Guindy-Tambaram",54,"Moderate air quality","pm25","OK","Success",6754.3,0
38228,"2026-07-28 12:35:12.163374+00","2026-07-28T12:35:03Z_0001_aqi","TAMBARAM_GUINDY_007","Guindy-Tambaram",56,"Moderate air quality","pm25","OK","Success",6781.2,0
38229,"2026-07-28 12:35:12.163374+00","2026-07-28T12:35:03Z_0001_aqi","GUINDY_TAMBARAM_010","Guindy-Tambaram",53,"Moderate air quality","pm25","OK","Success",6807.2,0
38230,"2026-07-28 12:35:12.163374+00","2026-07-28T12:35:03Z_0001_aqi","TAMBARAM_GUINDY_008","Guindy-Tambaram",56,"Moderate air quality","pm25","OK","Success",6840.7,0
38231,"2026-07-28 12:35:12.163374+00","2026-07-28T12:35:03Z_0001_aqi","TAMBARAM_GUINDY_010","Guindy-Tambaram",55,"Moderate air quality","pm25","OK","Success",6861.0,0
38232,"2026-07-28 12:35:12.163374+00","2026-07-28T12:35:03Z_0001_aqi","TAMBARAM_GUINDY_011","Guindy-Tambaram",55,"Moderate air quality","pm25","OK","Success",6872.8,0
38233,"2026-07-28 12:35:12.163374+00","2026-07-28T12:35:03Z_0001_aqi","TAMBARAM_GUINDY_009","Guindy-Tambaram",56,"Moderate air quality","pm25","OK","Success",6878.9,0
38234,"2026-07-28 12:35:12.163374+00","2026-07-28T12:35:03Z_0001_aqi","TAMBARAM_GUINDY_012","Guindy-Tambaram",56,"Moderate air quality","pm25","OK","Success",6888.5,0
38235,"2026-07-28 12:35:12.163374+00","2026-07-28T12:35:03Z_0001_aqi","TAMBARAM_GUINDY_013","Guindy-Tambaram",56,"Moderate air quality","pm25","OK","Success",6890.9,0
38236,"2026-07-28 12:35:12.163374+00","2026-07-28T12:35:03Z_0001_aqi","TAMBARAM_GUINDY_014","Guindy-Tambaram",57,"Moderate air quality","pm25","OK","Success",6892.6,0
38237,"2026-07-28 12:35:12.163374+00","2026-07-28T12:35:03Z_0001_aqi","TAMBARAM_GUINDY_016","Guindy-Tambaram",58,"Moderate air quality","pm25","OK","Success",6971.9,0
38238,"2026-07-28 12:35:12.163374+00","2026-07-28T12:35:03Z_0001_aqi","TAMBARAM_GUINDY_017","Guindy-Tambaram",58,"Moderate air quality","pm25","OK","Success",7014.7,0
38239,"2026-07-28 12:35:12.163374+00","2026-07-28T12:35:03Z_0001_aqi","TAMBARAM_GUINDY_021","Guindy-Tambaram",58,"Moderate air quality","pm25","OK","Success",7030.8,0
38240,"2026-07-28 12:35:12.163374+00","2026-07-28T12:35:03Z_0001_aqi","TAMBARAM_GUINDY_020","Guindy-Tambaram",58,"Moderate air quality","pm25","OK","Success",7044.3,0
38241,"2026-07-28 12:35:12.163374+00","2026-07-28T12:35:03Z_0001_aqi","TAMBARAM_GUINDY_015","Guindy-Tambaram",57,"Moderate air quality","pm25","OK","Success",7069.8,0
38242,"2026-07-28 12:35:12.163374+00","2026-07-28T12:35:03Z_0001_aqi","TAMBARAM_GUINDY_025","Guindy-Tambaram",56,"Moderate air quality","pm25","OK","Success",7092.5,0
38243,"2026-07-28 12:35:12.163374+00","2026-07-28T12:35:03Z_0001_aqi","TAMBARAM_GUINDY_019","Guindy-Tambaram",59,"Moderate air quality","pm25","OK","Success",7097.9,0
38244,"2026-07-28 12:35:12.163374+00","2026-07-28T12:35:03Z_0001_aqi","TAMBARAM_GUINDY_018","Guindy-Tambaram",59,"Moderate air quality","pm25","OK","Success",7102.8,0
38245,"2026-07-28 12:35:12.163374+00","2026-07-28T12:35:03Z_0001_aqi","GUINDY_TAMBARAM_019","Guindy-Tambaram",58,"Moderate air quality","pm25","OK","Success",7113.6,0
38246,"2026-07-28 12:35:12.163374+00","2026-07-28T12:35:03Z_0001_aqi","TAMBARAM_GUINDY_023","Guindy-Tambaram",57,"Moderate air quality","pm25","OK","Success",7124.1,0
38247,"2026-07-28 12:35:12.163374+00","2026-07-28T12:35:03Z_0001_aqi","TAMBARAM_GUINDY_026","Guindy-Tambaram",56,"Moderate air quality","pm25","OK","Success",7123.3,0
38248,"2026-07-28 12:35:12.163374+00","2026-07-28T12:35:03Z_0001_aqi","TAMBARAM_GUINDY_027","Guindy-Tambaram",55,"Moderate air quality","pm25","OK","Success",7144.5,0
38249,"2026-07-28 12:35:12.163374+00","2026-07-28T12:35:03Z_0001_aqi","TAMBARAM_GUINDY_028","Guindy-Tambaram",54,"Moderate air quality","pm25","OK","Success",7157.8,0
38250,"2026-07-28 12:35:12.163374+00","2026-07-28T12:35:03Z_0001_aqi","TAMBARAM_GUINDY_029","Guindy-Tambaram",53,"Moderate air quality","pm25","OK","Success",7160.5,0
38251,"2026-07-28 12:35:12.163374+00","2026-07-28T12:35:03Z_0001_aqi","TAMBARAM_GUINDY_030","Guindy-Tambaram",52,"Moderate air quality","pm25","OK","Success",7170.6,0
38252,"2026-07-28 12:35:12.163374+00","2026-07-28T12:35:03Z_0001_aqi","TAMBARAM_GUINDY_031","Guindy-Tambaram",51,"Moderate air quality","pm25","OK","Success",7170.8,0
38253,"2026-07-28 12:35:12.163374+00","2026-07-28T12:35:03Z_0001_aqi","TAMBARAM_GUINDY_032","Guindy-Tambaram",48,"Moderate air quality","pm25","OK","Success",7176.9,0
38254,"2026-07-28 12:35:12.163374+00","2026-07-28T12:35:03Z_0001_aqi","TAMBARAM_GUINDY_033","Guindy-Tambaram",48,"Moderate air quality","pm25","OK","Success",7255.9,0
38255,"2026-07-28 12:35:12.163374+00","2026-07-28T12:35:03Z_0001_aqi","TAMBARAM_GUINDY_035","Guindy-Tambaram",47,"Moderate air quality","pm25","OK","Success",7311.7,0
38256,"2026-07-28 12:35:12.163374+00","2026-07-28T12:35:03Z_0001_aqi","TAMBARAM_GUINDY_036","Guindy-Tambaram",47,"Moderate air quality","pm25","OK","Success",7319.9,0
38257,"2026-07-28 12:35:12.163374+00","2026-07-28T12:35:03Z_0001_aqi","CENTRAL_PUZHAL_002","Puzhal-Central",61,"Good air quality","o3","OK","Success",7393.1,0
38258,"2026-07-28 12:35:12.163374+00","2026-07-28T12:35:03Z_0001_aqi","CENTRAL_PUZHAL_004","Puzhal-Central",57,"Moderate air quality","pm25","OK","Success",7409.0,0
38259,"2026-07-28 12:35:12.163374+00","2026-07-28T12:35:03Z_0001_aqi","CENTRAL_PUZHAL_005","Puzhal-Central",57,"Moderate air quality","pm25","OK","Success",7421.5,0
38260,"2026-07-28 12:35:12.163374+00","2026-07-28T12:35:03Z_0001_aqi","CENTRAL_PUZHAL_006","Puzhal-Central",52,"Moderate air quality","pm25","OK","Success",7438.6,0
38261,"2026-07-28 12:35:12.163374+00","2026-07-28T12:35:03Z_0001_aqi","CENTRAL_PUZHAL_007","Puzhal-Central",52,"Moderate air quality","pm25","OK","Success",7438.8,0
38262,"2026-07-28 12:35:12.163374+00","2026-07-28T12:35:03Z_0001_aqi","CENTRAL_PUZHAL_008","Puzhal-Central",49,"Moderate air quality","pm25","OK","Success",7452.5,0
38263,"2026-07-28 12:35:12.163374+00","2026-07-28T12:35:03Z_0001_aqi","CENTRAL_PUZHAL_009","Puzhal-Central",51,"Moderate air quality","pm25","OK","Success",7454.7,0
38264,"2026-07-28 12:35:12.163374+00","2026-07-28T12:35:03Z_0001_aqi","CENTRAL_PUZHAL_010","Puzhal-Central",52,"Moderate air quality","pm25","OK","Success",7458.0,0
38265,"2026-07-28 12:35:12.163374+00","2026-07-28T12:35:03Z_0001_aqi","CENTRAL_PUZHAL_011","Puzhal-Central",51,"Moderate air quality","pm25","OK","Success",7536.7,0
38266,"2026-07-28 12:35:12.163374+00","2026-07-28T12:35:03Z_0001_aqi","CENTRAL_PUZHAL_013","Puzhal-Central",51,"Moderate air quality","pm25","OK","Success",7599.8,0
38267,"2026-07-28 12:35:12.163374+00","2026-07-28T12:35:03Z_0001_aqi","GUINDY_TAMBARAM_037","Guindy-Tambaram",55,"Moderate air quality","pm25","OK","Success",7663.4,0
38268,"2026-07-28 12:35:12.163374+00","2026-07-28T12:35:03Z_0001_aqi","CENTRAL_PUZHAL_015","Puzhal-Central",51,"Moderate air quality","pm25","OK","Success",7693.5,0
38269,"2026-07-28 12:35:12.163374+00","2026-07-28T12:35:03Z_0001_aqi","CENTRAL_PUZHAL_016","Puzhal-Central",50,"Moderate air quality","pm25","OK","Success",7698.5,0
38270,"2026-07-28 12:35:12.163374+00","2026-07-28T12:35:03Z_0001_aqi","CENTRAL_PUZHAL_018","Puzhal-Central",51,"Moderate air quality","pm25","OK","Success",7716.2,0
38271,"2026-07-28 12:35:12.163374+00","2026-07-28T12:35:03Z_0001_aqi","CENTRAL_PUZHAL_017","Puzhal-Central",50,"Moderate air quality","pm25","OK","Success",7721.8,0
38272,"2026-07-28 12:35:12.163374+00","2026-07-28T12:35:03Z_0001_aqi","CENTRAL_PUZHAL_019","Puzhal-Central",50,"Moderate air quality","pm25","OK","Success",7735.4,0
38273,"2026-07-28 12:35:12.163374+00","2026-07-28T12:35:03Z_0001_aqi","CENTRAL_PUZHAL_020","Puzhal-Central",50,"Moderate air quality","pm25","OK","Success",7736.5,0
38274,"2026-07-28 12:35:12.163374+00","2026-07-28T12:35:03Z_0001_aqi","CENTRAL_PUZHAL_021","Puzhal-Central",48,"Moderate air quality","pm25","OK","Success",7740.1,0
38275,"2026-07-28 12:35:12.163374+00","2026-07-28T12:35:03Z_0001_aqi","CENTRAL_PUZHAL_022","Puzhal-Central",46,"Moderate air quality","pm25","OK","Success",7820.9,0
38276,"2026-07-28 12:35:12.163374+00","2026-07-28T12:35:03Z_0001_aqi","CENTRAL_PUZHAL_023","Puzhal-Central",45,"Moderate air quality","pm25","OK","Success",7885.7,0
38277,"2026-07-28 12:35:12.163374+00","2026-07-28T12:35:03Z_0001_aqi","CENTRAL_PUZHAL_024","Puzhal-Central",46,"Moderate air quality","pm25","OK","Success",7941.0,0
38278,"2026-07-28 12:35:12.163374+00","2026-07-28T12:35:03Z_0001_aqi","CENTRAL_PUZHAL_026","Puzhal-Central",44,"Moderate air quality","pm25","OK","Success",7975.2,0
38279,"2026-07-28 12:35:12.163374+00","2026-07-28T12:35:03Z_0001_aqi","CENTRAL_PUZHAL_025","Puzhal-Central",46,"Moderate air quality","pm25","OK","Success",7982.4,0
38280,"2026-07-28 12:35:12.163374+00","2026-07-28T12:35:03Z_0001_aqi","CENTRAL_PUZHAL_027","Puzhal-Central",44,"Moderate air quality","pm25","OK","Success",7993.9,0
38281,"2026-07-28 12:35:12.163374+00","2026-07-28T12:35:03Z_0001_aqi","CENTRAL_PUZHAL_ATGRADE_001","Puzhal-Central",50,"Moderate air quality","pm25","OK","Success",8007.3,0
38282,"2026-07-28 12:35:12.163374+00","2026-07-28T12:35:03Z_0001_aqi","CENTRAL_PUZHAL_ATGRADE_002","Puzhal-Central",51,"Moderate air quality","pm25","OK","Success",8018.5,0
38283,"2026-07-28 12:35:12.163374+00","2026-07-28T12:35:03Z_0001_aqi","CENTRAL_PUZHAL_ATGRADE_003","Puzhal-Central",52,"Moderate air quality","pm25","OK","Success",8018.5,0
38284,"2026-07-28 12:35:12.163374+00","2026-07-28T12:35:03Z_0001_aqi","CENTRAL_PUZHAL_ATGRADE_004","Puzhal-Central",52,"Moderate air quality","pm25","OK","Success",8026.9,0
38285,"2026-07-28 12:35:12.163374+00","2026-07-28T12:35:03Z_0001_aqi","TAMBARAM_GUINDY_022","Guindy-Tambaram",58,"Moderate air quality","pm25","OK","Success",8076.0,0
38286,"2026-07-28 12:35:12.163374+00","2026-07-28T12:35:03Z_0001_aqi","TAMBARAM_GUINDY_024","Guindy-Tambaram",57,"Moderate air quality","pm25","OK","Success",8105.5,0
38287,"2026-07-28 12:35:12.163374+00","2026-07-28T12:35:03Z_0001_aqi","PUZHAL_CENTRAL_001","Puzhal-Central",44,"Moderate air quality","pm25","OK","Success",8105.3,0
38288,"2026-07-28 12:35:12.163374+00","2026-07-28T12:35:03Z_0001_aqi","PUZHAL_CENTRAL_002","Puzhal-Central",44,"Moderate air quality","pm25","OK","Success",8165.9,0
38289,"2026-07-28 12:35:12.163374+00","2026-07-28T12:35:03Z_0001_aqi","PUZHAL_CENTRAL_004","Puzhal-Central",46,"Moderate air quality","pm25","OK","Success",8251.5,0
38290,"2026-07-28 12:35:12.163374+00","2026-07-28T12:35:03Z_0001_aqi","PUZHAL_CENTRAL_005","Puzhal-Central",45,"Moderate air quality","pm25","OK","Success",8266.2,0
38291,"2026-07-28 12:35:12.163374+00","2026-07-28T12:35:03Z_0001_aqi","PUZHAL_CENTRAL_006","Puzhal-Central",46,"Moderate air quality","pm25","OK","Success",8270.3,0
38292,"2026-07-28 12:35:12.163374+00","2026-07-28T12:35:03Z_0001_aqi","PUZHAL_CENTRAL_007","Puzhal-Central",48,"Moderate air quality","pm25","OK","Success",8288.3,0
38293,"2026-07-28 12:35:12.163374+00","2026-07-28T12:35:03Z_0001_aqi","PUZHAL_CENTRAL_009","Puzhal-Central",50,"Moderate air quality","pm25","OK","Success",8299.9,0
38294,"2026-07-28 12:35:12.163374+00","2026-07-28T12:35:03Z_0001_aqi","PUZHAL_CENTRAL_008","Puzhal-Central",50,"Moderate air quality","pm25","OK","Success",8306.4,0
38295,"2026-07-28 12:35:12.163374+00","2026-07-28T12:35:03Z_0001_aqi","PUZHAL_CENTRAL_010","Puzhal-Central",51,"Moderate air quality","pm25","OK","Success",8311.3,0
38296,"2026-07-28 12:35:12.163374+00","2026-07-28T12:35:03Z_0001_aqi","TAMBARAM_GUINDY_034","Guindy-Tambaram",47,"Moderate air quality","pm25","OK","Success",8320.3,0
38297,"2026-07-28 12:35:12.163374+00","2026-07-28T12:35:03Z_0001_aqi","TAMBARAM_GUINDY_037","Guindy-Tambaram",47,"Moderate air quality","pm25","OK","Success",8340.7,0
38298,"2026-07-28 12:35:12.163374+00","2026-07-28T12:35:03Z_0001_aqi","PUZHAL_CENTRAL_011","Puzhal-Central",50,"Moderate air quality","pm25","OK","Success",8357.1,0
38299,"2026-07-28 12:35:12.163374+00","2026-07-28T12:35:03Z_0001_aqi","CENTRAL_PUZHAL_003","Puzhal-Central",61,"Good air quality","o3","OK","Success",8362.8,0
38300,"2026-07-28 12:35:12.163374+00","2026-07-28T12:35:03Z_0001_aqi","TAMBARAM_GUINDY_039","Guindy-Tambaram",48,"Moderate air quality","pm25","OK","Success",8373.3,0
38301,"2026-07-28 12:35:12.163374+00","2026-07-28T12:35:03Z_0001_aqi","CENTRAL_PUZHAL_001","Puzhal-Central",61,"Good air quality","o3","OK","Success",8379.1,0
38302,"2026-07-28 12:35:12.163374+00","2026-07-28T12:35:03Z_0001_aqi","PUZHAL_CENTRAL_012","Puzhal-Central",50,"Moderate air quality","pm25","OK","Success",8382.5,0
38303,"2026-07-28 12:35:12.163374+00","2026-07-28T12:35:03Z_0001_aqi","PUZHAL_CENTRAL_013","Puzhal-Central",51,"Moderate air quality","pm25","OK","Success",8388.9,0
38304,"2026-07-28 12:35:12.163374+00","2026-07-28T12:35:03Z_0001_aqi","TAMBARAM_GUINDY_038","Guindy-Tambaram",47,"Moderate air quality","pm25","OK","Success",8470.2,0
38305,"2026-07-28 12:35:12.163374+00","2026-07-28T12:35:03Z_0001_aqi","PUZHAL_CENTRAL_014","Puzhal-Central",50,"Moderate air quality","pm25","OK","Success",8479.0,0
38306,"2026-07-28 12:35:12.163374+00","2026-07-28T12:35:03Z_0001_aqi","PUZHAL_CENTRAL_015","Puzhal-Central",51,"Moderate air quality","pm25","OK","Success",8527.1,0
38307,"2026-07-28 12:35:12.163374+00","2026-07-28T12:35:03Z_0001_aqi","PUZHAL_CENTRAL_017","Puzhal-Central",52,"Moderate air quality","pm25","OK","Success",8544.0,0
38308,"2026-07-28 12:35:12.163374+00","2026-07-28T12:35:03Z_0001_aqi","PUZHAL_CENTRAL_016","Puzhal-Central",53,"Moderate air quality","pm25","OK","Success",8546.3,0
38309,"2026-07-28 12:35:12.163374+00","2026-07-28T12:35:03Z_0001_aqi","PUZHAL_CENTRAL_018","Puzhal-Central",52,"Moderate air quality","pm25","OK","Success",8570.3,0
38310,"2026-07-28 12:35:12.163374+00","2026-07-28T12:35:03Z_0001_aqi","PUZHAL_CENTRAL_019","Puzhal-Central",51,"Moderate air quality","pm25","OK","Success",8583.2,0
38311,"2026-07-28 12:35:12.163374+00","2026-07-28T12:35:03Z_0001_aqi","PUZHAL_CENTRAL_020","Puzhal-Central",49,"Moderate air quality","pm25","OK","Success",8589.4,0
38312,"2026-07-28 12:35:12.163374+00","2026-07-28T12:35:03Z_0001_aqi","PUZHAL_CENTRAL_021","Puzhal-Central",52,"Moderate air quality","pm25","OK","Success",8594.8,0
38313,"2026-07-28 12:35:12.163374+00","2026-07-28T12:35:03Z_0001_aqi","CENTRAL_PUZHAL_012","Puzhal-Central",53,"Moderate air quality","pm25","OK","Success",8640.5,0
38314,"2026-07-28 12:35:12.163374+00","2026-07-28T12:35:03Z_0001_aqi","PUZHAL_CENTRAL_ATGRADE_002","Puzhal-Central",51,"Moderate air quality","pm25","OK","Success",8673.1,0
38315,"2026-07-28 12:35:12.163374+00","2026-07-28T12:35:03Z_0001_aqi","CENTRAL_PUZHAL_014","Puzhal-Central",50,"Moderate air quality","pm25","OK","Success",8716.4,0
38316,"2026-07-28 12:35:12.163374+00","2026-07-28T12:35:03Z_0001_aqi","PUZHAL_CENTRAL_027","Puzhal-Central",61,"Good air quality","o3","OK","Success",8717.4,0
38317,"2026-07-28 12:35:12.163374+00","2026-07-28T12:35:03Z_0001_aqi","PUZHAL_CENTRAL_023","Puzhal-Central",57,"Moderate air quality","pm25","OK","Success",8744.8,0
38318,"2026-07-28 12:35:12.163374+00","2026-07-28T12:35:03Z_0001_aqi","PUZHAL_CENTRAL_022","Puzhal-Central",52,"Moderate air quality","pm25","OK","Success",8753.6,0
38319,"2026-07-28 12:35:12.163374+00","2026-07-28T12:35:03Z_0001_aqi","PUZHAL_CENTRAL_ATGRADE_004","Puzhal-Central",52,"Moderate air quality","pm25","OK","Success",8762.1,0
38320,"2026-07-28 12:35:12.163374+00","2026-07-28T12:35:03Z_0001_aqi","PUZHAL_CENTRAL_026","Puzhal-Central",61,"Good air quality","o3","OK","Success",8766.3,0
38321,"2026-07-28 12:35:12.163374+00","2026-07-28T12:35:03Z_0001_aqi","PUZHAL_CENTRAL_025","Puzhal-Central",61,"Good air quality","o3","OK","Success",8796.0,0
38322,"2026-07-28 12:35:12.163374+00","2026-07-28T12:35:03Z_0001_aqi","PUZHAL_CENTRAL_ATGRADE_005","Puzhal-Central",52,"Moderate air quality","pm25","OK","Success",8810.2,0
38323,"2026-07-28 12:35:12.163374+00","2026-07-28T12:35:03Z_0001_aqi","PALLAVARAM_THORAIPAKKAM_001","Thoraipakkam-Pallavaram",54,"Moderate air quality","pm25","OK","Success",8825.4,0
38324,"2026-07-28 12:35:12.163374+00","2026-07-28T12:35:03Z_0001_aqi","PALLAVARAM_THORAIPAKKAM_002","Thoraipakkam-Pallavaram",54,"Moderate air quality","pm25","OK","Success",8826.1,0
38325,"2026-07-28 12:35:12.163374+00","2026-07-28T12:35:03Z_0001_aqi","PUZHAL_CENTRAL_ATGRADE_003","Puzhal-Central",52,"Moderate air quality","pm25","OK","Success",8838.4,0
38326,"2026-07-28 12:35:12.163374+00","2026-07-28T12:35:03Z_0001_aqi","PALLAVARAM_THORAIPAKKAM_003","Thoraipakkam-Pallavaram",53,"Moderate air quality","pm25","OK","Success",8852.7,0
38327,"2026-07-28 12:35:12.163374+00","2026-07-28T12:35:03Z_0001_aqi","PALLAVARAM_THORAIPAKKAM_004","Thoraipakkam-Pallavaram",53,"Moderate air quality","pm25","OK","Success",8864.8,0
38328,"2026-07-28 12:35:12.163374+00","2026-07-28T12:35:03Z_0001_aqi","PALLAVARAM_THORAIPAKKAM_005","Thoraipakkam-Pallavaram",53,"Moderate air quality","pm25","OK","Success",8867.2,0
38329,"2026-07-28 12:35:12.163374+00","2026-07-28T12:35:03Z_0001_aqi","PALLAVARAM_THORAIPAKKAM_006","Thoraipakkam-Pallavaram",54,"Moderate air quality","pm25","OK","Success",8879.4,0
38330,"2026-07-28 12:35:12.163374+00","2026-07-28T12:35:03Z_0001_aqi","PALLAVARAM_THORAIPAKKAM_007","Thoraipakkam-Pallavaram",54,"Moderate air quality","pm25","OK","Success",8918.1,0
38331,"2026-07-28 12:35:12.163374+00","2026-07-28T12:35:03Z_0001_aqi","PALLAVARAM_THORAIPAKKAM_008","Thoraipakkam-Pallavaram",56,"Moderate air quality","pm25","OK","Success",8953.0,0
38332,"2026-07-28 12:35:12.163374+00","2026-07-28T12:35:03Z_0001_aqi","PALLAVARAM_THORAIPAKKAM_009","Thoraipakkam-Pallavaram",58,"Moderate air quality","pm25","OK","Success",8994.1,0
38333,"2026-07-28 12:35:12.163374+00","2026-07-28T12:35:03Z_0001_aqi","PALLAVARAM_THORAIPAKKAM_010","Thoraipakkam-Pallavaram",59,"Moderate air quality","pm25","OK","Success",9017.1,0
38334,"2026-07-28 12:35:12.163374+00","2026-07-28T12:35:03Z_0001_aqi","THORAIPAKKAM_PALLAVARM_001","Thoraipakkam-Pallavaram",59,"Moderate air quality","pm25","OK","Success",9043.8,0
38335,"2026-07-28 12:35:12.163374+00","2026-07-28T12:35:03Z_0001_aqi","PALLAVARAM_THORAIPAKKAM_AT_GRADE_002","Thoraipakkam-Pallavaram",53,"Moderate air quality","pm25","OK","Success",9057.2,0
38336,"2026-07-28 12:35:12.163374+00","2026-07-28T12:35:03Z_0001_aqi","PALLAVARAM_THORAIPAKKAM_AT_GRADE_001","Thoraipakkam-Pallavaram",53,"Moderate air quality","pm25","OK","Success",9058.9,0
38337,"2026-07-28 12:35:12.163374+00","2026-07-28T12:35:03Z_0001_aqi","THORAIPAKKAM_PALLAVARM_002","Thoraipakkam-Pallavaram",58,"Moderate air quality","pm25","OK","Success",9061.0,0
38338,"2026-07-28 12:35:12.163374+00","2026-07-28T12:35:03Z_0001_aqi","THORAIPAKKAM_PALLAVARM_003","Thoraipakkam-Pallavaram",56,"Moderate air quality","pm25","OK","Success",9083.4,0
38339,"2026-07-28 12:35:12.163374+00","2026-07-28T12:35:03Z_0001_aqi","THORAIPAKKAM_PALLAVARM_004","Thoraipakkam-Pallavaram",54,"Moderate air quality","pm25","OK","Success",9089.4,0
38340,"2026-07-28 12:35:12.163374+00","2026-07-28T12:35:03Z_0001_aqi","THORAIPAKKAM_PALLAVARM_006","Thoraipakkam-Pallavaram",53,"Moderate air quality","pm25","OK","Success",9106.0,0
38341,"2026-07-28 12:35:12.163374+00","2026-07-28T12:35:03Z_0001_aqi","THORAIPAKKAM_PALLAVARM_005","Thoraipakkam-Pallavaram",54,"Moderate air quality","pm25","OK","Success",9106.1,0
38342,"2026-07-28 12:35:12.163374+00","2026-07-28T12:35:03Z_0001_aqi","THORAIPAKKAM_PALLAVARM_008","Thoraipakkam-Pallavaram",53,"Moderate air quality","pm25","OK","Success",9139.8,0
38343,"2026-07-28 12:35:12.163374+00","2026-07-28T12:35:03Z_0001_aqi","THORAIPAKKAM_PALLAVARM_007","Thoraipakkam-Pallavaram",53,"Moderate air quality","pm25","OK","Success",9137.2,0
38344,"2026-07-28 12:35:12.163374+00","2026-07-28T12:35:03Z_0001_aqi","THORAIPAKKAM_PALLAVARM_009","Thoraipakkam-Pallavaram",54,"Moderate air quality","pm25","OK","Success",9147.5,0
38345,"2026-07-28 12:35:12.163374+00","2026-07-28T12:35:03Z_0001_aqi","THORAIPAKKAM_PALLAVARM_010","Thoraipakkam-Pallavaram",54,"Moderate air quality","pm25","OK","Success",9147.7,0
38346,"2026-07-28 12:35:12.163374+00","2026-07-28T12:35:03Z_0001_aqi","THORAIPAKKAM_PALLAVARM_AT_GRADE_001","Thoraipakkam-Pallavaram",53,"Moderate air quality","pm25","OK","Success",9160.8,0
38347,"2026-07-28 12:35:12.163374+00","2026-07-28T12:35:03Z_0001_aqi","THORAIPAKKAM_PALLAVARM_AT_GRADE_002","Thoraipakkam-Pallavaram",53,"Moderate air quality","pm25","OK","Success",9196.8,0
38348,"2026-07-28 12:35:12.163374+00","2026-07-28T12:35:03Z_0001_aqi","PUZHAL_CENTRAL_003","Puzhal-Central",46,"Moderate air quality","pm25","OK","Success",9295.5,0
38349,"2026-07-28 12:35:12.163374+00","2026-07-28T12:35:03Z_0001_aqi","PUZHAL_CENTRAL_024","Puzhal-Central",57,"Moderate air quality","pm25","OK","Success",9686.5,0
38350,"2026-07-28 12:35:12.163374+00","2026-07-28T12:35:03Z_0001_aqi","PUZHAL_CENTRAL_ATGRADE_001","Puzhal-Central",50,"Moderate air quality","pm25","OK","Success",9706.4,0
38351,"2026-07-28 15:35:11.461758+00","2026-07-28T15:35:03Z_0001_aqi","KILAMBAKKAM_LITTLEMOUNT(AT_GRADE_BELOWFLYOVER)_005","Corridor_Littlemount_Kilambakkam",33,"Low air quality","pm10","OK","Success",1653.9,0
38352,"2026-07-28 15:35:11.461758+00","2026-07-28T15:35:03Z_0001_aqi","KILAMBAKKAM_LITTLEMOUNT(AT_GRADE_BELOWFLYOVER)_008","Corridor_Littlemount_Kilambakkam",34,"Low air quality","pm10","OK","Success",1675.6,0
38353,"2026-07-28 15:35:11.461758+00","2026-07-28T15:35:03Z_0001_aqi","KILAMBAKKAM_LITTLEMOUNT_006","Corridor_Littlemount_Kilambakkam",34,"Low air quality","pm10","OK","Success",1683.2,0
38354,"2026-07-28 15:35:11.461758+00","2026-07-28T15:35:03Z_0001_aqi","KILAMBAKKAM_LITTLEMOUNT_007","Corridor_Littlemount_Kilambakkam",34,"Low air quality","pm10","OK","Success",1685.0,0
38355,"2026-07-28 15:35:11.461758+00","2026-07-28T15:35:03Z_0001_aqi","KILAMBAKKAM_LITTLEMOUNT_004","Corridor_Littlemount_Kilambakkam",35,"Low air quality","pm10","OK","Success",1685.7,0
38356,"2026-07-28 15:35:11.461758+00","2026-07-28T15:35:03Z_0001_aqi","KILAMBAKKAM_LITTLEMOUNT(AT_GRADE_BELOWFLYOVER)_009","Corridor_Littlemount_Kilambakkam",35,"Low air quality","pm10","OK","Success",1683.3,0
38357,"2026-07-28 15:35:11.461758+00","2026-07-28T15:35:03Z_0001_aqi","KILAMBAKKAM_LITTLEMOUNT_001","Corridor_Littlemount_Kilambakkam",35,"Low air quality","pm10","OK","Success",1690.8,0
38358,"2026-07-28 15:35:11.461758+00","2026-07-28T15:35:03Z_0001_aqi","KILAMBAKKAM_LITTLEMOUNT_003","Corridor_Littlemount_Kilambakkam",34,"Low air quality","pm10","OK","Success",1696.5,0
38359,"2026-07-28 15:35:11.461758+00","2026-07-28T15:35:03Z_0001_aqi","KILAMBAKKAM_LITTLEMOUNT(AT_GRADE_BELOWFLYOVER)_003","Corridor_Littlemount_Kilambakkam",32,"Low air quality","pm10","OK","Success",1701.6,0
38360,"2026-07-28 15:35:11.461758+00","2026-07-28T15:35:03Z_0001_aqi","KILAMBAKKAM_LITTLEMOUNT_010","Corridor_Littlemount_Kilambakkam",33,"Low air quality","pm10","OK","Success",1700.9,0
38361,"2026-07-28 15:35:11.461758+00","2026-07-28T15:35:03Z_0001_aqi","KILAMBAKKAM_LITTLEMOUNT_009","Corridor_Littlemount_Kilambakkam",33,"Low air quality","pm10","OK","Success",1704.3,0
38362,"2026-07-28 15:35:11.461758+00","2026-07-28T15:35:03Z_0001_aqi","KILAMBAKKAM_LITTLEMOUNT(AT_GRADE_BELOWFLYOVER)_002","Corridor_Littlemount_Kilambakkam",32,"Low air quality","pm10","OK","Success",1701.5,0
38363,"2026-07-28 15:35:11.461758+00","2026-07-28T15:35:03Z_0001_aqi","KILAMBAKKAM_LITTLEMOUNT(AT_GRADE_BELOWFLYOVER)_006","Corridor_Littlemount_Kilambakkam",33,"Low air quality","pm10","OK","Success",1701.3,0
38364,"2026-07-28 15:35:11.461758+00","2026-07-28T15:35:03Z_0001_aqi","KILAMBAKKAM_LITTLEMOUNT(AT_GRADE_BELOWFLYOVER)_007","Corridor_Littlemount_Kilambakkam",33,"Low air quality","pm10","OK","Success",1712.0,0
38365,"2026-07-28 15:35:11.461758+00","2026-07-28T15:35:03Z_0001_aqi","KILAMBAKKAM_LITTLEMOUNT_005","Corridor_Littlemount_Kilambakkam",34,"Low air quality","pm10","OK","Success",1715.5,0
38366,"2026-07-28 15:35:11.461758+00","2026-07-28T15:35:03Z_0001_aqi","KILAMBAKKAM_LITTLEMOUNT_011","Corridor_Littlemount_Kilambakkam",33,"Low air quality","pm10","OK","Success",1758.1,0
38367,"2026-07-28 15:35:11.461758+00","2026-07-28T15:35:03Z_0001_aqi","KILAMBAKKAM_LITTLEMOUNT_002","Corridor_Littlemount_Kilambakkam",34,"Low air quality","pm10","OK","Success",1774.9,0
38368,"2026-07-28 15:35:11.461758+00","2026-07-28T15:35:03Z_0001_aqi","KILAMBAKKAM_LITTLEMOUNT_008","Corridor_Littlemount_Kilambakkam",34,"Low air quality","pm10","OK","Success",1796.3,0
38369,"2026-07-28 15:35:11.461758+00","2026-07-28T15:35:03Z_0001_aqi","KILAMBAKKAM_LITTLEMOUNT(AT_GRADE_BELOWFLYOVER)_001","Corridor_Littlemount_Kilambakkam",32,"Low air quality","pm10","OK","Success",1812.5,0
38370,"2026-07-28 15:35:11.461758+00","2026-07-28T15:35:03Z_0001_aqi","KILAMBAKKAM_LITTLEMOUNT(AT_GRADE_BELOWFLYOVER)_004","Corridor_Littlemount_Kilambakkam",32,"Low air quality","pm10","OK","Success",1816.4,0
38371,"2026-07-28 15:35:11.461758+00","2026-07-28T15:35:03Z_0001_aqi","KILAMBAKKAM_LITTLEMOUNT_012","Corridor_Littlemount_Kilambakkam",32,"Low air quality","pm10","OK","Success",1934.1,0
38372,"2026-07-28 15:35:11.461758+00","2026-07-28T15:35:03Z_0001_aqi","KILAMBAKKAM_LITTLEMOUNT_014","Corridor_Littlemount_Kilambakkam",32,"Low air quality","pm10","OK","Success",1961.3,0
38373,"2026-07-28 15:35:11.461758+00","2026-07-28T15:35:03Z_0001_aqi","KILAMBAKKAM_LITTLEMOUNT_015","Corridor_Littlemount_Kilambakkam",32,"Low air quality","pm10","OK","Success",1962.7,0
38374,"2026-07-28 15:35:11.461758+00","2026-07-28T15:35:03Z_0001_aqi","KILAMBAKKAM_LITTLEMOUNT_016","Corridor_Littlemount_Kilambakkam",32,"Low air quality","pm10","OK","Success",1971.9,0
38375,"2026-07-28 15:35:11.461758+00","2026-07-28T15:35:03Z_0001_aqi","KILAMBAKKAM_LITTLEMOUNT_021","Corridor_Littlemount_Kilambakkam",34,"Low air quality","pm10","OK","Success",1983.0,0
38376,"2026-07-28 15:35:11.461758+00","2026-07-28T15:35:03Z_0001_aqi","KILAMBAKKAM_LITTLEMOUNT_019","Corridor_Littlemount_Kilambakkam",32,"Low air quality","pm10","OK","Success",1985.0,0
38377,"2026-07-28 15:35:11.461758+00","2026-07-28T15:35:03Z_0001_aqi","KILAMBAKKAM_LITTLEMOUNT_013","Corridor_Littlemount_Kilambakkam",32,"Low air quality","pm10","OK","Success",1991.6,0
38378,"2026-07-28 15:35:11.461758+00","2026-07-28T15:35:03Z_0001_aqi","KILAMBAKKAM_LITTLEMOUNT_025","Corridor_Littlemount_Kilambakkam",31,"Low air quality","pm10","OK","Success",1995.9,0
38379,"2026-07-28 15:35:11.461758+00","2026-07-28T15:35:03Z_0001_aqi","KILAMBAKKAM_LITTLEMOUNT_026","Corridor_Littlemount_Kilambakkam",32,"Low air quality","pm10","OK","Success",1997.7,0
38380,"2026-07-28 15:35:11.461758+00","2026-07-28T15:35:03Z_0001_aqi","KILAMBAKKAM_LITTLEMOUNT_020","Corridor_Littlemount_Kilambakkam",34,"Low air quality","pm10","OK","Success",1999.5,0
38381,"2026-07-28 15:35:11.461758+00","2026-07-28T15:35:03Z_0001_aqi","KILAMBAKKAM_LITTLEMOUNT_022","Corridor_Littlemount_Kilambakkam",34,"Low air quality","pm10","OK","Success",2003.8,0
38382,"2026-07-28 15:35:11.461758+00","2026-07-28T15:35:03Z_0001_aqi","KILAMBAKKAM_LITTLEMOUNT_024","Corridor_Littlemount_Kilambakkam",32,"Low air quality","pm10","OK","Success",2007.8,0
38383,"2026-07-28 15:35:11.461758+00","2026-07-28T15:35:03Z_0001_aqi","KILAMBAKKAM_LITTLEMOUNT_023","Corridor_Littlemount_Kilambakkam",31,"Low air quality","pm10","OK","Success",2035.8,0
38384,"2026-07-28 15:35:11.461758+00","2026-07-28T15:35:03Z_0001_aqi","KILAMBAKKAM_LITTLEMOUNT_028","Corridor_Littlemount_Kilambakkam",31,"Low air quality","pm10","OK","Success",2072.2,0
38385,"2026-07-28 15:35:11.461758+00","2026-07-28T15:35:03Z_0001_aqi","LITTLEMOUNT_KILAMBAKKAM(AT_GRADE_BELOWFLYOVER)_002","Corridor_Littlemount_Kilambakkam",32,"Low air quality","pm10","OK","Success",2116.5,0
38386,"2026-07-28 15:35:11.461758+00","2026-07-28T15:35:03Z_0001_aqi","LITTLEMOUNT_KILAMBAKKAM(AT_GRADE_BELOWFLYOVER)_001","Corridor_Littlemount_Kilambakkam",32,"Low air quality","pm10","OK","Success",2133.8,0
38387,"2026-07-28 15:35:11.461758+00","2026-07-28T15:35:03Z_0001_aqi","KILAMBAKKAM_LITTLEMOUNT_027","Corridor_Littlemount_Kilambakkam",31,"Low air quality","pm10","OK","Success",2375.5,0
38388,"2026-07-28 15:35:11.461758+00","2026-07-28T15:35:03Z_0001_aqi","KILAMBAKKAM_LITTLEMOUNT_018","Corridor_Littlemount_Kilambakkam",33,"Low air quality","pm10","OK","Success",2375.7,0
38389,"2026-07-28 15:35:11.461758+00","2026-07-28T15:35:03Z_0001_aqi","KILAMBAKKAM_LITTLEMOUNT_029","Corridor_Littlemount_Kilambakkam",32,"Low air quality","pm10","OK","Success",2389.2,0
38390,"2026-07-28 15:35:11.461758+00","2026-07-28T15:35:03Z_0001_aqi","KILAMBAKKAM_LITTLEMOUNT_017","Corridor_Littlemount_Kilambakkam",33,"Low air quality","pm10","OK","Success",2392.1,0
38391,"2026-07-28 15:35:11.461758+00","2026-07-28T15:35:03Z_0001_aqi","LITTLEMOUNT_KILAMBAKKAM_014","Corridor_Littlemount_Kilambakkam",32,"Low air quality","pm10","OK","Success",3258.7,0
38392,"2026-07-28 15:35:11.461758+00","2026-07-28T15:35:03Z_0001_aqi","LITTLEMOUNT_KILAMBAKKAM_002","Corridor_Littlemount_Kilambakkam",31,"Low air quality","pm10","OK","Success",3276.3,0
38393,"2026-07-28 15:35:11.461758+00","2026-07-28T15:35:03Z_0001_aqi","LITTLEMOUNT_KILAMBAKKAM(AT_GRADE_BELOWFLYOVER)_006","Corridor_Littlemount_Kilambakkam",35,"Low air quality","pm10","OK","Success",3294.9,0
38394,"2026-07-28 15:35:11.461758+00","2026-07-28T15:35:03Z_0001_aqi","LITTLEMOUNT_KILAMBAKKAM_005","Corridor_Littlemount_Kilambakkam",31,"Low air quality","pm10","OK","Success",3296.0,0
38395,"2026-07-28 15:35:11.461758+00","2026-07-28T15:35:03Z_0001_aqi","LITTLEMOUNT_KILAMBAKKAM(AT_GRADE_BELOWFLYOVER)_004","Corridor_Littlemount_Kilambakkam",32,"Low air quality","pm10","OK","Success",3297.7,0
38396,"2026-07-28 15:35:11.461758+00","2026-07-28T15:35:03Z_0001_aqi","LITTLEMOUNT_KILAMBAKKAM_003","Corridor_Littlemount_Kilambakkam",31,"Low air quality","pm10","OK","Success",3302.0,0
38397,"2026-07-28 15:35:11.461758+00","2026-07-28T15:35:03Z_0001_aqi","LITTLEMOUNT_KILAMBAKKAM_001","Corridor_Littlemount_Kilambakkam",31,"Low air quality","pm10","OK","Success",3309.2,0
38398,"2026-07-28 15:35:11.461758+00","2026-07-28T15:35:03Z_0001_aqi","LITTLEMOUNT_KILAMBAKKAM_007","Corridor_Littlemount_Kilambakkam",32,"Low air quality","pm10","OK","Success",3321.1,0
38399,"2026-07-28 15:35:11.461758+00","2026-07-28T15:35:03Z_0001_aqi","LITTLEMOUNT_KILAMBAKKAM_004","Corridor_Littlemount_Kilambakkam",31,"Low air quality","pm10","OK","Success",3322.4,0
38400,"2026-07-28 15:35:11.461758+00","2026-07-28T15:35:03Z_0001_aqi","LITTLEMOUNT_KILAMBAKKAM(AT_GRADE_BELOWFLYOVER)_003","Corridor_Littlemount_Kilambakkam",32,"Low air quality","pm10","OK","Success",3325.9,0
38401,"2026-07-28 15:35:11.461758+00","2026-07-28T15:35:03Z_0001_aqi","LITTLEMOUNT_KILAMBAKKAM(AT_GRADE_BELOWFLYOVER)_005","Corridor_Littlemount_Kilambakkam",34,"Low air quality","pm10","OK","Success",3332.3,0
38402,"2026-07-28 15:35:11.461758+00","2026-07-28T15:35:03Z_0001_aqi","LITTLEMOUNT_KILAMBAKKAM_006","Corridor_Littlemount_Kilambakkam",31,"Low air quality","pm10","OK","Success",3333.7,0
38403,"2026-07-28 15:35:11.461758+00","2026-07-28T15:35:03Z_0001_aqi","LITTLEMOUNT_KILAMBAKKAM_009","Corridor_Littlemount_Kilambakkam",32,"Low air quality","pm10","OK","Success",3345.2,0
38404,"2026-07-28 15:35:11.461758+00","2026-07-28T15:35:03Z_0001_aqi","LITTLEMOUNT_KILAMBAKKAM_010","Corridor_Littlemount_Kilambakkam",31,"Low air quality","pm10","OK","Success",3358.9,0
38405,"2026-07-28 15:35:11.461758+00","2026-07-28T15:35:03Z_0001_aqi","LITTLEMOUNT_KILAMBAKKAM_016","Corridor_Littlemount_Kilambakkam",33,"Low air quality","pm10","OK","Success",3363.5,0
38406,"2026-07-28 15:35:11.461758+00","2026-07-28T15:35:03Z_0001_aqi","LITTLEMOUNT_KILAMBAKKAM_013","Corridor_Littlemount_Kilambakkam",34,"Low air quality","pm10","OK","Success",3450.5,0
38407,"2026-07-28 15:35:11.461758+00","2026-07-28T15:35:03Z_0001_aqi","LITTLEMOUNT_KILAMBAKKAM_015","Corridor_Littlemount_Kilambakkam",33,"Low air quality","pm10","OK","Success",3474.2,0
38408,"2026-07-28 15:35:11.461758+00","2026-07-28T15:35:03Z_0001_aqi","LITTLEMOUNT_KILAMBAKKAM_012","Corridor_Littlemount_Kilambakkam",34,"Low air quality","pm10","OK","Success",3487.6,0
38409,"2026-07-28 15:35:11.461758+00","2026-07-28T15:35:03Z_0001_aqi","LITTLEMOUNT_KILAMBAKKAM_011","Corridor_Littlemount_Kilambakkam",34,"Low air quality","pm10","OK","Success",3502.7,0
38410,"2026-07-28 15:35:11.461758+00","2026-07-28T15:35:03Z_0001_aqi","LITTLEMOUNT_KILAMBAKKAM_019","Corridor_Littlemount_Kilambakkam",32,"Low air quality","pm10","OK","Success",3584.5,0
38411,"2026-07-28 15:35:11.461758+00","2026-07-28T15:35:03Z_0001_aqi","LITTLEMOUNT_KILAMBAKKAM_022","Corridor_Littlemount_Kilambakkam",33,"Low air quality","pm10","OK","Success",3591.5,0
38412,"2026-07-28 15:35:11.461758+00","2026-07-28T15:35:03Z_0001_aqi","LITTLEMOUNT_KILAMBAKKAM_023","Corridor_Littlemount_Kilambakkam",33,"Low air quality","pm10","OK","Success",3594.5,0
38413,"2026-07-28 15:35:11.461758+00","2026-07-28T15:35:03Z_0001_aqi","LITTLEMOUNT_KILAMBAKKAM_018","Corridor_Littlemount_Kilambakkam",32,"Low air quality","pm10","OK","Success",3598.2,0
38414,"2026-07-28 15:35:11.461758+00","2026-07-28T15:35:03Z_0001_aqi","LITTLEMOUNT_KILAMBAKKAM_024","Corridor_Littlemount_Kilambakkam",33,"Low air quality","pm10","OK","Success",3610.5,0
38415,"2026-07-28 15:35:11.461758+00","2026-07-28T15:35:03Z_0001_aqi","LITTLEMOUNT_KILAMBAKKAM_020","Corridor_Littlemount_Kilambakkam",32,"Low air quality","pm10","OK","Success",3612.1,0
38416,"2026-07-28 15:35:11.461758+00","2026-07-28T15:35:03Z_0001_aqi","LITTLEMOUNT_KILAMBAKKAM_027","Corridor_Littlemount_Kilambakkam",34,"Low air quality","pm10","OK","Success",3613.6,0
38417,"2026-07-28 15:35:11.461758+00","2026-07-28T15:35:03Z_0001_aqi","LITTLEMOUNT_KILAMBAKKAM_026","Corridor_Littlemount_Kilambakkam",34,"Low air quality","pm10","OK","Success",3612.6,0
38418,"2026-07-28 15:35:11.461758+00","2026-07-28T15:35:03Z_0001_aqi","LITTLEMOUNT_KILAMBAKKAM_028","Corridor_Littlemount_Kilambakkam",34,"Low air quality","pm10","OK","Success",3624.9,0
38419,"2026-07-28 15:35:11.461758+00","2026-07-28T15:35:03Z_0001_aqi","LITTLEMOUNT_KILAMBAKKAM_025","Corridor_Littlemount_Kilambakkam",34,"Low air quality","pm10","OK","Success",3624.8,0
38420,"2026-07-28 15:35:11.461758+00","2026-07-28T15:35:03Z_0001_aqi","LITTLEMOUNT_KILAMBAKKAM_021","Corridor_Littlemount_Kilambakkam",32,"Low air quality","pm10","OK","Success",3641.0,0
38421,"2026-07-28 15:35:11.461758+00","2026-07-28T15:35:03Z_0001_aqi","LITTLEMOUNT_KILAMBAKKAM_008","Corridor_Littlemount_Kilambakkam",31,"Low air quality","pm10","OK","Success",3654.6,0
38422,"2026-07-28 15:35:11.461758+00","2026-07-28T15:35:03Z_0001_aqi","LITTLEMOUNT_KILAMBAKKAM_030","Corridor_Littlemount_Kilambakkam",34,"Low air quality","pm10","OK","Success",3682.3,0
38423,"2026-07-28 15:35:11.461758+00","2026-07-28T15:35:03Z_0001_aqi","LITTLEMOUNT_KILAMBAKKAM_029","Corridor_Littlemount_Kilambakkam",35,"Low air quality","pm10","OK","Success",3696.2,0
38424,"2026-07-28 15:35:11.461758+00","2026-07-28T15:35:03Z_0001_aqi","BROADWAY_KOYEMBEDU_002","EVR Salai",42,"Moderate air quality","pm10","OK","Success",3818.7,0
38425,"2026-07-28 15:35:11.461758+00","2026-07-28T15:35:03Z_0001_aqi","BROADWAY_KOYEMBEDU_003","EVR Salai",41,"Moderate air quality","pm10","OK","Success",3830.2,0
38426,"2026-07-28 15:35:11.461758+00","2026-07-28T15:35:03Z_0001_aqi","LITTLEMOUNT_KILAMBAKKAM_032","Corridor_Littlemount_Kilambakkam",35,"Low air quality","pm10","OK","Success",3944.4,0
38427,"2026-07-28 15:35:11.461758+00","2026-07-28T15:35:03Z_0001_aqi","BROADWAY_KOYEMBEDU_001","EVR Salai",43,"Moderate air quality","pm10","OK","Success",4034.4,0
38428,"2026-07-28 15:35:11.461758+00","2026-07-28T15:35:03Z_0001_aqi","LITTLEMOUNT_KILAMBAKKAM_017","Corridor_Littlemount_Kilambakkam",32,"Low air quality","pm10","OK","Success",4059.2,0
38429,"2026-07-28 15:35:11.461758+00","2026-07-28T15:35:03Z_0001_aqi","LITTLEMOUNT_KILAMBAKKAM_031","Corridor_Littlemount_Kilambakkam",34,"Low air quality","pm10","OK","Success",4072.2,0
38430,"2026-07-28 15:35:11.461758+00","2026-07-28T15:35:03Z_0001_aqi","BROADWAY_KOYEMBEDU_015","EVR Salai",37,"Low air quality","pm10","OK","Success",4390.2,0
38431,"2026-07-28 15:35:11.461758+00","2026-07-28T15:35:03Z_0001_aqi","BROADWAY_KOYEMBEDU_007","EVR Salai",39,"Low air quality","pm10","OK","Success",4854.3,0
38432,"2026-07-28 15:35:11.461758+00","2026-07-28T15:35:03Z_0001_aqi","BROADWAY_KOYEMBEDU_014","EVR Salai",37,"Low air quality","pm10","OK","Success",4875.2,0
38433,"2026-07-28 15:35:11.461758+00","2026-07-28T15:35:03Z_0001_aqi","BROADWAY_KOYEMBEDU_005","EVR Salai",46,"Moderate air quality","pm10","OK","Success",4888.4,0
38434,"2026-07-28 15:35:11.461758+00","2026-07-28T15:35:03Z_0001_aqi","BROADWAY_KOYEMBEDU_008","EVR Salai",38,"Low air quality","pm10","OK","Success",4912.4,0
38435,"2026-07-28 15:35:11.461758+00","2026-07-28T15:35:03Z_0001_aqi","BROADWAY_KOYEMBEDU_009","EVR Salai",38,"Low air quality","pm10","OK","Success",4913.1,0
38436,"2026-07-28 15:35:11.461758+00","2026-07-28T15:35:03Z_0001_aqi","BROADWAY_KOYEMBEDU_004","EVR Salai",41,"Moderate air quality","pm10","OK","Success",4929.9,0
38437,"2026-07-28 15:35:11.461758+00","2026-07-28T15:35:03Z_0001_aqi","BROADWAY_KOYEMBEDU_022","EVR Salai",35,"Low air quality","pm10","OK","Success",4944.3,0
38438,"2026-07-28 15:35:11.461758+00","2026-07-28T15:35:03Z_0001_aqi","BROADWAY_KOYEMBEDU_012","EVR Salai",37,"Low air quality","pm10","OK","Success",4948.2,0
38439,"2026-07-28 15:35:11.461758+00","2026-07-28T15:35:03Z_0001_aqi","BROADWAY_KOYEMBEDU_011","EVR Salai",37,"Low air quality","pm10","OK","Success",4950.8,0
38440,"2026-07-28 15:35:11.461758+00","2026-07-28T15:35:03Z_0001_aqi","BROADWAY_KOYEMBEDU_006","EVR Salai",39,"Low air quality","pm10","OK","Success",4955.6,0
38441,"2026-07-28 15:35:11.461758+00","2026-07-28T15:35:03Z_0001_aqi","BROADWAY_KOYEMBEDU_010","EVR Salai",38,"Low air quality","pm10","OK","Success",4962.1,0
38442,"2026-07-28 15:35:11.461758+00","2026-07-28T15:35:03Z_0001_aqi","BROADWAY_KOYEMBEDU_016","EVR Salai",36,"Low air quality","pm10","OK","Success",4965.7,0
38443,"2026-07-28 15:35:11.461758+00","2026-07-28T15:35:03Z_0001_aqi","BROADWAY_KOYEMBEDU_013","EVR Salai",37,"Low air quality","pm10","OK","Success",4976.5,0
38444,"2026-07-28 15:35:11.461758+00","2026-07-28T15:35:03Z_0001_aqi","BROADWAY_KOYEMBEDU_023","EVR Salai",35,"Low air quality","pm10","OK","Success",5020.3,0
38445,"2026-07-28 15:35:11.461758+00","2026-07-28T15:35:03Z_0001_aqi","BROADWAY_KOYEMBEDU_021","EVR Salai",35,"Low air quality","pm10","OK","Success",5095.8,0
38446,"2026-07-28 15:35:11.461758+00","2026-07-28T15:35:03Z_0001_aqi","BROADWAY_KOYEMBEDU_018","EVR Salai",35,"Low air quality","pm10","OK","Success",5096.4,0
38447,"2026-07-28 15:35:11.461758+00","2026-07-28T15:35:03Z_0001_aqi","BROADWAY_KOYEMBEDU_019","EVR Salai",35,"Low air quality","pm10","OK","Success",5118.1,0
38448,"2026-07-28 15:35:11.461758+00","2026-07-28T15:35:03Z_0001_aqi","BROADWAY_KOYEMBEDU_020","EVR Salai",35,"Low air quality","pm10","OK","Success",5129.2,0
38449,"2026-07-28 15:35:11.461758+00","2026-07-28T15:35:03Z_0001_aqi","KOYEMBEDU_BROADWAY_001","EVR Salai",35,"Low air quality","pm10","OK","Success",5173.5,0
38450,"2026-07-28 15:35:11.461758+00","2026-07-28T15:35:03Z_0001_aqi","BROADWAY_KOYEMBEDU_025","EVR Salai",37,"Low air quality","pm10","OK","Success",5207.6,0
38451,"2026-07-28 15:35:11.461758+00","2026-07-28T15:35:03Z_0001_aqi","KOYEMBEDU_BROADWAY_002","EVR Salai",37,"Low air quality","pm10","OK","Success",5214.4,0
38452,"2026-07-28 15:35:11.461758+00","2026-07-28T15:35:03Z_0001_aqi","KOYEMBEDU_BROADWAY_004","EVR Salai",35,"Low air quality","pm10","OK","Success",5216.9,0
38453,"2026-07-28 15:35:11.461758+00","2026-07-28T15:35:03Z_0001_aqi","KOYEMBEDU_BROADWAY_006","EVR Salai",35,"Low air quality","pm10","OK","Success",5236.7,0
38454,"2026-07-28 15:35:11.461758+00","2026-07-28T15:35:03Z_0001_aqi","KOYEMBEDU_BROADWAY_008","EVR Salai",35,"Low air quality","pm10","OK","Success",5235.3,0
38455,"2026-07-28 15:35:11.461758+00","2026-07-28T15:35:03Z_0001_aqi","KOYEMBEDU_BROADWAY_009","EVR Salai",35,"Low air quality","pm10","OK","Success",5240.2,0
38456,"2026-07-28 15:35:11.461758+00","2026-07-28T15:35:03Z_0001_aqi","KOYEMBEDU_BROADWAY_003","EVR Salai",35,"Low air quality","pm10","OK","Success",5241.1,0
38457,"2026-07-28 15:35:11.461758+00","2026-07-28T15:35:03Z_0001_aqi","KOYEMBEDU_BROADWAY_011","EVR Salai",36,"Low air quality","pm10","OK","Success",5263.1,0
38458,"2026-07-28 15:35:11.461758+00","2026-07-28T15:35:03Z_0001_aqi","KOYEMBEDU_BROADWAY_010","EVR Salai",36,"Low air quality","pm10","OK","Success",5274.2,0
38459,"2026-07-28 15:35:11.461758+00","2026-07-28T15:35:03Z_0001_aqi","KOYEMBEDU_BROADWAY_007","EVR Salai",35,"Low air quality","pm10","OK","Success",5277.3,0
38460,"2026-07-28 15:35:11.461758+00","2026-07-28T15:35:03Z_0001_aqi","BROADWAY_KOYEMBEDU_026","EVR Salai",35,"Low air quality","pm10","OK","Success",5310.1,0
38461,"2026-07-28 15:35:11.461758+00","2026-07-28T15:35:03Z_0001_aqi","BROADWAY_KOYEMBEDU_024","EVR Salai",35,"Low air quality","pm10","OK","Success",5351.8,0
38462,"2026-07-28 15:35:11.461758+00","2026-07-28T15:35:03Z_0001_aqi","BROADWAY_KOYEMBEDU_017","EVR Salai",36,"Low air quality","pm10","OK","Success",5377.6,0
38463,"2026-07-28 15:35:11.461758+00","2026-07-28T15:35:03Z_0001_aqi","KOYEMBEDU_BROADWAY_017","EVR Salai",38,"Low air quality","pm10","OK","Success",5467.2,0
38464,"2026-07-28 15:35:11.461758+00","2026-07-28T15:35:03Z_0001_aqi","KOYEMBEDU_BROADWAY_018","EVR Salai",38,"Low air quality","pm10","OK","Success",5487.1,0
38465,"2026-07-28 15:35:11.461758+00","2026-07-28T15:35:03Z_0001_aqi","KOYEMBEDU_BROADWAY_020","EVR Salai",39,"Low air quality","pm10","OK","Success",5504.6,0
38466,"2026-07-28 15:35:11.461758+00","2026-07-28T15:35:03Z_0001_aqi","KOYEMBEDU_BROADWAY_019","EVR Salai",38,"Low air quality","pm10","OK","Success",5509.3,0
38467,"2026-07-28 15:35:11.461758+00","2026-07-28T15:35:03Z_0001_aqi","KOYEMBEDU_BROADWAY_023","EVR Salai",41,"Moderate air quality","pm10","OK","Success",5520.3,0
38468,"2026-07-28 15:35:11.461758+00","2026-07-28T15:35:03Z_0001_aqi","KOYEMBEDU_BROADWAY_022","EVR Salai",46,"Moderate air quality","pm10","OK","Success",5520.5,0
38469,"2026-07-28 15:35:11.461758+00","2026-07-28T15:35:03Z_0001_aqi","KOYEMBEDU_BROADWAY_021","EVR Salai",39,"Low air quality","pm10","OK","Success",5525.4,0
38470,"2026-07-28 15:35:11.461758+00","2026-07-28T15:35:03Z_0001_aqi","KOYEMBEDU_BROADWAY_026","EVR Salai",43,"Moderate air quality","pm10","OK","Success",5553.2,0
38471,"2026-07-28 15:35:11.461758+00","2026-07-28T15:35:03Z_0001_aqi","GUINDY_TAMBARAM_001","Guindy-Tambaram",31,"Low air quality","pm10","OK","Success",5553.4,0
38472,"2026-07-28 15:35:11.461758+00","2026-07-28T15:35:03Z_0001_aqi","KOYEMBEDU_BROADWAY_024","EVR Salai",41,"Moderate air quality","pm10","OK","Success",5555.4,0
38473,"2026-07-28 15:35:11.461758+00","2026-07-28T15:35:03Z_0001_aqi","KOYEMBEDU_BROADWAY_025","EVR Salai",42,"Moderate air quality","pm10","OK","Success",5578.4,0
38474,"2026-07-28 15:35:11.461758+00","2026-07-28T15:35:03Z_0001_aqi","GUINDY_TAMBARAM_002","Guindy-Tambaram",30,"Low air quality","pm10","OK","Success",5585.3,0
38475,"2026-07-28 15:35:11.461758+00","2026-07-28T15:35:03Z_0001_aqi","KOYEMBEDU_BROADWAY_016","EVR Salai",37,"Low air quality","pm10","OK","Success",5597.4,0
38476,"2026-07-28 15:35:11.461758+00","2026-07-28T15:35:03Z_0001_aqi","KOYEMBEDU_BROADWAY_013","EVR Salai",37,"Low air quality","pm10","OK","Success",5680.9,0
38477,"2026-07-28 15:35:11.461758+00","2026-07-28T15:35:03Z_0001_aqi","KOYEMBEDU_BROADWAY_005","EVR Salai",35,"Low air quality","pm10","OK","Success",5726.4,0
38478,"2026-07-28 15:35:11.461758+00","2026-07-28T15:35:03Z_0001_aqi","GUINDY_TAMBARAM_005","Guindy-Tambaram",24,"Low air quality","pm10","OK","Success",5746.0,0
38479,"2026-07-28 15:35:11.461758+00","2026-07-28T15:35:03Z_0001_aqi","GUINDY_TAMBARAM_006","Guindy-Tambaram",20,"Low air quality","pm10","OK","Success",5777.8,0
38480,"2026-07-28 15:35:11.461758+00","2026-07-28T15:35:03Z_0001_aqi","GUINDY_TAMBARAM_004","Guindy-Tambaram",28,"Low air quality","pm10","OK","Success",5778.8,0
38481,"2026-07-28 15:35:11.461758+00","2026-07-28T15:35:03Z_0001_aqi","GUINDY_TAMBARAM_007","Guindy-Tambaram",17,"Poor air quality","pm10","OK","Success",5787.4,0
38482,"2026-07-28 15:35:11.461758+00","2026-07-28T15:35:03Z_0001_aqi","GUINDY_TAMBARAM_008","Guindy-Tambaram",16,"Poor air quality","pm10","OK","Success",5790.8,0
38483,"2026-07-28 15:35:11.461758+00","2026-07-28T15:35:03Z_0001_aqi","GUINDY_TAMBARAM_010","Guindy-Tambaram",15,"Poor air quality","pm10","OK","Success",5800.8,0
38484,"2026-07-28 15:35:11.461758+00","2026-07-28T15:35:03Z_0001_aqi","GUINDY_TAMBARAM_009","Guindy-Tambaram",16,"Poor air quality","pm10","OK","Success",5801.3,0
38485,"2026-07-28 15:35:11.461758+00","2026-07-28T15:35:03Z_0001_aqi","GUINDY_TAMBARAM_011","Guindy-Tambaram",15,"Poor air quality","pm10","OK","Success",5809.5,0
38486,"2026-07-28 15:35:11.461758+00","2026-07-28T15:35:03Z_0001_aqi","KOYEMBEDU_BROADWAY_012","EVR Salai",37,"Low air quality","pm10","OK","Success",5822.5,0
38487,"2026-07-28 15:35:11.461758+00","2026-07-28T15:35:03Z_0001_aqi","GUINDY_TAMBARAM_012","Guindy-Tambaram",15,"Poor air quality","pm10","OK","Success",5835.9,0
38488,"2026-07-28 15:35:11.461758+00","2026-07-28T15:35:03Z_0001_aqi","GUINDY_TAMBARAM_013","Guindy-Tambaram",15,"Poor air quality","pm10","OK","Success",5837.4,0
38489,"2026-07-28 15:35:11.461758+00","2026-07-28T15:35:03Z_0001_aqi","GUINDY_TAMBARAM_014","Guindy-Tambaram",15,"Poor air quality","pm10","OK","Success",5840.8,0
38490,"2026-07-28 15:35:11.461758+00","2026-07-28T15:35:03Z_0001_aqi","GUINDY_TAMBARAM_016","Guindy-Tambaram",15,"Poor air quality","pm10","OK","Success",5863.4,0
38491,"2026-07-28 15:35:11.461758+00","2026-07-28T15:35:03Z_0001_aqi","GUINDY_TAMBARAM_015","Guindy-Tambaram",15,"Poor air quality","pm10","OK","Success",5865.4,0
38492,"2026-07-28 15:35:11.461758+00","2026-07-28T15:35:03Z_0001_aqi","GUINDY_TAMBARAM_020","Guindy-Tambaram",17,"Poor air quality","pm10","OK","Success",6022.3,0
38493,"2026-07-28 15:35:11.461758+00","2026-07-28T15:35:03Z_0001_aqi","GUINDY_TAMBARAM_021","Guindy-Tambaram",18,"Poor air quality","pm10","OK","Success",6054.2,0
38494,"2026-07-28 15:35:11.461758+00","2026-07-28T15:35:03Z_0001_aqi","GUINDY_TAMBARAM_003","Guindy-Tambaram",28,"Low air quality","pm10","OK","Success",6072.1,0
38495,"2026-07-28 15:35:11.461758+00","2026-07-28T15:35:03Z_0001_aqi","GUINDY_TAMBARAM_023","Guindy-Tambaram",19,"Poor air quality","pm10","OK","Success",6070.2,0
38496,"2026-07-28 15:35:11.461758+00","2026-07-28T15:35:03Z_0001_aqi","GUINDY_TAMBARAM_024","Guindy-Tambaram",25,"Low air quality","pm10","OK","Success",6074.3,0
38497,"2026-07-28 15:35:11.461758+00","2026-07-28T15:35:03Z_0001_aqi","GUINDY_TAMBARAM_025","Guindy-Tambaram",25,"Low air quality","pm10","OK","Success",6080.5,0
38498,"2026-07-28 15:35:11.461758+00","2026-07-28T15:35:03Z_0001_aqi","GUINDY_TAMBARAM_026","Guindy-Tambaram",37,"Low air quality","pm10","OK","Success",6081.1,0
38499,"2026-07-28 15:35:11.461758+00","2026-07-28T15:35:03Z_0001_aqi","GUINDY_TAMBARAM_027","Guindy-Tambaram",38,"Low air quality","pm10","OK","Success",6095.7,0
38500,"2026-07-28 15:35:11.461758+00","2026-07-28T15:35:03Z_0001_aqi","GUINDY_TAMBARAM_029","Guindy-Tambaram",36,"Low air quality","pm10","OK","Success",6112.5,0
38501,"2026-07-28 15:35:11.461758+00","2026-07-28T15:35:03Z_0001_aqi","GUINDY_TAMBARAM_031","Guindy-Tambaram",35,"Low air quality","pm10","OK","Success",6116.0,0
38502,"2026-07-28 15:35:11.461758+00","2026-07-28T15:35:03Z_0001_aqi","GUINDY_TAMBARAM_030","Guindy-Tambaram",36,"Low air quality","pm10","OK","Success",6133.3,0
38503,"2026-07-28 15:35:11.461758+00","2026-07-28T15:35:03Z_0001_aqi","GUINDY_TAMBARAM_032","Guindy-Tambaram",35,"Low air quality","pm10","OK","Success",6147.9,0
38504,"2026-07-28 15:35:11.461758+00","2026-07-28T15:35:03Z_0001_aqi","GUINDY_TAMBARAM_033","Guindy-Tambaram",35,"Low air quality","pm10","OK","Success",6148.5,0
38505,"2026-07-28 15:35:11.461758+00","2026-07-28T15:35:03Z_0001_aqi","GUINDY_TAMBARAM_034","Guindy-Tambaram",35,"Low air quality","pm10","OK","Success",6309.3,0
38506,"2026-07-28 15:35:11.461758+00","2026-07-28T15:35:03Z_0001_aqi","GUINDY_TAMBARAM_036","Guindy-Tambaram",35,"Low air quality","pm10","OK","Success",6353.0,0
38507,"2026-07-28 15:35:11.461758+00","2026-07-28T15:35:03Z_0001_aqi","GUINDY_TAMBARAM_038","Guindy-Tambaram",34,"Low air quality","pm10","OK","Success",6359.5,0
38508,"2026-07-28 15:35:11.461758+00","2026-07-28T15:35:03Z_0001_aqi","GUINDY_TAMBARAM_040","Guindy-Tambaram",34,"Low air quality","pm10","OK","Success",6359.9,0
38509,"2026-07-28 15:35:11.461758+00","2026-07-28T15:35:03Z_0001_aqi","GUINDY_TAMBARAM_039","Guindy-Tambaram",34,"Low air quality","pm10","OK","Success",6368.1,0
38510,"2026-07-28 15:35:11.461758+00","2026-07-28T15:35:03Z_0001_aqi","KOYEMBEDU_BROADWAY_014","EVR Salai",37,"Low air quality","pm10","OK","Success",6382.1,0
38511,"2026-07-28 15:35:11.461758+00","2026-07-28T15:35:03Z_0001_aqi","GUINDY_TAMBARAM_041","Guindy-Tambaram",34,"Low air quality","pm10","OK","Success",6384.1,0
38512,"2026-07-28 15:35:11.461758+00","2026-07-28T15:35:03Z_0001_aqi","KOYEMBEDU_BROADWAY_015","EVR Salai",37,"Low air quality","pm10","OK","Success",6387.4,0
38513,"2026-07-28 15:35:11.461758+00","2026-07-28T15:35:03Z_0001_aqi","TAMBARAM_GUINDY_001","Guindy-Tambaram",34,"Low air quality","pm10","OK","Success",6394.5,0
38514,"2026-07-28 15:35:11.461758+00","2026-07-28T15:35:03Z_0001_aqi","TAMBARAM_GUINDY_002","Guindy-Tambaram",34,"Low air quality","pm10","OK","Success",6400.4,0
38515,"2026-07-28 15:35:11.461758+00","2026-07-28T15:35:03Z_0001_aqi","GUINDY_TAMBARAM_035","Guindy-Tambaram",35,"Low air quality","pm10","OK","Success",6404.6,0
38516,"2026-07-28 15:35:11.461758+00","2026-07-28T15:35:03Z_0001_aqi","TAMBARAM_GUINDY_003","Guindy-Tambaram",34,"Low air quality","pm10","OK","Success",6412.2,0
38517,"2026-07-28 15:35:11.461758+00","2026-07-28T15:35:03Z_0001_aqi","TAMBARAM_GUINDY_004","Guindy-Tambaram",34,"Low air quality","pm10","OK","Success",6433.2,0
38518,"2026-07-28 15:35:11.461758+00","2026-07-28T15:35:03Z_0001_aqi","TAMBARAM_GUINDY_005","Guindy-Tambaram",34,"Low air quality","pm10","OK","Success",6436.3,0
38519,"2026-07-28 15:35:11.461758+00","2026-07-28T15:35:03Z_0001_aqi","TAMBARAM_GUINDY_006","Guindy-Tambaram",35,"Low air quality","pm10","OK","Success",6584.6,0
38520,"2026-07-28 15:35:11.461758+00","2026-07-28T15:35:03Z_0001_aqi","GUINDY_TAMBARAM_019","Guindy-Tambaram",17,"Poor air quality","pm10","OK","Success",6625.1,0
38521,"2026-07-28 15:35:11.461758+00","2026-07-28T15:35:03Z_0001_aqi","TAMBARAM_GUINDY_007","Guindy-Tambaram",35,"Low air quality","pm10","OK","Success",6639.1,0
38522,"2026-07-28 15:35:11.461758+00","2026-07-28T15:35:03Z_0001_aqi","TAMBARAM_GUINDY_008","Guindy-Tambaram",35,"Low air quality","pm10","OK","Success",6645.4,0
38523,"2026-07-28 15:35:11.461758+00","2026-07-28T15:35:03Z_0001_aqi","TAMBARAM_GUINDY_010","Guindy-Tambaram",35,"Low air quality","pm10","OK","Success",6650.4,0
38524,"2026-07-28 15:35:11.461758+00","2026-07-28T15:35:03Z_0001_aqi","TAMBARAM_GUINDY_009","Guindy-Tambaram",35,"Low air quality","pm10","OK","Success",6651.7,0
38525,"2026-07-28 15:35:11.461758+00","2026-07-28T15:35:03Z_0001_aqi","TAMBARAM_GUINDY_012","Guindy-Tambaram",36,"Low air quality","pm10","OK","Success",6669.6,0
38526,"2026-07-28 15:35:11.461758+00","2026-07-28T15:35:03Z_0001_aqi","GUINDY_TAMBARAM_028","Guindy-Tambaram",36,"Low air quality","pm10","OK","Success",6671.4,0
38527,"2026-07-28 15:35:11.461758+00","2026-07-28T15:35:03Z_0001_aqi","TAMBARAM_GUINDY_014","Guindy-Tambaram",36,"Low air quality","pm10","OK","Success",6677.9,0
38528,"2026-07-28 15:35:11.461758+00","2026-07-28T15:35:03Z_0001_aqi","TAMBARAM_GUINDY_015","Guindy-Tambaram",38,"Low air quality","pm10","OK","Success",6686.2,0
38529,"2026-07-28 15:35:11.461758+00","2026-07-28T15:35:03Z_0001_aqi","TAMBARAM_GUINDY_016","Guindy-Tambaram",37,"Low air quality","pm10","OK","Success",6690.1,0
38530,"2026-07-28 15:35:11.461758+00","2026-07-28T15:35:03Z_0001_aqi","TAMBARAM_GUINDY_017","Guindy-Tambaram",25,"Low air quality","pm10","OK","Success",6692.4,0
38531,"2026-07-28 15:35:11.461758+00","2026-07-28T15:35:03Z_0001_aqi","GUINDY_TAMBARAM_018","Guindy-Tambaram",16,"Poor air quality","pm10","OK","Success",6707.6,0
38532,"2026-07-28 15:35:11.461758+00","2026-07-28T15:35:03Z_0001_aqi","TAMBARAM_GUINDY_018","Guindy-Tambaram",19,"Poor air quality","pm10","OK","Success",6712.4,0
38533,"2026-07-28 15:35:11.461758+00","2026-07-28T15:35:03Z_0001_aqi","TAMBARAM_GUINDY_019","Guindy-Tambaram",17,"Poor air quality","pm10","OK","Success",6727.1,0
38534,"2026-07-28 15:35:11.461758+00","2026-07-28T15:35:03Z_0001_aqi","TAMBARAM_GUINDY_011","Guindy-Tambaram",35,"Low air quality","pm10","OK","Success",6786.4,0
38535,"2026-07-28 15:35:11.461758+00","2026-07-28T15:35:03Z_0001_aqi","TAMBARAM_GUINDY_013","Guindy-Tambaram",36,"Low air quality","pm10","OK","Success",6840.6,0
38536,"2026-07-28 15:35:11.461758+00","2026-07-28T15:35:03Z_0001_aqi","TAMBARAM_GUINDY_020","Guindy-Tambaram",17,"Poor air quality","pm10","OK","Success",6864.3,0
38537,"2026-07-28 15:35:11.461758+00","2026-07-28T15:35:03Z_0001_aqi","GUINDY_TAMBARAM_017","Guindy-Tambaram",15,"Poor air quality","pm10","OK","Success",6868.1,0
38538,"2026-07-28 15:35:11.461758+00","2026-07-28T15:35:03Z_0001_aqi","TAMBARAM_GUINDY_024","Guindy-Tambaram",15,"Poor air quality","pm10","OK","Success",6922.6,0
38539,"2026-07-28 15:35:11.461758+00","2026-07-28T15:35:03Z_0001_aqi","TAMBARAM_GUINDY_022","Guindy-Tambaram",15,"Poor air quality","pm10","OK","Success",6922.2,0
38540,"2026-07-28 15:35:11.461758+00","2026-07-28T15:35:03Z_0001_aqi","TAMBARAM_GUINDY_023","Guindy-Tambaram",15,"Poor air quality","pm10","OK","Success",6926.5,0
38541,"2026-07-28 15:35:11.461758+00","2026-07-28T15:35:03Z_0001_aqi","TAMBARAM_GUINDY_025","Guindy-Tambaram",15,"Poor air quality","pm10","OK","Success",6931.1,0
38542,"2026-07-28 15:35:11.461758+00","2026-07-28T15:35:03Z_0001_aqi","TAMBARAM_GUINDY_026","Guindy-Tambaram",15,"Poor air quality","pm10","OK","Success",6949.7,0
38543,"2026-07-28 15:35:11.461758+00","2026-07-28T15:35:03Z_0001_aqi","TAMBARAM_GUINDY_028","Guindy-Tambaram",15,"Poor air quality","pm10","OK","Success",6961.4,0
38544,"2026-07-28 15:35:11.461758+00","2026-07-28T15:35:03Z_0001_aqi","TAMBARAM_GUINDY_030","Guindy-Tambaram",16,"Poor air quality","pm10","OK","Success",6964.2,0
38545,"2026-07-28 15:35:11.461758+00","2026-07-28T15:35:03Z_0001_aqi","TAMBARAM_GUINDY_029","Guindy-Tambaram",15,"Poor air quality","pm10","OK","Success",6970.8,0
38546,"2026-07-28 15:35:11.461758+00","2026-07-28T15:35:03Z_0001_aqi","TAMBARAM_GUINDY_031","Guindy-Tambaram",16,"Poor air quality","pm10","OK","Success",6975.1,0
38547,"2026-07-28 15:35:11.461758+00","2026-07-28T15:35:03Z_0001_aqi","TAMBARAM_GUINDY_033","Guindy-Tambaram",17,"Poor air quality","pm10","OK","Success",6985.0,0
38548,"2026-07-28 15:35:11.461758+00","2026-07-28T15:35:03Z_0001_aqi","GUINDY_TAMBARAM_037","Guindy-Tambaram",34,"Low air quality","pm10","OK","Success",7012.6,0
38549,"2026-07-28 15:35:11.461758+00","2026-07-28T15:35:03Z_0001_aqi","TAMBARAM_GUINDY_034","Guindy-Tambaram",20,"Low air quality","pm10","OK","Success",7016.1,0
38550,"2026-07-28 15:35:11.461758+00","2026-07-28T15:35:03Z_0001_aqi","GUINDY_TAMBARAM_022","Guindy-Tambaram",19,"Poor air quality","pm10","OK","Success",7046.6,0
38551,"2026-07-28 15:35:11.461758+00","2026-07-28T15:35:03Z_0001_aqi","TAMBARAM_GUINDY_037","Guindy-Tambaram",28,"Low air quality","pm10","OK","Success",7144.7,0
38552,"2026-07-28 15:35:11.461758+00","2026-07-28T15:35:03Z_0001_aqi","TAMBARAM_GUINDY_039","Guindy-Tambaram",31,"Low air quality","pm10","OK","Success",7203.2,0
38553,"2026-07-28 15:35:11.461758+00","2026-07-28T15:35:03Z_0001_aqi","CENTRAL_PUZHAL_002","Puzhal-Central",42,"Moderate air quality","pm10","OK","Success",7208.4,0
38554,"2026-07-28 15:35:11.461758+00","2026-07-28T15:35:03Z_0001_aqi","CENTRAL_PUZHAL_001","Puzhal-Central",41,"Moderate air quality","pm10","OK","Success",7210.0,0
38555,"2026-07-28 15:35:11.461758+00","2026-07-28T15:35:03Z_0001_aqi","CENTRAL_PUZHAL_003","Puzhal-Central",48,"Moderate air quality","pm10","OK","Success",7212.4,0
38556,"2026-07-28 15:35:11.461758+00","2026-07-28T15:35:03Z_0001_aqi","CENTRAL_PUZHAL_004","Puzhal-Central",48,"Moderate air quality","pm10","OK","Success",7233.0,0
38557,"2026-07-28 15:35:11.461758+00","2026-07-28T15:35:03Z_0001_aqi","CENTRAL_PUZHAL_005","Puzhal-Central",48,"Moderate air quality","pm10","OK","Success",7246.3,0
38558,"2026-07-28 15:35:11.461758+00","2026-07-28T15:35:03Z_0001_aqi","CENTRAL_PUZHAL_006","Puzhal-Central",42,"Moderate air quality","pm10","OK","Success",7247.8,0
38559,"2026-07-28 15:35:11.461758+00","2026-07-28T15:35:03Z_0001_aqi","CENTRAL_PUZHAL_007","Puzhal-Central",42,"Moderate air quality","pm10","OK","Success",7254.4,0
38560,"2026-07-28 15:35:11.461758+00","2026-07-28T15:35:03Z_0001_aqi","CENTRAL_PUZHAL_008","Puzhal-Central",42,"Moderate air quality","pm10","OK","Success",7262.5,0
38561,"2026-07-28 15:35:11.461758+00","2026-07-28T15:35:03Z_0001_aqi","CENTRAL_PUZHAL_009","Puzhal-Central",41,"Moderate air quality","pm10","OK","Success",7276.6,0
38562,"2026-07-28 15:35:11.461758+00","2026-07-28T15:35:03Z_0001_aqi","CENTRAL_PUZHAL_011","Puzhal-Central",38,"Low air quality","pm10","OK","Success",7300.4,0
38563,"2026-07-28 15:35:11.461758+00","2026-07-28T15:35:03Z_0001_aqi","TAMBARAM_GUINDY_038","Guindy-Tambaram",30,"Low air quality","pm10","OK","Success",7308.4,0
38564,"2026-07-28 15:35:11.461758+00","2026-07-28T15:35:03Z_0001_aqi","TAMBARAM_GUINDY_032","Guindy-Tambaram",17,"Poor air quality","pm10","OK","Success",7315.5,0
38565,"2026-07-28 15:35:11.461758+00","2026-07-28T15:35:03Z_0001_aqi","TAMBARAM_GUINDY_021","Guindy-Tambaram",16,"Poor air quality","pm10","OK","Success",7401.7,0
38566,"2026-07-28 15:35:11.461758+00","2026-07-28T15:35:03Z_0001_aqi","CENTRAL_PUZHAL_013","Puzhal-Central",38,"Low air quality","pm10","OK","Success",7418.9,0
38567,"2026-07-28 15:35:11.461758+00","2026-07-28T15:35:03Z_0001_aqi","TAMBARAM_GUINDY_027","Guindy-Tambaram",15,"Poor air quality","pm10","OK","Success",7450.4,0
38568,"2026-07-28 15:35:11.461758+00","2026-07-28T15:35:03Z_0001_aqi","CENTRAL_PUZHAL_012","Puzhal-Central",38,"Low air quality","pm10","OK","Success",7452.0,0
38569,"2026-07-28 15:35:11.461758+00","2026-07-28T15:35:03Z_0001_aqi","CENTRAL_PUZHAL_014","Puzhal-Central",38,"Low air quality","pm10","OK","Success",7486.4,0
38570,"2026-07-28 15:35:11.461758+00","2026-07-28T15:35:03Z_0001_aqi","CENTRAL_PUZHAL_015","Puzhal-Central",40,"Moderate air quality","pm10","OK","Success",7493.4,0
38571,"2026-07-28 15:35:11.461758+00","2026-07-28T15:35:03Z_0001_aqi","CENTRAL_PUZHAL_016","Puzhal-Central",38,"Low air quality","pm10","OK","Success",7500.8,0
38572,"2026-07-28 15:35:11.461758+00","2026-07-28T15:35:03Z_0001_aqi","CENTRAL_PUZHAL_017","Puzhal-Central",38,"Low air quality","pm10","OK","Success",7504.2,0
38573,"2026-07-28 15:35:11.461758+00","2026-07-28T15:35:03Z_0001_aqi","CENTRAL_PUZHAL_018","Puzhal-Central",41,"Moderate air quality","pm10","OK","Success",7517.5,0
38574,"2026-07-28 15:35:11.461758+00","2026-07-28T15:35:03Z_0001_aqi","CENTRAL_PUZHAL_019","Puzhal-Central",38,"Low air quality","pm10","OK","Success",7523.1,0
38575,"2026-07-28 15:35:11.461758+00","2026-07-28T15:35:03Z_0001_aqi","CENTRAL_PUZHAL_020","Puzhal-Central",39,"Low air quality","pm10","OK","Success",7533.5,0
38576,"2026-07-28 15:35:11.461758+00","2026-07-28T15:35:03Z_0001_aqi","CENTRAL_PUZHAL_021","Puzhal-Central",39,"Low air quality","pm10","OK","Success",7534.8,0
38577,"2026-07-28 15:35:11.461758+00","2026-07-28T15:35:03Z_0001_aqi","CENTRAL_PUZHAL_022","Puzhal-Central",39,"Low air quality","pm10","OK","Success",7539.4,0
38578,"2026-07-28 15:35:11.461758+00","2026-07-28T15:35:03Z_0001_aqi","CENTRAL_PUZHAL_023","Puzhal-Central",39,"Low air quality","pm25","OK","Success",7556.4,0
38579,"2026-07-28 15:35:11.461758+00","2026-07-28T15:35:03Z_0001_aqi","CENTRAL_PUZHAL_024","Puzhal-Central",39,"Low air quality","pm25","OK","Success",7588.8,0
38580,"2026-07-28 15:35:11.461758+00","2026-07-28T15:35:03Z_0001_aqi","CENTRAL_PUZHAL_ATGRADE_001","Puzhal-Central",38,"Low air quality","pm10","OK","Success",7701.8,0
38581,"2026-07-28 15:35:11.461758+00","2026-07-28T15:35:03Z_0001_aqi","CENTRAL_PUZHAL_010","Puzhal-Central",39,"Low air quality","pm10","OK","Success",7757.7,0
38582,"2026-07-28 15:35:11.461758+00","2026-07-28T15:35:03Z_0001_aqi","CENTRAL_PUZHAL_ATGRADE_004","Puzhal-Central",42,"Moderate air quality","pm10","OK","Success",7770.0,0
38583,"2026-07-28 15:35:11.461758+00","2026-07-28T15:35:03Z_0001_aqi","PUZHAL_CENTRAL_002","Puzhal-Central",38,"Low air quality","pm25","OK","Success",7779.2,0
38584,"2026-07-28 15:35:11.461758+00","2026-07-28T15:35:03Z_0001_aqi","PUZHAL_CENTRAL_001","Puzhal-Central",39,"Low air quality","pm25","OK","Success",7784.7,0
38585,"2026-07-28 15:35:11.461758+00","2026-07-28T15:35:03Z_0001_aqi","PUZHAL_CENTRAL_003","Puzhal-Central",39,"Low air quality","pm25","OK","Success",7787.1,0
38586,"2026-07-28 15:35:11.461758+00","2026-07-28T15:35:03Z_0001_aqi","PUZHAL_CENTRAL_004","Puzhal-Central",39,"Low air quality","pm25","OK","Success",7804.6,0
38587,"2026-07-28 15:35:11.461758+00","2026-07-28T15:35:03Z_0001_aqi","PUZHAL_CENTRAL_008","Puzhal-Central",39,"Low air quality","pm10","OK","Success",7813.1,0
38588,"2026-07-28 15:35:11.461758+00","2026-07-28T15:35:03Z_0001_aqi","PUZHAL_CENTRAL_006","Puzhal-Central",39,"Low air quality","pm10","OK","Success",7813.6,0
38589,"2026-07-28 15:35:11.461758+00","2026-07-28T15:35:03Z_0001_aqi","PUZHAL_CENTRAL_007","Puzhal-Central",39,"Low air quality","pm10","OK","Success",7816.1,0
38590,"2026-07-28 15:35:11.461758+00","2026-07-28T15:35:03Z_0001_aqi","PUZHAL_CENTRAL_005","Puzhal-Central",39,"Low air quality","pm25","OK","Success",7817.1,0
38591,"2026-07-28 15:35:11.461758+00","2026-07-28T15:35:03Z_0001_aqi","PUZHAL_CENTRAL_009","Puzhal-Central",38,"Low air quality","pm10","OK","Success",7833.2,0
38592,"2026-07-28 15:35:11.461758+00","2026-07-28T15:35:03Z_0001_aqi","PUZHAL_CENTRAL_010","Puzhal-Central",41,"Moderate air quality","pm10","OK","Success",7869.2,0
38593,"2026-07-28 15:35:11.461758+00","2026-07-28T15:35:03Z_0001_aqi","PUZHAL_CENTRAL_011","Puzhal-Central",38,"Low air quality","pm10","OK","Success",7982.2,0
38594,"2026-07-28 15:35:11.461758+00","2026-07-28T15:35:03Z_0001_aqi","PUZHAL_CENTRAL_013","Puzhal-Central",40,"Moderate air quality","pm10","OK","Success",8050.3,0
38595,"2026-07-28 15:35:11.461758+00","2026-07-28T15:35:03Z_0001_aqi","PUZHAL_CENTRAL_014","Puzhal-Central",38,"Low air quality","pm10","OK","Success",8064.5,0
38596,"2026-07-28 15:35:11.461758+00","2026-07-28T15:35:03Z_0001_aqi","TAMBARAM_GUINDY_035","Guindy-Tambaram",24,"Low air quality","pm10","OK","Success",8068.1,0
38597,"2026-07-28 15:35:11.461758+00","2026-07-28T15:35:03Z_0001_aqi","PUZHAL_CENTRAL_016","Puzhal-Central",38,"Low air quality","pm10","OK","Success",8066.8,0
38598,"2026-07-28 15:35:11.461758+00","2026-07-28T15:35:03Z_0001_aqi","PUZHAL_CENTRAL_015","Puzhal-Central",38,"Low air quality","pm10","OK","Success",8068.2,0
38599,"2026-07-28 15:35:11.461758+00","2026-07-28T15:35:03Z_0001_aqi","TAMBARAM_GUINDY_036","Guindy-Tambaram",28,"Low air quality","pm10","OK","Success",8075.6,0
38600,"2026-07-28 15:35:11.461758+00","2026-07-28T15:35:03Z_0001_aqi","PUZHAL_CENTRAL_017","Puzhal-Central",42,"Moderate air quality","pm10","OK","Success",8089.4,0
38601,"2026-07-28 15:35:11.461758+00","2026-07-28T15:35:03Z_0001_aqi","PUZHAL_CENTRAL_018","Puzhal-Central",39,"Low air quality","pm10","OK","Success",8094.3,0
38602,"2026-07-28 15:35:11.461758+00","2026-07-28T15:35:03Z_0001_aqi","PUZHAL_CENTRAL_020","Puzhal-Central",42,"Moderate air quality","pm10","OK","Success",8102.9,0
38603,"2026-07-28 15:35:11.461758+00","2026-07-28T15:35:03Z_0001_aqi","PUZHAL_CENTRAL_019","Puzhal-Central",41,"Moderate air quality","pm10","OK","Success",8103.1,0
38604,"2026-07-28 15:35:11.461758+00","2026-07-28T15:35:03Z_0001_aqi","PUZHAL_CENTRAL_022","Puzhal-Central",42,"Moderate air quality","pm10","OK","Success",8107.7,0
38605,"2026-07-28 15:35:11.461758+00","2026-07-28T15:35:03Z_0001_aqi","PUZHAL_CENTRAL_021","Puzhal-Central",42,"Moderate air quality","pm10","OK","Success",8116.5,0
38606,"2026-07-28 15:35:11.461758+00","2026-07-28T15:35:03Z_0001_aqi","PUZHAL_CENTRAL_023","Puzhal-Central",48,"Moderate air quality","pm10","OK","Success",8156.9,0
38607,"2026-07-28 15:35:11.461758+00","2026-07-28T15:35:03Z_0001_aqi","CENTRAL_PUZHAL_027","Puzhal-Central",39,"Low air quality","pm25","OK","Success",8254.3,0
38608,"2026-07-28 15:35:11.461758+00","2026-07-28T15:35:03Z_0001_aqi","PUZHAL_CENTRAL_024","Puzhal-Central",48,"Moderate air quality","pm10","OK","Success",8259.7,0
38609,"2026-07-28 15:35:11.461758+00","2026-07-28T15:35:03Z_0001_aqi","PUZHAL_CENTRAL_025","Puzhal-Central",48,"Moderate air quality","pm10","OK","Success",8327.8,0
38610,"2026-07-28 15:35:11.461758+00","2026-07-28T15:35:03Z_0001_aqi","PUZHAL_CENTRAL_ATGRADE_001","Puzhal-Central",39,"Low air quality","pm10","OK","Success",8345.8,0
38611,"2026-07-28 15:35:11.461758+00","2026-07-28T15:35:03Z_0001_aqi","PUZHAL_CENTRAL_ATGRADE_002","Puzhal-Central",41,"Moderate air quality","pm10","OK","Success",8348.3,0
38612,"2026-07-28 15:35:11.461758+00","2026-07-28T15:35:03Z_0001_aqi","PUZHAL_CENTRAL_026","Puzhal-Central",42,"Moderate air quality","pm10","OK","Success",8349.0,0
38613,"2026-07-28 15:35:11.461758+00","2026-07-28T15:35:03Z_0001_aqi","CENTRAL_PUZHAL_ATGRADE_002","Puzhal-Central",41,"Moderate air quality","pm10","OK","Success",8352.3,0
38614,"2026-07-28 15:35:11.461758+00","2026-07-28T15:35:03Z_0001_aqi","PUZHAL_CENTRAL_ATGRADE_004","Puzhal-Central",42,"Moderate air quality","pm10","OK","Success",8375.1,0
38615,"2026-07-28 15:35:11.461758+00","2026-07-28T15:35:03Z_0001_aqi","PALLAVARAM_THORAIPAKKAM_001","Thoraipakkam-Pallavaram",32,"Low air quality","pm10","OK","Success",8376.3,0
38616,"2026-07-28 15:35:11.461758+00","2026-07-28T15:35:03Z_0001_aqi","PALLAVARAM_THORAIPAKKAM_002","Thoraipakkam-Pallavaram",34,"Low air quality","pm10","OK","Success",8377.2,0
38617,"2026-07-28 15:35:11.461758+00","2026-07-28T15:35:03Z_0001_aqi","CENTRAL_PUZHAL_026","Puzhal-Central",38,"Low air quality","pm25","OK","Success",8384.0,0
38618,"2026-07-28 15:35:11.461758+00","2026-07-28T15:35:03Z_0001_aqi","PUZHAL_CENTRAL_ATGRADE_005","Puzhal-Central",39,"Low air quality","pm10","OK","Success",8390.7,0
38619,"2026-07-28 15:35:11.461758+00","2026-07-28T15:35:03Z_0001_aqi","PALLAVARAM_THORAIPAKKAM_004","Thoraipakkam-Pallavaram",19,"Poor air quality","pm10","OK","Success",8393.1,0
38620,"2026-07-28 15:35:11.461758+00","2026-07-28T15:35:03Z_0001_aqi","PALLAVARAM_THORAIPAKKAM_003","Thoraipakkam-Pallavaram",33,"Low air quality","pm10","OK","Success",8398.0,0
38621,"2026-07-28 15:35:11.461758+00","2026-07-28T15:35:03Z_0001_aqi","PUZHAL_CENTRAL_027","Puzhal-Central",41,"Moderate air quality","pm10","OK","Success",8400.4,0
38622,"2026-07-28 15:35:11.461758+00","2026-07-28T15:35:03Z_0001_aqi","PALLAVARAM_THORAIPAKKAM_005","Thoraipakkam-Pallavaram",17,"Poor air quality","pm10","OK","Success",8441.1,0
38623,"2026-07-28 15:35:11.461758+00","2026-07-28T15:35:03Z_0001_aqi","PUZHAL_CENTRAL_ATGRADE_003","Puzhal-Central",39,"Low air quality","pm10","OK","Success",8469.1,0
38624,"2026-07-28 15:35:11.461758+00","2026-07-28T15:35:03Z_0001_aqi","CENTRAL_PUZHAL_025","Puzhal-Central",39,"Low air quality","pm25","OK","Success",8488.1,0
38625,"2026-07-28 15:35:11.461758+00","2026-07-28T15:35:03Z_0001_aqi","PALLAVARAM_THORAIPAKKAM_007","Thoraipakkam-Pallavaram",15,"Poor air quality","pm10","OK","Success",8542.5,0
38626,"2026-07-28 15:35:11.461758+00","2026-07-28T15:35:03Z_0001_aqi","PUZHAL_CENTRAL_012","Puzhal-Central",38,"Low air quality","pm10","OK","Success",8598.5,0
38627,"2026-07-28 15:35:11.461758+00","2026-07-28T15:35:03Z_0001_aqi","PALLAVARAM_THORAIPAKKAM_008","Thoraipakkam-Pallavaram",15,"Poor air quality","pm10","OK","Success",8615.0,0
38628,"2026-07-28 15:35:11.461758+00","2026-07-28T15:35:03Z_0001_aqi","PALLAVARAM_THORAIPAKKAM_009","Thoraipakkam-Pallavaram",14,"Poor air quality","pm10","OK","Success",8623.3,0
38629,"2026-07-28 15:35:11.461758+00","2026-07-28T15:35:03Z_0001_aqi","PALLAVARAM_THORAIPAKKAM_010","Thoraipakkam-Pallavaram",14,"Poor air quality","pm10","OK","Success",8631.0,0
38630,"2026-07-28 15:35:11.461758+00","2026-07-28T15:35:03Z_0001_aqi","PALLAVARAM_THORAIPAKKAM_AT_GRADE_001","Thoraipakkam-Pallavaram",18,"Poor air quality","pm10","OK","Success",8631.3,0
38631,"2026-07-28 15:35:11.461758+00","2026-07-28T15:35:03Z_0001_aqi","THORAIPAKKAM_PALLAVARM_002","Thoraipakkam-Pallavaram",14,"Poor air quality","pm10","OK","Success",8661.8,0
38632,"2026-07-28 15:35:11.461758+00","2026-07-28T15:35:03Z_0001_aqi","THORAIPAKKAM_PALLAVARM_003","Thoraipakkam-Pallavaram",15,"Poor air quality","pm10","OK","Success",8662.0,0
38633,"2026-07-28 15:35:11.461758+00","2026-07-28T15:35:03Z_0001_aqi","THORAIPAKKAM_PALLAVARM_001","Thoraipakkam-Pallavaram",14,"Poor air quality","pm10","OK","Success",8665.0,0
38634,"2026-07-28 15:35:11.461758+00","2026-07-28T15:35:03Z_0001_aqi","THORAIPAKKAM_PALLAVARM_005","Thoraipakkam-Pallavaram",16,"Poor air quality","pm10","OK","Success",8670.4,0
38635,"2026-07-28 15:35:11.461758+00","2026-07-28T15:35:03Z_0001_aqi","THORAIPAKKAM_PALLAVARM_006","Thoraipakkam-Pallavaram",17,"Poor air quality","pm10","OK","Success",8677.8,0
38636,"2026-07-28 15:35:11.461758+00","2026-07-28T15:35:03Z_0001_aqi","THORAIPAKKAM_PALLAVARM_007","Thoraipakkam-Pallavaram",19,"Poor air quality","pm10","OK","Success",8679.7,0
38637,"2026-07-28 15:35:11.461758+00","2026-07-28T15:35:03Z_0001_aqi","THORAIPAKKAM_PALLAVARM_009","Thoraipakkam-Pallavaram",34,"Low air quality","pm10","OK","Success",8728.6,0
38638,"2026-07-28 15:35:11.461758+00","2026-07-28T15:35:03Z_0001_aqi","CENTRAL_PUZHAL_ATGRADE_003","Puzhal-Central",39,"Low air quality","pm10","OK","Success",8752.8,0
38639,"2026-07-28 15:35:11.461758+00","2026-07-28T15:35:03Z_0001_aqi","THORAIPAKKAM_PALLAVARM_AT_GRADE_002","Thoraipakkam-Pallavaram",17,"Poor air quality","pm10","OK","Success",8822.2,0
38640,"2026-07-28 15:35:11.461758+00","2026-07-28T15:35:03Z_0001_aqi","THORAIPAKKAM_PALLAVARM_AT_GRADE_001","Thoraipakkam-Pallavaram",18,"Poor air quality","pm10","OK","Success",8895.0,0
38641,"2026-07-28 15:35:11.461758+00","2026-07-28T15:35:03Z_0001_aqi","THORAIPAKKAM_PALLAVARM_004","Thoraipakkam-Pallavaram",15,"Poor air quality","pm10","OK","Success",8990.8,0
38642,"2026-07-28 15:35:11.461758+00","2026-07-28T15:35:03Z_0001_aqi","PALLAVARAM_THORAIPAKKAM_006","Thoraipakkam-Pallavaram",16,"Poor air quality","pm10","OK","Success",9009.8,0
38643,"2026-07-28 15:35:11.461758+00","2026-07-28T15:35:03Z_0001_aqi","PALLAVARAM_THORAIPAKKAM_AT_GRADE_002","Thoraipakkam-Pallavaram",17,"Poor air quality","pm10","OK","Success",9078.4,0
38644,"2026-07-28 15:35:11.461758+00","2026-07-28T15:35:03Z_0001_aqi","THORAIPAKKAM_PALLAVARM_008","Thoraipakkam-Pallavaram",33,"Low air quality","pm10","OK","Success",9732.6,0
38645,"2026-07-28 15:35:11.461758+00","2026-07-28T15:35:03Z_0001_aqi","THORAIPAKKAM_PALLAVARM_010","Thoraipakkam-Pallavaram",32,"Low air quality","pm10","OK","Success",9740.5,0
38646,"2026-07-28 18:35:10.239229+00","2026-07-28T18:35:03Z_0001_aqi","KILAMBAKKAM_LITTLEMOUNT_009","Corridor_Littlemount_Kilambakkam",46,"Moderate air quality","pm10","OK","Success",1658.5,0
38647,"2026-07-28 18:35:10.239229+00","2026-07-28T18:35:03Z_0001_aqi","KILAMBAKKAM_LITTLEMOUNT_002","Corridor_Littlemount_Kilambakkam",46,"Moderate air quality","pm10","OK","Success",1659.7,0
38648,"2026-07-28 18:35:10.239229+00","2026-07-28T18:35:03Z_0001_aqi","KILAMBAKKAM_LITTLEMOUNT_010","Corridor_Littlemount_Kilambakkam",46,"Moderate air quality","pm10","OK","Success",1667.5,0
38649,"2026-07-28 18:35:10.239229+00","2026-07-28T18:35:03Z_0001_aqi","KILAMBAKKAM_LITTLEMOUNT(AT_GRADE_BELOWFLYOVER)_006","Corridor_Littlemount_Kilambakkam",42,"Moderate air quality","pm10","OK","Success",1674.1,0
38650,"2026-07-28 18:35:10.239229+00","2026-07-28T18:35:03Z_0001_aqi","KILAMBAKKAM_LITTLEMOUNT(AT_GRADE_BELOWFLYOVER)_001","Corridor_Littlemount_Kilambakkam",42,"Moderate air quality","pm10","OK","Success",1688.6,0
38651,"2026-07-28 18:35:10.239229+00","2026-07-28T18:35:03Z_0001_aqi","KILAMBAKKAM_LITTLEMOUNT_001","Corridor_Littlemount_Kilambakkam",46,"Moderate air quality","pm10","OK","Success",1691.2,0
38652,"2026-07-28 18:35:10.239229+00","2026-07-28T18:35:03Z_0001_aqi","KILAMBAKKAM_LITTLEMOUNT_005","Corridor_Littlemount_Kilambakkam",46,"Moderate air quality","pm10","OK","Success",1691.7,0
38653,"2026-07-28 18:35:10.239229+00","2026-07-28T18:35:03Z_0001_aqi","KILAMBAKKAM_LITTLEMOUNT_003","Corridor_Littlemount_Kilambakkam",46,"Moderate air quality","pm10","OK","Success",1701.5,0
38654,"2026-07-28 18:35:10.239229+00","2026-07-28T18:35:03Z_0001_aqi","KILAMBAKKAM_LITTLEMOUNT_006","Corridor_Littlemount_Kilambakkam",46,"Moderate air quality","pm10","OK","Success",1702.2,0
38655,"2026-07-28 18:35:10.239229+00","2026-07-28T18:35:03Z_0001_aqi","KILAMBAKKAM_LITTLEMOUNT(AT_GRADE_BELOWFLYOVER)_002","Corridor_Littlemount_Kilambakkam",42,"Moderate air quality","pm10","OK","Success",1704.0,0
38656,"2026-07-28 18:35:10.239229+00","2026-07-28T18:35:03Z_0001_aqi","KILAMBAKKAM_LITTLEMOUNT(AT_GRADE_BELOWFLYOVER)_009","Corridor_Littlemount_Kilambakkam",46,"Moderate air quality","pm10","OK","Success",1705.7,0
38657,"2026-07-28 18:35:10.239229+00","2026-07-28T18:35:03Z_0001_aqi","KILAMBAKKAM_LITTLEMOUNT_004","Corridor_Littlemount_Kilambakkam",46,"Moderate air quality","pm10","OK","Success",1705.5,0
38658,"2026-07-28 18:35:10.239229+00","2026-07-28T18:35:03Z_0001_aqi","KILAMBAKKAM_LITTLEMOUNT_011","Corridor_Littlemount_Kilambakkam",44,"Moderate air quality","pm10","OK","Success",1706.1,0
38659,"2026-07-28 18:35:10.239229+00","2026-07-28T18:35:03Z_0001_aqi","KILAMBAKKAM_LITTLEMOUNT(AT_GRADE_BELOWFLYOVER)_004","Corridor_Littlemount_Kilambakkam",42,"Moderate air quality","pm10","OK","Success",1707.4,0
38660,"2026-07-28 18:35:10.239229+00","2026-07-28T18:35:03Z_0001_aqi","KILAMBAKKAM_LITTLEMOUNT(AT_GRADE_BELOWFLYOVER)_008","Corridor_Littlemount_Kilambakkam",46,"Moderate air quality","pm10","OK","Success",1707.7,0
38661,"2026-07-28 18:35:10.239229+00","2026-07-28T18:35:03Z_0001_aqi","KILAMBAKKAM_LITTLEMOUNT(AT_GRADE_BELOWFLYOVER)_007","Corridor_Littlemount_Kilambakkam",42,"Moderate air quality","pm10","OK","Success",1729.0,0
38662,"2026-07-28 18:35:10.239229+00","2026-07-28T18:35:03Z_0001_aqi","KILAMBAKKAM_LITTLEMOUNT_007","Corridor_Littlemount_Kilambakkam",46,"Moderate air quality","pm10","OK","Success",1758.2,0
38663,"2026-07-28 18:35:10.239229+00","2026-07-28T18:35:03Z_0001_aqi","KILAMBAKKAM_LITTLEMOUNT(AT_GRADE_BELOWFLYOVER)_005","Corridor_Littlemount_Kilambakkam",42,"Moderate air quality","pm10","OK","Success",1768.0,0
38664,"2026-07-28 18:35:10.239229+00","2026-07-28T18:35:03Z_0001_aqi","KILAMBAKKAM_LITTLEMOUNT_008","Corridor_Littlemount_Kilambakkam",46,"Moderate air quality","pm10","OK","Success",1822.0,0
38665,"2026-07-28 18:35:10.239229+00","2026-07-28T18:35:03Z_0001_aqi","KILAMBAKKAM_LITTLEMOUNT(AT_GRADE_BELOWFLYOVER)_003","Corridor_Littlemount_Kilambakkam",42,"Moderate air quality","pm10","OK","Success",1865.3,0
38666,"2026-07-28 18:35:10.239229+00","2026-07-28T18:35:03Z_0001_aqi","KILAMBAKKAM_LITTLEMOUNT_013","Corridor_Littlemount_Kilambakkam",43,"Moderate air quality","pm10","OK","Success",1932.9,0
38667,"2026-07-28 18:35:10.239229+00","2026-07-28T18:35:03Z_0001_aqi","KILAMBAKKAM_LITTLEMOUNT_014","Corridor_Littlemount_Kilambakkam",43,"Moderate air quality","pm10","OK","Success",1944.6,0
38668,"2026-07-28 18:35:10.239229+00","2026-07-28T18:35:03Z_0001_aqi","KILAMBAKKAM_LITTLEMOUNT_012","Corridor_Littlemount_Kilambakkam",44,"Moderate air quality","pm10","OK","Success",1946.7,0
38669,"2026-07-28 18:35:10.239229+00","2026-07-28T18:35:03Z_0001_aqi","KILAMBAKKAM_LITTLEMOUNT_017","Corridor_Littlemount_Kilambakkam",43,"Moderate air quality","pm10","OK","Success",1965.6,0
38670,"2026-07-28 18:35:10.239229+00","2026-07-28T18:35:03Z_0001_aqi","KILAMBAKKAM_LITTLEMOUNT_018","Corridor_Littlemount_Kilambakkam",42,"Moderate air quality","pm10","OK","Success",1968.9,0
38671,"2026-07-28 18:35:10.239229+00","2026-07-28T18:35:03Z_0001_aqi","KILAMBAKKAM_LITTLEMOUNT_016","Corridor_Littlemount_Kilambakkam",42,"Moderate air quality","pm10","OK","Success",1971.7,0
38672,"2026-07-28 18:35:10.239229+00","2026-07-28T18:35:03Z_0001_aqi","KILAMBAKKAM_LITTLEMOUNT_020","Corridor_Littlemount_Kilambakkam",43,"Moderate air quality","pm10","OK","Success",1979.4,0
38673,"2026-07-28 18:35:10.239229+00","2026-07-28T18:35:03Z_0001_aqi","KILAMBAKKAM_LITTLEMOUNT_024","Corridor_Littlemount_Kilambakkam",38,"Low air quality","pm10","OK","Success",1980.0,0
38674,"2026-07-28 18:35:10.239229+00","2026-07-28T18:35:03Z_0001_aqi","KILAMBAKKAM_LITTLEMOUNT_019","Corridor_Littlemount_Kilambakkam",41,"Moderate air quality","pm10","OK","Success",1988.6,0
38675,"2026-07-28 18:35:10.239229+00","2026-07-28T18:35:03Z_0001_aqi","KILAMBAKKAM_LITTLEMOUNT_023","Corridor_Littlemount_Kilambakkam",39,"Low air quality","pm10","OK","Success",1989.5,0
38676,"2026-07-28 18:35:10.239229+00","2026-07-28T18:35:03Z_0001_aqi","KILAMBAKKAM_LITTLEMOUNT_021","Corridor_Littlemount_Kilambakkam",42,"Moderate air quality","pm10","OK","Success",1991.3,0
38677,"2026-07-28 18:35:10.239229+00","2026-07-28T18:35:03Z_0001_aqi","KILAMBAKKAM_LITTLEMOUNT_025","Corridor_Littlemount_Kilambakkam",38,"Low air quality","pm10","OK","Success",1991.9,0
38678,"2026-07-28 18:35:10.239229+00","2026-07-28T18:35:03Z_0001_aqi","KILAMBAKKAM_LITTLEMOUNT_022","Corridor_Littlemount_Kilambakkam",41,"Moderate air quality","pm10","OK","Success",1992.4,0
38679,"2026-07-28 18:35:10.239229+00","2026-07-28T18:35:03Z_0001_aqi","KILAMBAKKAM_LITTLEMOUNT_027","Corridor_Littlemount_Kilambakkam",38,"Low air quality","pm10","OK","Success",2022.4,0
38680,"2026-07-28 18:35:10.239229+00","2026-07-28T18:35:03Z_0001_aqi","KILAMBAKKAM_LITTLEMOUNT_015","Corridor_Littlemount_Kilambakkam",43,"Moderate air quality","pm10","OK","Success",2059.9,0
38681,"2026-07-28 18:35:10.239229+00","2026-07-28T18:35:03Z_0001_aqi","KILAMBAKKAM_LITTLEMOUNT_029","Corridor_Littlemount_Kilambakkam",37,"Low air quality","pm10","OK","Success",2061.1,0
38682,"2026-07-28 18:35:10.239229+00","2026-07-28T18:35:03Z_0001_aqi","LITTLEMOUNT_KILAMBAKKAM(AT_GRADE_BELOWFLYOVER)_001","Corridor_Littlemount_Kilambakkam",42,"Moderate air quality","pm10","OK","Success",2141.3,0
38683,"2026-07-28 18:35:10.239229+00","2026-07-28T18:35:03Z_0001_aqi","LITTLEMOUNT_KILAMBAKKAM(AT_GRADE_BELOWFLYOVER)_002","Corridor_Littlemount_Kilambakkam",42,"Moderate air quality","pm10","OK","Success",2183.4,0
38684,"2026-07-28 18:35:10.239229+00","2026-07-28T18:35:03Z_0001_aqi","KILAMBAKKAM_LITTLEMOUNT_028","Corridor_Littlemount_Kilambakkam",37,"Low air quality","pm10","OK","Success",2244.6,0
38685,"2026-07-28 18:35:10.239229+00","2026-07-28T18:35:03Z_0001_aqi","LITTLEMOUNT_KILAMBAKKAM(AT_GRADE_BELOWFLYOVER)_005","Corridor_Littlemount_Kilambakkam",46,"Moderate air quality","pm10","OK","Success",3221.7,0
38686,"2026-07-28 18:35:10.239229+00","2026-07-28T18:35:03Z_0001_aqi","LITTLEMOUNT_KILAMBAKKAM_011","Corridor_Littlemount_Kilambakkam",41,"Moderate air quality","pm10","OK","Success",3255.0,0
38687,"2026-07-28 18:35:10.239229+00","2026-07-28T18:35:03Z_0001_aqi","LITTLEMOUNT_KILAMBAKKAM(AT_GRADE_BELOWFLYOVER)_004","Corridor_Littlemount_Kilambakkam",42,"Moderate air quality","pm10","OK","Success",3255.7,0
38688,"2026-07-28 18:35:10.239229+00","2026-07-28T18:35:03Z_0001_aqi","LITTLEMOUNT_KILAMBAKKAM(AT_GRADE_BELOWFLYOVER)_003","Corridor_Littlemount_Kilambakkam",42,"Moderate air quality","pm10","OK","Success",3263.5,0
38689,"2026-07-28 18:35:10.239229+00","2026-07-28T18:35:03Z_0001_aqi","LITTLEMOUNT_KILAMBAKKAM_006","Corridor_Littlemount_Kilambakkam",38,"Low air quality","pm10","OK","Success",3268.1,0
38690,"2026-07-28 18:35:10.239229+00","2026-07-28T18:35:03Z_0001_aqi","LITTLEMOUNT_KILAMBAKKAM_009","Corridor_Littlemount_Kilambakkam",38,"Low air quality","pm10","OK","Success",3270.4,0
38691,"2026-07-28 18:35:10.239229+00","2026-07-28T18:35:03Z_0001_aqi","LITTLEMOUNT_KILAMBAKKAM(AT_GRADE_BELOWFLYOVER)_006","Corridor_Littlemount_Kilambakkam",46,"Moderate air quality","pm10","OK","Success",3273.0,0
38692,"2026-07-28 18:35:10.239229+00","2026-07-28T18:35:03Z_0001_aqi","LITTLEMOUNT_KILAMBAKKAM_004","Corridor_Littlemount_Kilambakkam",37,"Low air quality","pm10","OK","Success",3282.6,0
38693,"2026-07-28 18:35:10.239229+00","2026-07-28T18:35:03Z_0001_aqi","LITTLEMOUNT_KILAMBAKKAM_001","Corridor_Littlemount_Kilambakkam",36,"Low air quality","pm10","OK","Success",3290.2,0
38694,"2026-07-28 18:35:10.239229+00","2026-07-28T18:35:03Z_0001_aqi","LITTLEMOUNT_KILAMBAKKAM_003","Corridor_Littlemount_Kilambakkam",36,"Low air quality","pm10","OK","Success",3290.8,0
38695,"2026-07-28 18:35:10.239229+00","2026-07-28T18:35:03Z_0001_aqi","KILAMBAKKAM_LITTLEMOUNT_026","Corridor_Littlemount_Kilambakkam",38,"Low air quality","pm10","OK","Success",3293.0,0
38696,"2026-07-28 18:35:10.239229+00","2026-07-28T18:35:03Z_0001_aqi","LITTLEMOUNT_KILAMBAKKAM_005","Corridor_Littlemount_Kilambakkam",37,"Low air quality","pm10","OK","Success",3304.9,0
38697,"2026-07-28 18:35:10.239229+00","2026-07-28T18:35:03Z_0001_aqi","LITTLEMOUNT_KILAMBAKKAM_002","Corridor_Littlemount_Kilambakkam",36,"Low air quality","pm10","OK","Success",3322.8,0
38698,"2026-07-28 18:35:10.239229+00","2026-07-28T18:35:03Z_0001_aqi","LITTLEMOUNT_KILAMBAKKAM_007","Corridor_Littlemount_Kilambakkam",38,"Low air quality","pm10","OK","Success",3336.2,0
38699,"2026-07-28 18:35:10.239229+00","2026-07-28T18:35:03Z_0001_aqi","LITTLEMOUNT_KILAMBAKKAM_008","Corridor_Littlemount_Kilambakkam",38,"Low air quality","pm10","OK","Success",3344.8,0
38700,"2026-07-28 18:35:10.239229+00","2026-07-28T18:35:03Z_0001_aqi","LITTLEMOUNT_KILAMBAKKAM_010","Corridor_Littlemount_Kilambakkam",39,"Low air quality","pm10","OK","Success",3393.6,0
38701,"2026-07-28 18:35:10.239229+00","2026-07-28T18:35:03Z_0001_aqi","LITTLEMOUNT_KILAMBAKKAM_015","Corridor_Littlemount_Kilambakkam",42,"Moderate air quality","pm10","OK","Success",3395.1,0
38702,"2026-07-28 18:35:10.239229+00","2026-07-28T18:35:03Z_0001_aqi","LITTLEMOUNT_KILAMBAKKAM_012","Corridor_Littlemount_Kilambakkam",42,"Moderate air quality","pm10","OK","Success",3411.0,0
38703,"2026-07-28 18:35:10.239229+00","2026-07-28T18:35:03Z_0001_aqi","LITTLEMOUNT_KILAMBAKKAM_013","Corridor_Littlemount_Kilambakkam",43,"Moderate air quality","pm10","OK","Success",3469.7,0
38704,"2026-07-28 18:35:10.239229+00","2026-07-28T18:35:03Z_0001_aqi","LITTLEMOUNT_KILAMBAKKAM_014","Corridor_Littlemount_Kilambakkam",41,"Moderate air quality","pm10","OK","Success",3476.3,0
38705,"2026-07-28 18:35:10.239229+00","2026-07-28T18:35:03Z_0001_aqi","LITTLEMOUNT_KILAMBAKKAM_016","Corridor_Littlemount_Kilambakkam",42,"Moderate air quality","pm10","OK","Success",3494.3,0
38706,"2026-07-28 18:35:10.239229+00","2026-07-28T18:35:03Z_0001_aqi","LITTLEMOUNT_KILAMBAKKAM_018","Corridor_Littlemount_Kilambakkam",43,"Moderate air quality","pm10","OK","Success",3526.5,0
38707,"2026-07-28 18:35:10.239229+00","2026-07-28T18:35:03Z_0001_aqi","LITTLEMOUNT_KILAMBAKKAM_019","Corridor_Littlemount_Kilambakkam",43,"Moderate air quality","pm10","OK","Success",3537.6,0
38708,"2026-07-28 18:35:10.239229+00","2026-07-28T18:35:03Z_0001_aqi","LITTLEMOUNT_KILAMBAKKAM_022","Corridor_Littlemount_Kilambakkam",44,"Moderate air quality","pm10","OK","Success",3542.0,0
38709,"2026-07-28 18:35:10.239229+00","2026-07-28T18:35:03Z_0001_aqi","LITTLEMOUNT_KILAMBAKKAM_021","Corridor_Littlemount_Kilambakkam",44,"Moderate air quality","pm10","OK","Success",3551.3,0
38710,"2026-07-28 18:35:10.239229+00","2026-07-28T18:35:03Z_0001_aqi","LITTLEMOUNT_KILAMBAKKAM_023","Corridor_Littlemount_Kilambakkam",46,"Moderate air quality","pm10","OK","Success",3553.7,0
38711,"2026-07-28 18:35:10.239229+00","2026-07-28T18:35:03Z_0001_aqi","LITTLEMOUNT_KILAMBAKKAM_024","Corridor_Littlemount_Kilambakkam",46,"Moderate air quality","pm10","OK","Success",3562.3,0
38712,"2026-07-28 18:35:10.239229+00","2026-07-28T18:35:03Z_0001_aqi","LITTLEMOUNT_KILAMBAKKAM_025","Corridor_Littlemount_Kilambakkam",46,"Moderate air quality","pm10","OK","Success",3563.8,0
38713,"2026-07-28 18:35:10.239229+00","2026-07-28T18:35:03Z_0001_aqi","LITTLEMOUNT_KILAMBAKKAM_026","Corridor_Littlemount_Kilambakkam",46,"Moderate air quality","pm10","OK","Success",3571.1,0
38714,"2026-07-28 18:35:10.239229+00","2026-07-28T18:35:03Z_0001_aqi","LITTLEMOUNT_KILAMBAKKAM_020","Corridor_Littlemount_Kilambakkam",43,"Moderate air quality","pm10","OK","Success",3577.7,0
38715,"2026-07-28 18:35:10.239229+00","2026-07-28T18:35:03Z_0001_aqi","LITTLEMOUNT_KILAMBAKKAM_027","Corridor_Littlemount_Kilambakkam",46,"Moderate air quality","pm10","OK","Success",3590.0,0
38716,"2026-07-28 18:35:10.239229+00","2026-07-28T18:35:03Z_0001_aqi","LITTLEMOUNT_KILAMBAKKAM_028","Corridor_Littlemount_Kilambakkam",46,"Moderate air quality","pm10","OK","Success",3604.3,0
38717,"2026-07-28 18:35:10.239229+00","2026-07-28T18:35:03Z_0001_aqi","LITTLEMOUNT_KILAMBAKKAM_029","Corridor_Littlemount_Kilambakkam",46,"Moderate air quality","pm10","OK","Success",3616.6,0
38718,"2026-07-28 18:35:10.239229+00","2026-07-28T18:35:03Z_0001_aqi","LITTLEMOUNT_KILAMBAKKAM_030","Corridor_Littlemount_Kilambakkam",46,"Moderate air quality","pm10","OK","Success",3619.4,0
38719,"2026-07-28 18:35:10.239229+00","2026-07-28T18:35:03Z_0001_aqi","LITTLEMOUNT_KILAMBAKKAM_017","Corridor_Littlemount_Kilambakkam",42,"Moderate air quality","pm10","OK","Success",3662.6,0
38720,"2026-07-28 18:35:10.239229+00","2026-07-28T18:35:03Z_0001_aqi","BROADWAY_KOYEMBEDU_001","EVR Salai",47,"Moderate air quality","pm10","OK","Success",3712.9,0
38721,"2026-07-28 18:35:10.239229+00","2026-07-28T18:35:03Z_0001_aqi","BROADWAY_KOYEMBEDU_002","EVR Salai",47,"Moderate air quality","pm10","OK","Success",3795.0,0
38722,"2026-07-28 18:35:10.239229+00","2026-07-28T18:35:03Z_0001_aqi","BROADWAY_KOYEMBEDU_012","EVR Salai",44,"Moderate air quality","pm10","OK","Success",3848.2,0
38723,"2026-07-28 18:35:10.239229+00","2026-07-28T18:35:03Z_0001_aqi","LITTLEMOUNT_KILAMBAKKAM_032","Corridor_Littlemount_Kilambakkam",46,"Moderate air quality","pm10","OK","Success",3864.2,0
38724,"2026-07-28 18:35:10.239229+00","2026-07-28T18:35:03Z_0001_aqi","BROADWAY_KOYEMBEDU_003","EVR Salai",46,"Moderate air quality","pm10","OK","Success",3864.8,0
38725,"2026-07-28 18:35:10.239229+00","2026-07-28T18:35:03Z_0001_aqi","LITTLEMOUNT_KILAMBAKKAM_031","Corridor_Littlemount_Kilambakkam",46,"Moderate air quality","pm10","OK","Success",4226.1,0
38726,"2026-07-28 18:35:10.239229+00","2026-07-28T18:35:03Z_0001_aqi","BROADWAY_KOYEMBEDU_004","EVR Salai",46,"Moderate air quality","pm10","OK","Success",4780.0,0
38727,"2026-07-28 18:35:10.239229+00","2026-07-28T18:35:03Z_0001_aqi","BROADWAY_KOYEMBEDU_013","EVR Salai",44,"Moderate air quality","pm10","OK","Success",4829.9,0
38728,"2026-07-28 18:35:10.239229+00","2026-07-28T18:35:03Z_0001_aqi","BROADWAY_KOYEMBEDU_018","EVR Salai",42,"Moderate air quality","pm10","OK","Success",4831.9,0
38729,"2026-07-28 18:35:10.239229+00","2026-07-28T18:35:03Z_0001_aqi","BROADWAY_KOYEMBEDU_008","EVR Salai",45,"Moderate air quality","pm10","OK","Success",4836.3,0
38730,"2026-07-28 18:35:10.239229+00","2026-07-28T18:35:03Z_0001_aqi","BROADWAY_KOYEMBEDU_010","EVR Salai",44,"Moderate air quality","pm10","OK","Success",4837.6,0
38731,"2026-07-28 18:35:10.239229+00","2026-07-28T18:35:03Z_0001_aqi","BROADWAY_KOYEMBEDU_009","EVR Salai",44,"Moderate air quality","pm10","OK","Success",4839.9,0
38732,"2026-07-28 18:35:10.239229+00","2026-07-28T18:35:03Z_0001_aqi","BROADWAY_KOYEMBEDU_005","EVR Salai",50,"Moderate air quality","pm10","OK","Success",4848.2,0
38733,"2026-07-28 18:35:10.239229+00","2026-07-28T18:35:03Z_0001_aqi","BROADWAY_KOYEMBEDU_011","EVR Salai",44,"Moderate air quality","pm10","OK","Success",4852.1,0
38734,"2026-07-28 18:35:10.239229+00","2026-07-28T18:35:03Z_0001_aqi","BROADWAY_KOYEMBEDU_006","EVR Salai",46,"Moderate air quality","pm10","OK","Success",4875.3,0
38735,"2026-07-28 18:35:10.239229+00","2026-07-28T18:35:03Z_0001_aqi","BROADWAY_KOYEMBEDU_007","EVR Salai",45,"Moderate air quality","pm10","OK","Success",4880.4,0
38736,"2026-07-28 18:35:10.239229+00","2026-07-28T18:35:03Z_0001_aqi","BROADWAY_KOYEMBEDU_014","EVR Salai",44,"Moderate air quality","pm10","OK","Success",4887.1,0
38737,"2026-07-28 18:35:10.239229+00","2026-07-28T18:35:03Z_0001_aqi","BROADWAY_KOYEMBEDU_017","EVR Salai",42,"Moderate air quality","pm10","OK","Success",4930.1,0
38738,"2026-07-28 18:35:10.239229+00","2026-07-28T18:35:03Z_0001_aqi","BROADWAY_KOYEMBEDU_015","EVR Salai",43,"Moderate air quality","pm10","OK","Success",4946.6,0
38739,"2026-07-28 18:35:10.239229+00","2026-07-28T18:35:03Z_0001_aqi","BROADWAY_KOYEMBEDU_016","EVR Salai",43,"Moderate air quality","pm10","OK","Success",4969.2,0
38740,"2026-07-28 18:35:10.239229+00","2026-07-28T18:35:03Z_0001_aqi","BROADWAY_KOYEMBEDU_024","EVR Salai",42,"Moderate air quality","pm10","OK","Success",4980.5,0
38741,"2026-07-28 18:35:10.239229+00","2026-07-28T18:35:03Z_0001_aqi","BROADWAY_KOYEMBEDU_019","EVR Salai",42,"Moderate air quality","pm10","OK","Success",4988.3,0
38742,"2026-07-28 18:35:10.239229+00","2026-07-28T18:35:03Z_0001_aqi","BROADWAY_KOYEMBEDU_022","EVR Salai",42,"Moderate air quality","pm10","OK","Success",5014.2,0
38743,"2026-07-28 18:35:10.239229+00","2026-07-28T18:35:03Z_0001_aqi","KOYEMBEDU_BROADWAY_003","EVR Salai",42,"Moderate air quality","pm10","OK","Success",5115.5,0
38744,"2026-07-28 18:35:10.239229+00","2026-07-28T18:35:03Z_0001_aqi","KOYEMBEDU_BROADWAY_005","EVR Salai",42,"Moderate air quality","pm10","OK","Success",5117.1,0
38745,"2026-07-28 18:35:10.239229+00","2026-07-28T18:35:03Z_0001_aqi","KOYEMBEDU_BROADWAY_002","EVR Salai",46,"Moderate air quality","pm10","OK","Success",5129.7,0
38746,"2026-07-28 18:35:10.239229+00","2026-07-28T18:35:03Z_0001_aqi","BROADWAY_KOYEMBEDU_021","EVR Salai",42,"Moderate air quality","pm10","OK","Success",5137.1,0
38747,"2026-07-28 18:35:10.239229+00","2026-07-28T18:35:03Z_0001_aqi","KOYEMBEDU_BROADWAY_004","EVR Salai",42,"Moderate air quality","pm10","OK","Success",5140.1,0
38748,"2026-07-28 18:35:10.239229+00","2026-07-28T18:35:03Z_0001_aqi","KOYEMBEDU_BROADWAY_006","EVR Salai",42,"Moderate air quality","pm10","OK","Success",5148.3,0
38749,"2026-07-28 18:35:10.239229+00","2026-07-28T18:35:03Z_0001_aqi","KOYEMBEDU_BROADWAY_007","EVR Salai",42,"Moderate air quality","pm10","OK","Success",5148.9,0
38750,"2026-07-28 18:35:10.239229+00","2026-07-28T18:35:03Z_0001_aqi","BROADWAY_KOYEMBEDU_020","EVR Salai",42,"Moderate air quality","pm10","OK","Success",5154.1,0
38751,"2026-07-28 18:35:10.239229+00","2026-07-28T18:35:03Z_0001_aqi","KOYEMBEDU_BROADWAY_008","EVR Salai",42,"Moderate air quality","pm10","OK","Success",5155.6,0
38752,"2026-07-28 18:35:10.239229+00","2026-07-28T18:35:03Z_0001_aqi","KOYEMBEDU_BROADWAY_009","EVR Salai",42,"Moderate air quality","pm10","OK","Success",5163.4,0
38753,"2026-07-28 18:35:10.239229+00","2026-07-28T18:35:03Z_0001_aqi","BROADWAY_KOYEMBEDU_026","EVR Salai",42,"Moderate air quality","pm10","OK","Success",5168.5,0
38754,"2026-07-28 18:35:10.239229+00","2026-07-28T18:35:03Z_0001_aqi","BROADWAY_KOYEMBEDU_023","EVR Salai",42,"Moderate air quality","pm10","OK","Success",5187.4,0
38755,"2026-07-28 18:35:10.239229+00","2026-07-28T18:35:03Z_0001_aqi","KOYEMBEDU_BROADWAY_010","EVR Salai",42,"Moderate air quality","pm10","OK","Success",5208.3,0
38756,"2026-07-28 18:35:10.239229+00","2026-07-28T18:35:03Z_0001_aqi","KOYEMBEDU_BROADWAY_001","EVR Salai",42,"Moderate air quality","pm10","OK","Success",5215.3,0
38757,"2026-07-28 18:35:10.239229+00","2026-07-28T18:35:03Z_0001_aqi","KOYEMBEDU_BROADWAY_011","EVR Salai",43,"Moderate air quality","pm10","OK","Success",5231.9,0
38758,"2026-07-28 18:35:10.239229+00","2026-07-28T18:35:03Z_0001_aqi","KOYEMBEDU_BROADWAY_012","EVR Salai",43,"Moderate air quality","pm10","OK","Success",5257.7,0
38759,"2026-07-28 18:35:10.239229+00","2026-07-28T18:35:03Z_0001_aqi","KOYEMBEDU_BROADWAY_014","EVR Salai",44,"Moderate air quality","pm10","OK","Success",5295.5,0
38760,"2026-07-28 18:35:10.239229+00","2026-07-28T18:35:03Z_0001_aqi","KOYEMBEDU_BROADWAY_017","EVR Salai",44,"Moderate air quality","pm10","OK","Success",5390.0,0
38761,"2026-07-28 18:35:10.239229+00","2026-07-28T18:35:03Z_0001_aqi","KOYEMBEDU_BROADWAY_016","EVR Salai",44,"Moderate air quality","pm10","OK","Success",5390.7,0
38762,"2026-07-28 18:35:10.239229+00","2026-07-28T18:35:03Z_0001_aqi","KOYEMBEDU_BROADWAY_019","EVR Salai",45,"Moderate air quality","pm10","OK","Success",5411.0,0
38763,"2026-07-28 18:35:10.239229+00","2026-07-28T18:35:03Z_0001_aqi","KOYEMBEDU_BROADWAY_018","EVR Salai",44,"Moderate air quality","pm10","OK","Success",5409.5,0
38764,"2026-07-28 18:35:10.239229+00","2026-07-28T18:35:03Z_0001_aqi","KOYEMBEDU_BROADWAY_020","EVR Salai",45,"Moderate air quality","pm10","OK","Success",5416.7,0
38765,"2026-07-28 18:35:10.239229+00","2026-07-28T18:35:03Z_0001_aqi","KOYEMBEDU_BROADWAY_022","EVR Salai",50,"Moderate air quality","pm10","OK","Success",5422.7,0
38766,"2026-07-28 18:35:10.239229+00","2026-07-28T18:35:03Z_0001_aqi","KOYEMBEDU_BROADWAY_021","EVR Salai",46,"Moderate air quality","pm10","OK","Success",5424.1,0
38767,"2026-07-28 18:35:10.239229+00","2026-07-28T18:35:03Z_0001_aqi","KOYEMBEDU_BROADWAY_025","EVR Salai",47,"Moderate air quality","pm10","OK","Success",5432.6,0
38768,"2026-07-28 18:35:10.239229+00","2026-07-28T18:35:03Z_0001_aqi","KOYEMBEDU_BROADWAY_024","EVR Salai",46,"Moderate air quality","pm10","OK","Success",5467.7,0
38769,"2026-07-28 18:35:10.239229+00","2026-07-28T18:35:03Z_0001_aqi","KOYEMBEDU_BROADWAY_026","EVR Salai",47,"Moderate air quality","pm10","OK","Success",5481.1,0
38770,"2026-07-28 18:35:10.239229+00","2026-07-28T18:35:03Z_0001_aqi","GUINDY_TAMBARAM_002","Guindy-Tambaram",37,"Low air quality","pm10","OK","Success",5489.1,0
38771,"2026-07-28 18:35:10.239229+00","2026-07-28T18:35:03Z_0001_aqi","GUINDY_TAMBARAM_003","Guindy-Tambaram",39,"Low air quality","pm10","OK","Success",5489.4,0
38772,"2026-07-28 18:35:10.239229+00","2026-07-28T18:35:03Z_0001_aqi","GUINDY_TAMBARAM_001","Guindy-Tambaram",37,"Low air quality","pm10","OK","Success",5495.6,0
38773,"2026-07-28 18:35:10.239229+00","2026-07-28T18:35:03Z_0001_aqi","GUINDY_TAMBARAM_004","Guindy-Tambaram",39,"Low air quality","pm10","OK","Success",5507.3,0
38774,"2026-07-28 18:35:10.239229+00","2026-07-28T18:35:03Z_0001_aqi","KOYEMBEDU_BROADWAY_015","EVR Salai",44,"Moderate air quality","pm10","OK","Success",5511.5,0
38775,"2026-07-28 18:35:10.239229+00","2026-07-28T18:35:03Z_0001_aqi","KOYEMBEDU_BROADWAY_023","EVR Salai",46,"Moderate air quality","pm10","OK","Success",5525.5,0
38776,"2026-07-28 18:35:10.239229+00","2026-07-28T18:35:03Z_0001_aqi","GUINDY_TAMBARAM_005","Guindy-Tambaram",38,"Low air quality","pm10","OK","Success",5532.6,0
38777,"2026-07-28 18:35:10.239229+00","2026-07-28T18:35:03Z_0001_aqi","GUINDY_TAMBARAM_006","Guindy-Tambaram",39,"Low air quality","pm10","OK","Success",5573.1,0
38778,"2026-07-28 18:35:10.239229+00","2026-07-28T18:35:03Z_0001_aqi","GUINDY_TAMBARAM_007","Guindy-Tambaram",43,"Moderate air quality","pm10","OK","Success",5664.6,0
38779,"2026-07-28 18:35:10.239229+00","2026-07-28T18:35:03Z_0001_aqi","GUINDY_TAMBARAM_008","Guindy-Tambaram",46,"Moderate air quality","pm10","OK","Success",5664.7,0
38780,"2026-07-28 18:35:10.239229+00","2026-07-28T18:35:03Z_0001_aqi","GUINDY_TAMBARAM_010","Guindy-Tambaram",49,"Moderate air quality","pm10","OK","Success",5690.6,0
38781,"2026-07-28 18:35:10.239229+00","2026-07-28T18:35:03Z_0001_aqi","GUINDY_TAMBARAM_012","Guindy-Tambaram",50,"Moderate air quality","pm10","OK","Success",5691.9,0
38782,"2026-07-28 18:35:10.239229+00","2026-07-28T18:35:03Z_0001_aqi","GUINDY_TAMBARAM_011","Guindy-Tambaram",50,"Moderate air quality","pm10","OK","Success",5694.7,0
38783,"2026-07-28 18:35:10.239229+00","2026-07-28T18:35:03Z_0001_aqi","GUINDY_TAMBARAM_013","Guindy-Tambaram",50,"Moderate air quality","pm10","OK","Success",5700.6,0
38784,"2026-07-28 18:35:10.239229+00","2026-07-28T18:35:03Z_0001_aqi","GUINDY_TAMBARAM_014","Guindy-Tambaram",50,"Moderate air quality","pm10","OK","Success",5708.5,0
38785,"2026-07-28 18:35:10.239229+00","2026-07-28T18:35:03Z_0001_aqi","GUINDY_TAMBARAM_015","Guindy-Tambaram",50,"Moderate air quality","pm10","OK","Success",5739.7,0
38786,"2026-07-28 18:35:10.239229+00","2026-07-28T18:35:03Z_0001_aqi","GUINDY_TAMBARAM_016","Guindy-Tambaram",50,"Moderate air quality","pm10","OK","Success",5753.8,0
38787,"2026-07-28 18:35:10.239229+00","2026-07-28T18:35:03Z_0001_aqi","GUINDY_TAMBARAM_017","Guindy-Tambaram",50,"Moderate air quality","pm10","OK","Success",5768.4,0
38788,"2026-07-28 18:35:10.239229+00","2026-07-28T18:35:03Z_0001_aqi","GUINDY_TAMBARAM_020","Guindy-Tambaram",50,"Moderate air quality","pm10","OK","Success",5792.6,0
38789,"2026-07-28 18:35:10.239229+00","2026-07-28T18:35:03Z_0001_aqi","GUINDY_TAMBARAM_018","Guindy-Tambaram",50,"Moderate air quality","pm10","OK","Success",5798.5,0
38790,"2026-07-28 18:35:10.239229+00","2026-07-28T18:35:03Z_0001_aqi","GUINDY_TAMBARAM_023","Guindy-Tambaram",52,"Moderate air quality","pm10","OK","Success",5805.0,0
38791,"2026-07-28 18:35:10.239229+00","2026-07-28T18:35:03Z_0001_aqi","KOYEMBEDU_BROADWAY_013","EVR Salai",44,"Moderate air quality","pm10","OK","Success",5852.0,0
38792,"2026-07-28 18:35:10.239229+00","2026-07-28T18:35:03Z_0001_aqi","GUINDY_TAMBARAM_024","Guindy-Tambaram",49,"Moderate air quality","pm10","OK","Success",5854.7,0
38793,"2026-07-28 18:35:10.239229+00","2026-07-28T18:35:03Z_0001_aqi","GUINDY_TAMBARAM_026","Guindy-Tambaram",49,"Moderate air quality","pm10","OK","Success",5949.1,0
38794,"2026-07-28 18:35:10.239229+00","2026-07-28T18:35:03Z_0001_aqi","GUINDY_TAMBARAM_027","Guindy-Tambaram",51,"Moderate air quality","pm10","OK","Success",5967.1,0
38795,"2026-07-28 18:35:10.239229+00","2026-07-28T18:35:03Z_0001_aqi","GUINDY_TAMBARAM_029","Guindy-Tambaram",48,"Moderate air quality","pm10","OK","Success",5972.6,0
38796,"2026-07-28 18:35:10.239229+00","2026-07-28T18:35:03Z_0001_aqi","GUINDY_TAMBARAM_025","Guindy-Tambaram",49,"Moderate air quality","pm10","OK","Success",5977.8,0
38797,"2026-07-28 18:35:10.239229+00","2026-07-28T18:35:03Z_0001_aqi","GUINDY_TAMBARAM_030","Guindy-Tambaram",48,"Moderate air quality","pm10","OK","Success",5983.3,0
38798,"2026-07-28 18:35:10.239229+00","2026-07-28T18:35:03Z_0001_aqi","GUINDY_TAMBARAM_031","Guindy-Tambaram",48,"Moderate air quality","pm10","OK","Success",5984.9,0
38799,"2026-07-28 18:35:10.239229+00","2026-07-28T18:35:03Z_0001_aqi","GUINDY_TAMBARAM_028","Guindy-Tambaram",48,"Moderate air quality","pm10","OK","Success",5985.8,0
38800,"2026-07-28 18:35:10.239229+00","2026-07-28T18:35:03Z_0001_aqi","GUINDY_TAMBARAM_033","Guindy-Tambaram",47,"Moderate air quality","pm10","OK","Success",6029.7,0
38801,"2026-07-28 18:35:10.239229+00","2026-07-28T18:35:03Z_0001_aqi","GUINDY_TAMBARAM_032","Guindy-Tambaram",48,"Moderate air quality","pm10","OK","Success",6050.3,0
38802,"2026-07-28 18:35:10.239229+00","2026-07-28T18:35:03Z_0001_aqi","GUINDY_TAMBARAM_034","Guindy-Tambaram",47,"Moderate air quality","pm10","OK","Success",6063.6,0
38803,"2026-07-28 18:35:10.239229+00","2026-07-28T18:35:03Z_0001_aqi","GUINDY_TAMBARAM_035","Guindy-Tambaram",47,"Moderate air quality","pm10","OK","Success",6071.4,0
38804,"2026-07-28 18:35:10.239229+00","2026-07-28T18:35:03Z_0001_aqi","GUINDY_TAMBARAM_036","Guindy-Tambaram",47,"Moderate air quality","pm10","OK","Success",6074.2,0
38805,"2026-07-28 18:35:10.239229+00","2026-07-28T18:35:03Z_0001_aqi","GUINDY_TAMBARAM_037","Guindy-Tambaram",47,"Moderate air quality","pm10","OK","Success",6079.9,0
38806,"2026-07-28 18:35:10.239229+00","2026-07-28T18:35:03Z_0001_aqi","GUINDY_TAMBARAM_039","Guindy-Tambaram",46,"Moderate air quality","pm10","OK","Success",6127.9,0
38807,"2026-07-28 18:35:10.239229+00","2026-07-28T18:35:03Z_0001_aqi","GUINDY_TAMBARAM_040","Guindy-Tambaram",46,"Moderate air quality","pm10","OK","Success",6225.1,0
38808,"2026-07-28 18:35:10.239229+00","2026-07-28T18:35:03Z_0001_aqi","GUINDY_TAMBARAM_041","Guindy-Tambaram",46,"Moderate air quality","pm10","OK","Success",6244.5,0
38809,"2026-07-28 18:35:10.239229+00","2026-07-28T18:35:03Z_0001_aqi","TAMBARAM_GUINDY_001","Guindy-Tambaram",46,"Moderate air quality","pm10","OK","Success",6246.6,0
38810,"2026-07-28 18:35:10.239229+00","2026-07-28T18:35:03Z_0001_aqi","TAMBARAM_GUINDY_002","Guindy-Tambaram",46,"Moderate air quality","pm10","OK","Success",6249.6,0
38811,"2026-07-28 18:35:10.239229+00","2026-07-28T18:35:03Z_0001_aqi","TAMBARAM_GUINDY_003","Guindy-Tambaram",46,"Moderate air quality","pm10","OK","Success",6259.1,0
38812,"2026-07-28 18:35:10.239229+00","2026-07-28T18:35:03Z_0001_aqi","TAMBARAM_GUINDY_005","Guindy-Tambaram",47,"Moderate air quality","pm10","OK","Success",6263.0,0
38813,"2026-07-28 18:35:10.239229+00","2026-07-28T18:35:03Z_0001_aqi","TAMBARAM_GUINDY_004","Guindy-Tambaram",47,"Moderate air quality","pm10","OK","Success",6264.1,0
38814,"2026-07-28 18:35:10.239229+00","2026-07-28T18:35:03Z_0001_aqi","TAMBARAM_GUINDY_006","Guindy-Tambaram",47,"Moderate air quality","pm10","OK","Success",6311.0,0
38815,"2026-07-28 18:35:10.239229+00","2026-07-28T18:35:03Z_0001_aqi","TAMBARAM_GUINDY_007","Guindy-Tambaram",47,"Moderate air quality","pm10","OK","Success",6321.4,0
38816,"2026-07-28 18:35:10.239229+00","2026-07-28T18:35:03Z_0001_aqi","TAMBARAM_GUINDY_009","Guindy-Tambaram",47,"Moderate air quality","pm10","OK","Success",6347.1,0
38817,"2026-07-28 18:35:10.239229+00","2026-07-28T18:35:03Z_0001_aqi","BROADWAY_KOYEMBEDU_025","EVR Salai",46,"Moderate air quality","pm10","OK","Success",6352.7,0
38818,"2026-07-28 18:35:10.239229+00","2026-07-28T18:35:03Z_0001_aqi","TAMBARAM_GUINDY_010","Guindy-Tambaram",48,"Moderate air quality","pm10","OK","Success",6356.3,0
38819,"2026-07-28 18:35:10.239229+00","2026-07-28T18:35:03Z_0001_aqi","TAMBARAM_GUINDY_008","Guindy-Tambaram",47,"Moderate air quality","pm10","OK","Success",6356.9,0
38820,"2026-07-28 18:35:10.239229+00","2026-07-28T18:35:03Z_0001_aqi","TAMBARAM_GUINDY_011","Guindy-Tambaram",48,"Moderate air quality","pm10","OK","Success",6364.5,0
38821,"2026-07-28 18:35:10.239229+00","2026-07-28T18:35:03Z_0001_aqi","TAMBARAM_GUINDY_012","Guindy-Tambaram",48,"Moderate air quality","pm10","OK","Success",6402.4,0
38822,"2026-07-28 18:35:10.239229+00","2026-07-28T18:35:03Z_0001_aqi","TAMBARAM_GUINDY_013","Guindy-Tambaram",48,"Moderate air quality","pm10","OK","Success",6499.1,0
38823,"2026-07-28 18:35:10.239229+00","2026-07-28T18:35:03Z_0001_aqi","TAMBARAM_GUINDY_014","Guindy-Tambaram",48,"Moderate air quality","pm10","OK","Success",6520.8,0
38824,"2026-07-28 18:35:10.239229+00","2026-07-28T18:35:03Z_0001_aqi","TAMBARAM_GUINDY_016","Guindy-Tambaram",49,"Moderate air quality","pm10","OK","Success",6521.6,0
38825,"2026-07-28 18:35:10.239229+00","2026-07-28T18:35:03Z_0001_aqi","TAMBARAM_GUINDY_015","Guindy-Tambaram",51,"Moderate air quality","pm10","OK","Success",6522.1,0
38826,"2026-07-28 18:35:10.239229+00","2026-07-28T18:35:03Z_0001_aqi","TAMBARAM_GUINDY_017","Guindy-Tambaram",49,"Moderate air quality","pm10","OK","Success",6533.9,0
38827,"2026-07-28 18:35:10.239229+00","2026-07-28T18:35:03Z_0001_aqi","TAMBARAM_GUINDY_019","Guindy-Tambaram",50,"Moderate air quality","pm10","OK","Success",6541.8,0
38828,"2026-07-28 18:35:10.239229+00","2026-07-28T18:35:03Z_0001_aqi","TAMBARAM_GUINDY_020","Guindy-Tambaram",50,"Moderate air quality","pm10","OK","Success",6587.8,0
38829,"2026-07-28 18:35:10.239229+00","2026-07-28T18:35:03Z_0001_aqi","TAMBARAM_GUINDY_021","Guindy-Tambaram",50,"Moderate air quality","pm10","OK","Success",6598.7,0
38830,"2026-07-28 18:35:10.239229+00","2026-07-28T18:35:03Z_0001_aqi","TAMBARAM_GUINDY_018","Guindy-Tambaram",50,"Moderate air quality","pm10","OK","Success",6603.0,0
38831,"2026-07-28 18:35:10.239229+00","2026-07-28T18:35:03Z_0001_aqi","TAMBARAM_GUINDY_022","Guindy-Tambaram",50,"Moderate air quality","pm10","OK","Success",6628.2,0
38832,"2026-07-28 18:35:10.239229+00","2026-07-28T18:35:03Z_0001_aqi","TAMBARAM_GUINDY_025","Guindy-Tambaram",50,"Moderate air quality","pm10","OK","Success",6637.9,0
38833,"2026-07-28 18:35:10.239229+00","2026-07-28T18:35:03Z_0001_aqi","TAMBARAM_GUINDY_024","Guindy-Tambaram",50,"Moderate air quality","pm10","OK","Success",6640.3,0
38834,"2026-07-28 18:35:10.239229+00","2026-07-28T18:35:03Z_0001_aqi","TAMBARAM_GUINDY_023","Guindy-Tambaram",50,"Moderate air quality","pm10","OK","Success",6640.8,0
38835,"2026-07-28 18:35:10.239229+00","2026-07-28T18:35:03Z_0001_aqi","TAMBARAM_GUINDY_026","Guindy-Tambaram",50,"Moderate air quality","pm10","OK","Success",6642.9,0
38836,"2026-07-28 18:35:10.239229+00","2026-07-28T18:35:03Z_0001_aqi","GUINDY_TAMBARAM_038","Guindy-Tambaram",47,"Moderate air quality","pm10","OK","Success",6656.2,0
38837,"2026-07-28 18:35:10.239229+00","2026-07-28T18:35:03Z_0001_aqi","TAMBARAM_GUINDY_027","Guindy-Tambaram",50,"Moderate air quality","pm10","OK","Success",6675.5,0
38838,"2026-07-28 18:35:10.239229+00","2026-07-28T18:35:03Z_0001_aqi","GUINDY_TAMBARAM_021","Guindy-Tambaram",50,"Moderate air quality","pm10","OK","Success",6676.8,0
38839,"2026-07-28 18:35:10.239229+00","2026-07-28T18:35:03Z_0001_aqi","GUINDY_TAMBARAM_009","Guindy-Tambaram",51,"Moderate air quality","pm10","OK","Success",6689.8,0
38840,"2026-07-28 18:35:10.239229+00","2026-07-28T18:35:03Z_0001_aqi","TAMBARAM_GUINDY_028","Guindy-Tambaram",50,"Moderate air quality","pm10","OK","Success",6768.9,0
38841,"2026-07-28 18:35:10.239229+00","2026-07-28T18:35:03Z_0001_aqi","GUINDY_TAMBARAM_022","Guindy-Tambaram",50,"Moderate air quality","pm10","OK","Success",6795.3,0
38842,"2026-07-28 18:35:10.239229+00","2026-07-28T18:35:03Z_0001_aqi","TAMBARAM_GUINDY_031","Guindy-Tambaram",46,"Moderate air quality","pm10","OK","Success",6795.6,0
38843,"2026-07-28 18:35:10.239229+00","2026-07-28T18:35:03Z_0001_aqi","TAMBARAM_GUINDY_029","Guindy-Tambaram",49,"Moderate air quality","pm10","OK","Success",6796.0,0
38844,"2026-07-28 18:35:10.239229+00","2026-07-28T18:35:03Z_0001_aqi","TAMBARAM_GUINDY_032","Guindy-Tambaram",43,"Moderate air quality","pm10","OK","Success",6809.0,0
38845,"2026-07-28 18:35:10.239229+00","2026-07-28T18:35:03Z_0001_aqi","TAMBARAM_GUINDY_033","Guindy-Tambaram",43,"Moderate air quality","pm10","OK","Success",6816.7,0
38846,"2026-07-28 18:35:10.239229+00","2026-07-28T18:35:03Z_0001_aqi","GUINDY_TAMBARAM_019","Guindy-Tambaram",50,"Moderate air quality","pm10","OK","Success",6825.1,0
38847,"2026-07-28 18:35:10.239229+00","2026-07-28T18:35:03Z_0001_aqi","TAMBARAM_GUINDY_030","Guindy-Tambaram",51,"Moderate air quality","pm10","OK","Success",6825.5,0
38848,"2026-07-28 18:35:10.239229+00","2026-07-28T18:35:03Z_0001_aqi","TAMBARAM_GUINDY_034","Guindy-Tambaram",39,"Low air quality","pm10","OK","Success",6862.7,0
38849,"2026-07-28 18:35:10.239229+00","2026-07-28T18:35:03Z_0001_aqi","TAMBARAM_GUINDY_035","Guindy-Tambaram",38,"Low air quality","pm10","OK","Success",6878.9,0
38850,"2026-07-28 18:35:10.239229+00","2026-07-28T18:35:03Z_0001_aqi","TAMBARAM_GUINDY_036","Guindy-Tambaram",39,"Low air quality","pm10","OK","Success",6911.7,0
38851,"2026-07-28 18:35:10.239229+00","2026-07-28T18:35:03Z_0001_aqi","TAMBARAM_GUINDY_039","Guindy-Tambaram",37,"Low air quality","pm10","OK","Success",6914.0,0
38852,"2026-07-28 18:35:10.239229+00","2026-07-28T18:35:03Z_0001_aqi","TAMBARAM_GUINDY_038","Guindy-Tambaram",37,"Low air quality","pm10","OK","Success",6914.6,0
38853,"2026-07-28 18:35:10.239229+00","2026-07-28T18:35:03Z_0001_aqi","TAMBARAM_GUINDY_037","Guindy-Tambaram",39,"Low air quality","pm10","OK","Success",6917.2,0
38854,"2026-07-28 18:35:10.239229+00","2026-07-28T18:35:03Z_0001_aqi","CENTRAL_PUZHAL_002","Puzhal-Central",47,"Moderate air quality","pm10","OK","Success",6917.3,0
38855,"2026-07-28 18:35:10.239229+00","2026-07-28T18:35:03Z_0001_aqi","CENTRAL_PUZHAL_004","Puzhal-Central",52,"Moderate air quality","pm10","OK","Success",6949.4,0
38856,"2026-07-28 18:35:10.239229+00","2026-07-28T18:35:03Z_0001_aqi","CENTRAL_PUZHAL_006","Puzhal-Central",47,"Moderate air quality","pm10","OK","Success",6985.0,0
38857,"2026-07-28 18:35:10.239229+00","2026-07-28T18:35:03Z_0001_aqi","CENTRAL_PUZHAL_007","Puzhal-Central",47,"Moderate air quality","pm10","OK","Success",7043.2,0
38858,"2026-07-28 18:35:10.239229+00","2026-07-28T18:35:03Z_0001_aqi","CENTRAL_PUZHAL_010","Puzhal-Central",48,"Moderate air quality","pm10","OK","Success",7073.5,0
38859,"2026-07-28 18:35:10.239229+00","2026-07-28T18:35:03Z_0001_aqi","CENTRAL_PUZHAL_009","Puzhal-Central",48,"Moderate air quality","pm10","OK","Success",7078.2,0
38860,"2026-07-28 18:35:10.239229+00","2026-07-28T18:35:03Z_0001_aqi","CENTRAL_PUZHAL_012","Puzhal-Central",48,"Moderate air quality","pm10","OK","Success",7092.2,0
38861,"2026-07-28 18:35:10.239229+00","2026-07-28T18:35:03Z_0001_aqi","CENTRAL_PUZHAL_011","Puzhal-Central",47,"Moderate air quality","pm10","OK","Success",7093.4,0
38862,"2026-07-28 18:35:10.239229+00","2026-07-28T18:35:03Z_0001_aqi","CENTRAL_PUZHAL_014","Puzhal-Central",47,"Moderate air quality","pm10","OK","Success",7095.2,0
38863,"2026-07-28 18:35:10.239229+00","2026-07-28T18:35:03Z_0001_aqi","CENTRAL_PUZHAL_008","Puzhal-Central",47,"Moderate air quality","pm10","OK","Success",7098.2,0
38864,"2026-07-28 18:35:10.239229+00","2026-07-28T18:35:03Z_0001_aqi","CENTRAL_PUZHAL_005","Puzhal-Central",52,"Moderate air quality","pm10","OK","Success",7125.9,0
38865,"2026-07-28 18:35:10.239229+00","2026-07-28T18:35:03Z_0001_aqi","CENTRAL_PUZHAL_015","Puzhal-Central",50,"Moderate air quality","pm25","OK","Success",7142.9,0
38866,"2026-07-28 18:35:10.239229+00","2026-07-28T18:35:03Z_0001_aqi","CENTRAL_PUZHAL_013","Puzhal-Central",47,"Moderate air quality","pm10","OK","Success",7150.6,0
38867,"2026-07-28 18:35:10.239229+00","2026-07-28T18:35:03Z_0001_aqi","CENTRAL_PUZHAL_016","Puzhal-Central",46,"Moderate air quality","pm25","OK","Success",7156.3,0
38868,"2026-07-28 18:35:10.239229+00","2026-07-28T18:35:03Z_0001_aqi","CENTRAL_PUZHAL_017","Puzhal-Central",46,"Moderate air quality","pm25","OK","Success",7182.9,0
38869,"2026-07-28 18:35:10.239229+00","2026-07-28T18:35:03Z_0001_aqi","CENTRAL_PUZHAL_018","Puzhal-Central",48,"Moderate air quality","pm10","OK","Success",7186.4,0
38870,"2026-07-28 18:35:10.239229+00","2026-07-28T18:35:03Z_0001_aqi","CENTRAL_PUZHAL_019","Puzhal-Central",44,"Moderate air quality","pm10","OK","Success",7193.6,0
38871,"2026-07-28 18:35:10.239229+00","2026-07-28T18:35:03Z_0001_aqi","CENTRAL_PUZHAL_021","Puzhal-Central",42,"Moderate air quality","pm10","OK","Success",7200.1,0
38872,"2026-07-28 18:35:10.239229+00","2026-07-28T18:35:03Z_0001_aqi","CENTRAL_PUZHAL_020","Puzhal-Central",42,"Moderate air quality","pm10","OK","Success",7208.8,0
38873,"2026-07-28 18:35:10.239229+00","2026-07-28T18:35:03Z_0001_aqi","CENTRAL_PUZHAL_022","Puzhal-Central",40,"Moderate air quality","pm10","OK","Success",7230.1,0
38874,"2026-07-28 18:35:10.239229+00","2026-07-28T18:35:03Z_0001_aqi","CENTRAL_PUZHAL_023","Puzhal-Central",39,"Low air quality","pm10","OK","Success",7267.5,0
38875,"2026-07-28 18:35:10.239229+00","2026-07-28T18:35:03Z_0001_aqi","CENTRAL_PUZHAL_024","Puzhal-Central",38,"Low air quality","pm10","OK","Success",7316.5,0
38876,"2026-07-28 18:35:10.239229+00","2026-07-28T18:35:03Z_0001_aqi","CENTRAL_PUZHAL_025","Puzhal-Central",38,"Low air quality","pm10","OK","Success",7351.3,0
38877,"2026-07-28 18:35:10.239229+00","2026-07-28T18:35:03Z_0001_aqi","CENTRAL_PUZHAL_026","Puzhal-Central",37,"Low air quality","pm10","OK","Success",7351.6,0
38878,"2026-07-28 18:35:10.239229+00","2026-07-28T18:35:03Z_0001_aqi","CENTRAL_PUZHAL_ATGRADE_002","Puzhal-Central",48,"Moderate air quality","pm10","OK","Success",7367.0,0
38879,"2026-07-28 18:35:10.239229+00","2026-07-28T18:35:03Z_0001_aqi","CENTRAL_PUZHAL_027","Puzhal-Central",37,"Low air quality","pm10","OK","Success",7370.6,0
38880,"2026-07-28 18:35:10.239229+00","2026-07-28T18:35:03Z_0001_aqi","CENTRAL_PUZHAL_ATGRADE_001","Puzhal-Central",44,"Moderate air quality","pm10","OK","Success",7370.2,0
38881,"2026-07-28 18:35:10.239229+00","2026-07-28T18:35:03Z_0001_aqi","PUZHAL_CENTRAL_001","Puzhal-Central",37,"Low air quality","pm10","OK","Success",7420.2,0
38882,"2026-07-28 18:35:10.239229+00","2026-07-28T18:35:03Z_0001_aqi","PUZHAL_CENTRAL_003","Puzhal-Central",38,"Low air quality","pm10","OK","Success",7433.6,0
38883,"2026-07-28 18:35:10.239229+00","2026-07-28T18:35:03Z_0001_aqi","CENTRAL_PUZHAL_003","Puzhal-Central",52,"Moderate air quality","pm10","OK","Success",7459.0,0
38884,"2026-07-28 18:35:10.239229+00","2026-07-28T18:35:03Z_0001_aqi","PUZHAL_CENTRAL_004","Puzhal-Central",38,"Low air quality","pm10","OK","Success",7460.2,0
38885,"2026-07-28 18:35:10.239229+00","2026-07-28T18:35:03Z_0001_aqi","PUZHAL_CENTRAL_005","Puzhal-Central",39,"Low air quality","pm10","OK","Success",7467.2,0
38886,"2026-07-28 18:35:10.239229+00","2026-07-28T18:35:03Z_0001_aqi","PUZHAL_CENTRAL_006","Puzhal-Central",40,"Moderate air quality","pm10","OK","Success",7472.8,0
38887,"2026-07-28 18:35:10.239229+00","2026-07-28T18:35:03Z_0001_aqi","PUZHAL_CENTRAL_007","Puzhal-Central",42,"Moderate air quality","pm10","OK","Success",7477.8,0
38888,"2026-07-28 18:35:10.239229+00","2026-07-28T18:35:03Z_0001_aqi","PUZHAL_CENTRAL_008","Puzhal-Central",42,"Moderate air quality","pm10","OK","Success",7488.7,0
38889,"2026-07-28 18:35:10.239229+00","2026-07-28T18:35:03Z_0001_aqi","PUZHAL_CENTRAL_009","Puzhal-Central",44,"Moderate air quality","pm10","OK","Success",7502.6,0
38890,"2026-07-28 18:35:10.239229+00","2026-07-28T18:35:03Z_0001_aqi","PUZHAL_CENTRAL_010","Puzhal-Central",48,"Moderate air quality","pm10","OK","Success",7538.5,0
38891,"2026-07-28 18:35:10.239229+00","2026-07-28T18:35:03Z_0001_aqi","PUZHAL_CENTRAL_011","Puzhal-Central",46,"Moderate air quality","pm25","OK","Success",7593.4,0
38892,"2026-07-28 18:35:10.239229+00","2026-07-28T18:35:03Z_0001_aqi","PUZHAL_CENTRAL_013","Puzhal-Central",50,"Moderate air quality","pm25","OK","Success",7628.4,0
38893,"2026-07-28 18:35:10.239229+00","2026-07-28T18:35:03Z_0001_aqi","PUZHAL_CENTRAL_012","Puzhal-Central",46,"Moderate air quality","pm25","OK","Success",7632.3,0
38894,"2026-07-28 18:35:10.239229+00","2026-07-28T18:35:03Z_0001_aqi","PUZHAL_CENTRAL_014","Puzhal-Central",47,"Moderate air quality","pm10","OK","Success",7640.3,0
38895,"2026-07-28 18:35:10.239229+00","2026-07-28T18:35:03Z_0001_aqi","PUZHAL_CENTRAL_015","Puzhal-Central",47,"Moderate air quality","pm10","OK","Success",7640.9,0
38896,"2026-07-28 18:35:10.239229+00","2026-07-28T18:35:03Z_0001_aqi","PUZHAL_CENTRAL_016","Puzhal-Central",48,"Moderate air quality","pm10","OK","Success",7646.8,0
38897,"2026-07-28 18:35:10.239229+00","2026-07-28T18:35:03Z_0001_aqi","PUZHAL_CENTRAL_017","Puzhal-Central",51,"Moderate air quality","pm10","OK","Success",7700.9,0
38898,"2026-07-28 18:35:10.239229+00","2026-07-28T18:35:03Z_0001_aqi","PUZHAL_CENTRAL_018","Puzhal-Central",48,"Moderate air quality","pm10","OK","Success",7715.1,0
38899,"2026-07-28 18:35:10.239229+00","2026-07-28T18:35:03Z_0001_aqi","PUZHAL_CENTRAL_020","Puzhal-Central",47,"Moderate air quality","pm10","OK","Success",7735.5,0
38900,"2026-07-28 18:35:10.239229+00","2026-07-28T18:35:03Z_0001_aqi","PUZHAL_CENTRAL_021","Puzhal-Central",47,"Moderate air quality","pm10","OK","Success",7744.3,0
38901,"2026-07-28 18:35:10.239229+00","2026-07-28T18:35:03Z_0001_aqi","PUZHAL_CENTRAL_023","Puzhal-Central",52,"Moderate air quality","pm10","OK","Success",7751.8,0
38902,"2026-07-28 18:35:10.239229+00","2026-07-28T18:35:03Z_0001_aqi","PUZHAL_CENTRAL_022","Puzhal-Central",47,"Moderate air quality","pm10","OK","Success",7759.0,0
38903,"2026-07-28 18:35:10.239229+00","2026-07-28T18:35:03Z_0001_aqi","PUZHAL_CENTRAL_024","Puzhal-Central",52,"Moderate air quality","pm10","OK","Success",7770.0,0
38904,"2026-07-28 18:35:10.239229+00","2026-07-28T18:35:03Z_0001_aqi","PUZHAL_CENTRAL_025","Puzhal-Central",52,"Moderate air quality","pm10","OK","Success",7778.9,0
38905,"2026-07-28 18:35:10.239229+00","2026-07-28T18:35:03Z_0001_aqi","PUZHAL_CENTRAL_026","Puzhal-Central",47,"Moderate air quality","pm10","OK","Success",7814.2,0
38906,"2026-07-28 18:35:10.239229+00","2026-07-28T18:35:03Z_0001_aqi","PUZHAL_CENTRAL_027","Puzhal-Central",46,"Moderate air quality","pm10","OK","Success",7866.5,0
38907,"2026-07-28 18:35:10.239229+00","2026-07-28T18:35:03Z_0001_aqi","PUZHAL_CENTRAL_ATGRADE_001","Puzhal-Central",42,"Moderate air quality","pm10","OK","Success",7911.1,0
38908,"2026-07-28 18:35:10.239229+00","2026-07-28T18:35:03Z_0001_aqi","PUZHAL_CENTRAL_ATGRADE_004","Puzhal-Central",51,"Moderate air quality","pm10","OK","Success",7915.2,0
38909,"2026-07-28 18:35:10.239229+00","2026-07-28T18:35:03Z_0001_aqi","PUZHAL_CENTRAL_ATGRADE_002","Puzhal-Central",48,"Moderate air quality","pm10","OK","Success",7918.1,0
38910,"2026-07-28 18:35:10.239229+00","2026-07-28T18:35:03Z_0001_aqi","PUZHAL_CENTRAL_ATGRADE_003","Puzhal-Central",48,"Moderate air quality","pm10","OK","Success",7921.9,0
38911,"2026-07-28 18:35:10.239229+00","2026-07-28T18:35:03Z_0001_aqi","CENTRAL_PUZHAL_001","Puzhal-Central",46,"Moderate air quality","pm10","OK","Success",7945.5,0
38912,"2026-07-28 18:35:10.239229+00","2026-07-28T18:35:03Z_0001_aqi","PUZHAL_CENTRAL_ATGRADE_005","Puzhal-Central",48,"Moderate air quality","pm10","OK","Success",7950.3,0
38913,"2026-07-28 18:35:10.239229+00","2026-07-28T18:35:03Z_0001_aqi","PALLAVARAM_THORAIPAKKAM_001","Thoraipakkam-Pallavaram",43,"Moderate air quality","pm10","OK","Success",7972.9,0
38914,"2026-07-28 18:35:10.239229+00","2026-07-28T18:35:03Z_0001_aqi","PALLAVARAM_THORAIPAKKAM_002","Thoraipakkam-Pallavaram",48,"Moderate air quality","pm10","OK","Success",7988.3,0
38915,"2026-07-28 18:35:10.239229+00","2026-07-28T18:35:03Z_0001_aqi","PALLAVARAM_THORAIPAKKAM_003","Thoraipakkam-Pallavaram",47,"Moderate air quality","pm10","OK","Success",8006.5,0
38916,"2026-07-28 18:35:10.239229+00","2026-07-28T18:35:03Z_0001_aqi","PALLAVARAM_THORAIPAKKAM_005","Thoraipakkam-Pallavaram",47,"Moderate air quality","pm10","OK","Success",8025.2,0
38917,"2026-07-28 18:35:10.239229+00","2026-07-28T18:35:03Z_0001_aqi","PALLAVARAM_THORAIPAKKAM_006","Thoraipakkam-Pallavaram",48,"Moderate air quality","pm10","OK","Success",8039.4,0
38918,"2026-07-28 18:35:10.239229+00","2026-07-28T18:35:03Z_0001_aqi","PALLAVARAM_THORAIPAKKAM_007","Thoraipakkam-Pallavaram",49,"Moderate air quality","pm10","OK","Success",8054.8,0
38919,"2026-07-28 18:35:10.239229+00","2026-07-28T18:35:03Z_0001_aqi","PALLAVARAM_THORAIPAKKAM_004","Thoraipakkam-Pallavaram",46,"Moderate air quality","pm10","OK","Success",8058.9,0
38920,"2026-07-28 18:35:10.239229+00","2026-07-28T18:35:03Z_0001_aqi","PALLAVARAM_THORAIPAKKAM_008","Thoraipakkam-Pallavaram",50,"Moderate air quality","pm10","OK","Success",8060.5,0
38921,"2026-07-28 18:35:10.239229+00","2026-07-28T18:35:03Z_0001_aqi","PALLAVARAM_THORAIPAKKAM_009","Thoraipakkam-Pallavaram",51,"Moderate air quality","pm10","OK","Success",8090.6,0
38922,"2026-07-28 18:35:10.239229+00","2026-07-28T18:35:03Z_0001_aqi","PALLAVARAM_THORAIPAKKAM_010","Thoraipakkam-Pallavaram",51,"Moderate air quality","pm10","OK","Success",8153.9,0
38923,"2026-07-28 18:35:10.239229+00","2026-07-28T18:35:03Z_0001_aqi","PALLAVARAM_THORAIPAKKAM_AT_GRADE_001","Thoraipakkam-Pallavaram",48,"Moderate air quality","pm10","OK","Success",8188.5,0
38924,"2026-07-28 18:35:10.239229+00","2026-07-28T18:35:03Z_0001_aqi","THORAIPAKKAM_PALLAVARM_001","Thoraipakkam-Pallavaram",51,"Moderate air quality","pm10","OK","Success",8192.4,0
38925,"2026-07-28 18:35:10.239229+00","2026-07-28T18:35:03Z_0001_aqi","PALLAVARAM_THORAIPAKKAM_AT_GRADE_002","Thoraipakkam-Pallavaram",47,"Moderate air quality","pm10","OK","Success",8194.3,0
38926,"2026-07-28 18:35:10.239229+00","2026-07-28T18:35:03Z_0001_aqi","THORAIPAKKAM_PALLAVARM_002","Thoraipakkam-Pallavaram",51,"Moderate air quality","pm10","OK","Success",8197.2,0
38927,"2026-07-28 18:35:10.239229+00","2026-07-28T18:35:03Z_0001_aqi","THORAIPAKKAM_PALLAVARM_003","Thoraipakkam-Pallavaram",50,"Moderate air quality","pm10","OK","Success",8217.6,0
38928,"2026-07-28 18:35:10.239229+00","2026-07-28T18:35:03Z_0001_aqi","THORAIPAKKAM_PALLAVARM_004","Thoraipakkam-Pallavaram",49,"Moderate air quality","pm10","OK","Success",8230.8,0
38929,"2026-07-28 18:35:10.239229+00","2026-07-28T18:35:03Z_0001_aqi","THORAIPAKKAM_PALLAVARM_005","Thoraipakkam-Pallavaram",48,"Moderate air quality","pm10","OK","Success",8249.5,0
38930,"2026-07-28 18:35:10.239229+00","2026-07-28T18:35:03Z_0001_aqi","PUZHAL_CENTRAL_019","Puzhal-Central",48,"Moderate air quality","pm10","OK","Success",8280.5,0
38931,"2026-07-28 18:35:10.239229+00","2026-07-28T18:35:03Z_0001_aqi","THORAIPAKKAM_PALLAVARM_007","Thoraipakkam-Pallavaram",46,"Moderate air quality","pm10","OK","Success",8285.3,0
38932,"2026-07-28 18:35:10.239229+00","2026-07-28T18:35:03Z_0001_aqi","THORAIPAKKAM_PALLAVARM_006","Thoraipakkam-Pallavaram",47,"Moderate air quality","pm10","OK","Success",8295.9,0
38933,"2026-07-28 18:35:10.239229+00","2026-07-28T18:35:03Z_0001_aqi","THORAIPAKKAM_PALLAVARM_008","Thoraipakkam-Pallavaram",47,"Moderate air quality","pm10","OK","Success",8300.5,0
38934,"2026-07-28 18:35:10.239229+00","2026-07-28T18:35:03Z_0001_aqi","CENTRAL_PUZHAL_ATGRADE_004","Puzhal-Central",51,"Moderate air quality","pm10","OK","Success",8322.9,0
38935,"2026-07-28 18:35:10.239229+00","2026-07-28T18:35:03Z_0001_aqi","THORAIPAKKAM_PALLAVARM_AT_GRADE_002","Thoraipakkam-Pallavaram",47,"Moderate air quality","pm10","OK","Success",8333.4,0
38936,"2026-07-28 18:35:10.239229+00","2026-07-28T18:35:03Z_0001_aqi","THORAIPAKKAM_PALLAVARM_AT_GRADE_001","Thoraipakkam-Pallavaram",48,"Moderate air quality","pm10","OK","Success",8334.3,0
38937,"2026-07-28 18:35:10.239229+00","2026-07-28T18:35:03Z_0001_aqi","THORAIPAKKAM_PALLAVARM_009","Thoraipakkam-Pallavaram",48,"Moderate air quality","pm10","OK","Success",8336.3,0
38938,"2026-07-28 18:35:10.239229+00","2026-07-28T18:35:03Z_0001_aqi","THORAIPAKKAM_PALLAVARM_010","Thoraipakkam-Pallavaram",43,"Moderate air quality","pm10","OK","Success",8349.1,0
38939,"2026-07-28 18:35:10.239229+00","2026-07-28T18:35:03Z_0001_aqi","CENTRAL_PUZHAL_ATGRADE_003","Puzhal-Central",48,"Moderate air quality","pm10","OK","Success",8415.7,0
38940,"2026-07-28 18:35:10.239229+00","2026-07-28T18:35:03Z_0001_aqi","PUZHAL_CENTRAL_002","Puzhal-Central",37,"Low air quality","pm10","OK","Success",8479.1,0
38941,"2026-07-28 21:35:10.265945+00","2026-07-28T21:35:03Z_0001_aqi","KILAMBAKKAM_LITTLEMOUNT(AT_GRADE_BELOWFLYOVER)_008","Corridor_Littlemount_Kilambakkam",39,"Low air quality","pm10","OK","Success",1613.1,0
38942,"2026-07-28 21:35:10.265945+00","2026-07-28T21:35:03Z_0001_aqi","KILAMBAKKAM_LITTLEMOUNT_007","Corridor_Littlemount_Kilambakkam",39,"Low air quality","pm10","OK","Success",1623.7,0
38943,"2026-07-28 21:35:10.265945+00","2026-07-28T21:35:03Z_0001_aqi","KILAMBAKKAM_LITTLEMOUNT_010","Corridor_Littlemount_Kilambakkam",39,"Low air quality","pm10","OK","Success",1628.9,0
38944,"2026-07-28 21:35:10.265945+00","2026-07-28T21:35:03Z_0001_aqi","KILAMBAKKAM_LITTLEMOUNT_004","Corridor_Littlemount_Kilambakkam",39,"Low air quality","pm10","OK","Success",1631.4,0
38945,"2026-07-28 21:35:10.265945+00","2026-07-28T21:35:03Z_0001_aqi","KILAMBAKKAM_LITTLEMOUNT_001","Corridor_Littlemount_Kilambakkam",39,"Low air quality","pm10","OK","Success",1644.4,0
38946,"2026-07-28 21:35:10.265945+00","2026-07-28T21:35:03Z_0001_aqi","KILAMBAKKAM_LITTLEMOUNT_002","Corridor_Littlemount_Kilambakkam",39,"Low air quality","pm10","OK","Success",1647.5,0
38947,"2026-07-28 21:35:10.265945+00","2026-07-28T21:35:03Z_0001_aqi","KILAMBAKKAM_LITTLEMOUNT(AT_GRADE_BELOWFLYOVER)_001","Corridor_Littlemount_Kilambakkam",38,"Low air quality","pm10","OK","Success",1647.5,0
38948,"2026-07-28 21:35:10.265945+00","2026-07-28T21:35:03Z_0001_aqi","KILAMBAKKAM_LITTLEMOUNT_005","Corridor_Littlemount_Kilambakkam",39,"Low air quality","pm10","OK","Success",1648.9,0
38949,"2026-07-28 21:35:10.265945+00","2026-07-28T21:35:03Z_0001_aqi","KILAMBAKKAM_LITTLEMOUNT_011","Corridor_Littlemount_Kilambakkam",38,"Low air quality","pm10","OK","Success",1648.8,0
38950,"2026-07-28 21:35:10.265945+00","2026-07-28T21:35:03Z_0001_aqi","KILAMBAKKAM_LITTLEMOUNT(AT_GRADE_BELOWFLYOVER)_003","Corridor_Littlemount_Kilambakkam",38,"Low air quality","pm10","OK","Success",1656.9,0
38951,"2026-07-28 21:35:10.265945+00","2026-07-28T21:35:03Z_0001_aqi","KILAMBAKKAM_LITTLEMOUNT(AT_GRADE_BELOWFLYOVER)_004","Corridor_Littlemount_Kilambakkam",38,"Low air quality","pm10","OK","Success",1658.6,0
38952,"2026-07-28 21:35:10.265945+00","2026-07-28T21:35:03Z_0001_aqi","KILAMBAKKAM_LITTLEMOUNT_003","Corridor_Littlemount_Kilambakkam",39,"Low air quality","pm10","OK","Success",1663.3,0
38953,"2026-07-28 21:35:10.265945+00","2026-07-28T21:35:03Z_0001_aqi","KILAMBAKKAM_LITTLEMOUNT(AT_GRADE_BELOWFLYOVER)_009","Corridor_Littlemount_Kilambakkam",39,"Low air quality","pm10","OK","Success",1679.4,0
38954,"2026-07-28 21:35:10.265945+00","2026-07-28T21:35:03Z_0001_aqi","KILAMBAKKAM_LITTLEMOUNT(AT_GRADE_BELOWFLYOVER)_007","Corridor_Littlemount_Kilambakkam",38,"Low air quality","pm10","OK","Success",1681.1,0
38955,"2026-07-28 21:35:10.265945+00","2026-07-28T21:35:03Z_0001_aqi","KILAMBAKKAM_LITTLEMOUNT_009","Corridor_Littlemount_Kilambakkam",39,"Low air quality","pm10","OK","Success",1690.4,0
38956,"2026-07-28 21:35:10.265945+00","2026-07-28T21:35:03Z_0001_aqi","KILAMBAKKAM_LITTLEMOUNT(AT_GRADE_BELOWFLYOVER)_006","Corridor_Littlemount_Kilambakkam",38,"Low air quality","pm10","OK","Success",1705.4,0
38957,"2026-07-28 21:35:10.265945+00","2026-07-28T21:35:03Z_0001_aqi","KILAMBAKKAM_LITTLEMOUNT(AT_GRADE_BELOWFLYOVER)_002","Corridor_Littlemount_Kilambakkam",38,"Low air quality","pm10","OK","Success",1706.6,0
38958,"2026-07-28 21:35:10.265945+00","2026-07-28T21:35:03Z_0001_aqi","KILAMBAKKAM_LITTLEMOUNT_006","Corridor_Littlemount_Kilambakkam",39,"Low air quality","pm10","OK","Success",1707.6,0
38959,"2026-07-28 21:35:10.265945+00","2026-07-28T21:35:03Z_0001_aqi","KILAMBAKKAM_LITTLEMOUNT_008","Corridor_Littlemount_Kilambakkam",39,"Low air quality","pm10","OK","Success",1731.5,0
38960,"2026-07-28 21:35:10.265945+00","2026-07-28T21:35:03Z_0001_aqi","KILAMBAKKAM_LITTLEMOUNT(AT_GRADE_BELOWFLYOVER)_005","Corridor_Littlemount_Kilambakkam",38,"Low air quality","pm10","OK","Success",1758.4,0
38961,"2026-07-28 21:35:10.265945+00","2026-07-28T21:35:03Z_0001_aqi","KILAMBAKKAM_LITTLEMOUNT_012","Corridor_Littlemount_Kilambakkam",38,"Low air quality","pm10","OK","Success",1890.6,0
38962,"2026-07-28 21:35:10.265945+00","2026-07-28T21:35:03Z_0001_aqi","KILAMBAKKAM_LITTLEMOUNT_013","Corridor_Littlemount_Kilambakkam",38,"Low air quality","pm10","OK","Success",1900.4,0
38963,"2026-07-28 21:35:10.265945+00","2026-07-28T21:35:03Z_0001_aqi","KILAMBAKKAM_LITTLEMOUNT_015","Corridor_Littlemount_Kilambakkam",38,"Low air quality","pm10","OK","Success",1917.8,0
38964,"2026-07-28 21:35:10.265945+00","2026-07-28T21:35:03Z_0001_aqi","KILAMBAKKAM_LITTLEMOUNT_016","Corridor_Littlemount_Kilambakkam",38,"Low air quality","pm10","OK","Success",1921.5,0
38965,"2026-07-28 21:35:10.265945+00","2026-07-28T21:35:03Z_0001_aqi","KILAMBAKKAM_LITTLEMOUNT_019","Corridor_Littlemount_Kilambakkam",38,"Low air quality","pm10","OK","Success",1921.9,0
38966,"2026-07-28 21:35:10.265945+00","2026-07-28T21:35:03Z_0001_aqi","KILAMBAKKAM_LITTLEMOUNT_014","Corridor_Littlemount_Kilambakkam",38,"Low air quality","pm10","OK","Success",1922.7,0
38967,"2026-07-28 21:35:10.265945+00","2026-07-28T21:35:03Z_0001_aqi","KILAMBAKKAM_LITTLEMOUNT_017","Corridor_Littlemount_Kilambakkam",38,"Low air quality","pm10","OK","Success",1926.0,0
38968,"2026-07-28 21:35:10.265945+00","2026-07-28T21:35:03Z_0001_aqi","KILAMBAKKAM_LITTLEMOUNT_022","Corridor_Littlemount_Kilambakkam",38,"Low air quality","pm10","OK","Success",1927.2,0
38969,"2026-07-28 21:35:10.265945+00","2026-07-28T21:35:03Z_0001_aqi","KILAMBAKKAM_LITTLEMOUNT_020","Corridor_Littlemount_Kilambakkam",39,"Low air quality","pm10","OK","Success",1928.5,0
38970,"2026-07-28 21:35:10.265945+00","2026-07-28T21:35:03Z_0001_aqi","KILAMBAKKAM_LITTLEMOUNT_018","Corridor_Littlemount_Kilambakkam",38,"Low air quality","pm10","OK","Success",1929.5,0
38971,"2026-07-28 21:35:10.265945+00","2026-07-28T21:35:03Z_0001_aqi","KILAMBAKKAM_LITTLEMOUNT_021","Corridor_Littlemount_Kilambakkam",39,"Low air quality","pm10","OK","Success",1933.0,0
38972,"2026-07-28 21:35:10.265945+00","2026-07-28T21:35:03Z_0001_aqi","KILAMBAKKAM_LITTLEMOUNT_023","Corridor_Littlemount_Kilambakkam",37,"Low air quality","pm10","OK","Success",1943.2,0
38973,"2026-07-28 21:35:10.265945+00","2026-07-28T21:35:03Z_0001_aqi","KILAMBAKKAM_LITTLEMOUNT_024","Corridor_Littlemount_Kilambakkam",36,"Low air quality","pm10","OK","Success",1955.0,0
38974,"2026-07-28 21:35:10.265945+00","2026-07-28T21:35:03Z_0001_aqi","KILAMBAKKAM_LITTLEMOUNT_025","Corridor_Littlemount_Kilambakkam",36,"Low air quality","pm10","OK","Success",1960.0,0
38975,"2026-07-28 21:35:10.265945+00","2026-07-28T21:35:03Z_0001_aqi","KILAMBAKKAM_LITTLEMOUNT_026","Corridor_Littlemount_Kilambakkam",36,"Low air quality","pm10","OK","Success",1966.7,0
38976,"2026-07-28 21:35:10.265945+00","2026-07-28T21:35:03Z_0001_aqi","KILAMBAKKAM_LITTLEMOUNT_028","Corridor_Littlemount_Kilambakkam",35,"Low air quality","pm10","OK","Success",1977.7,0
38977,"2026-07-28 21:35:10.265945+00","2026-07-28T21:35:03Z_0001_aqi","KILAMBAKKAM_LITTLEMOUNT_027","Corridor_Littlemount_Kilambakkam",36,"Low air quality","pm10","OK","Success",1981.8,0
38978,"2026-07-28 21:35:10.265945+00","2026-07-28T21:35:03Z_0001_aqi","LITTLEMOUNT_KILAMBAKKAM(AT_GRADE_BELOWFLYOVER)_002","Corridor_Littlemount_Kilambakkam",38,"Low air quality","pm10","OK","Success",2050.5,0
38979,"2026-07-28 21:35:10.265945+00","2026-07-28T21:35:03Z_0001_aqi","LITTLEMOUNT_KILAMBAKKAM(AT_GRADE_BELOWFLYOVER)_001","Corridor_Littlemount_Kilambakkam",38,"Low air quality","pm10","OK","Success",2071.6,0
38980,"2026-07-28 21:35:10.265945+00","2026-07-28T21:35:03Z_0001_aqi","KILAMBAKKAM_LITTLEMOUNT_029","Corridor_Littlemount_Kilambakkam",35,"Low air quality","pm10","OK","Success",2100.5,0
38981,"2026-07-28 21:35:10.265945+00","2026-07-28T21:35:03Z_0001_aqi","LITTLEMOUNT_KILAMBAKKAM(AT_GRADE_BELOWFLYOVER)_004","Corridor_Littlemount_Kilambakkam",38,"Low air quality","pm10","OK","Success",3176.6,0
38982,"2026-07-28 21:35:10.265945+00","2026-07-28T21:35:03Z_0001_aqi","LITTLEMOUNT_KILAMBAKKAM(AT_GRADE_BELOWFLYOVER)_003","Corridor_Littlemount_Kilambakkam",38,"Low air quality","pm10","OK","Success",3195.1,0
38983,"2026-07-28 21:35:10.265945+00","2026-07-28T21:35:03Z_0001_aqi","LITTLEMOUNT_KILAMBAKKAM_002","Corridor_Littlemount_Kilambakkam",35,"Low air quality","pm10","OK","Success",3201.3,0
38984,"2026-07-28 21:35:10.265945+00","2026-07-28T21:35:03Z_0001_aqi","LITTLEMOUNT_KILAMBAKKAM_005","Corridor_Littlemount_Kilambakkam",35,"Low air quality","pm10","OK","Success",3206.0,0
38985,"2026-07-28 21:35:10.265945+00","2026-07-28T21:35:03Z_0001_aqi","LITTLEMOUNT_KILAMBAKKAM_004","Corridor_Littlemount_Kilambakkam",35,"Low air quality","pm10","OK","Success",3210.1,0
38986,"2026-07-28 21:35:10.265945+00","2026-07-28T21:35:03Z_0001_aqi","LITTLEMOUNT_KILAMBAKKAM_008","Corridor_Littlemount_Kilambakkam",36,"Low air quality","pm10","OK","Success",3213.6,0
38987,"2026-07-28 21:35:10.265945+00","2026-07-28T21:35:03Z_0001_aqi","LITTLEMOUNT_KILAMBAKKAM_006","Corridor_Littlemount_Kilambakkam",36,"Low air quality","pm10","OK","Success",3223.7,0
38988,"2026-07-28 21:35:10.265945+00","2026-07-28T21:35:03Z_0001_aqi","LITTLEMOUNT_KILAMBAKKAM(AT_GRADE_BELOWFLYOVER)_006","Corridor_Littlemount_Kilambakkam",39,"Low air quality","pm10","OK","Success",3224.4,0
38989,"2026-07-28 21:35:10.265945+00","2026-07-28T21:35:03Z_0001_aqi","LITTLEMOUNT_KILAMBAKKAM_003","Corridor_Littlemount_Kilambakkam",35,"Low air quality","pm10","OK","Success",3233.0,0
38990,"2026-07-28 21:35:10.265945+00","2026-07-28T21:35:03Z_0001_aqi","LITTLEMOUNT_KILAMBAKKAM_009","Corridor_Littlemount_Kilambakkam",36,"Low air quality","pm10","OK","Success",3233.9,0
38991,"2026-07-28 21:35:10.265945+00","2026-07-28T21:35:03Z_0001_aqi","LITTLEMOUNT_KILAMBAKKAM_007","Corridor_Littlemount_Kilambakkam",36,"Low air quality","pm10","OK","Success",3234.4,0
38992,"2026-07-28 21:35:10.265945+00","2026-07-28T21:35:03Z_0001_aqi","LITTLEMOUNT_KILAMBAKKAM_001","Corridor_Littlemount_Kilambakkam",35,"Low air quality","pm10","OK","Success",3237.9,0
38993,"2026-07-28 21:35:10.265945+00","2026-07-28T21:35:03Z_0001_aqi","LITTLEMOUNT_KILAMBAKKAM(AT_GRADE_BELOWFLYOVER)_005","Corridor_Littlemount_Kilambakkam",39,"Low air quality","pm10","OK","Success",3248.9,0
38994,"2026-07-28 21:35:10.265945+00","2026-07-28T21:35:03Z_0001_aqi","LITTLEMOUNT_KILAMBAKKAM_011","Corridor_Littlemount_Kilambakkam",38,"Low air quality","pm10","OK","Success",3250.6,0
38995,"2026-07-28 21:35:10.265945+00","2026-07-28T21:35:03Z_0001_aqi","LITTLEMOUNT_KILAMBAKKAM_010","Corridor_Littlemount_Kilambakkam",37,"Low air quality","pm10","OK","Success",3279.8,0
38996,"2026-07-28 21:35:10.265945+00","2026-07-28T21:35:03Z_0001_aqi","LITTLEMOUNT_KILAMBAKKAM_015","Corridor_Littlemount_Kilambakkam",38,"Low air quality","pm10","OK","Success",3285.1,0
38997,"2026-07-28 21:35:10.265945+00","2026-07-28T21:35:03Z_0001_aqi","LITTLEMOUNT_KILAMBAKKAM_012","Corridor_Littlemount_Kilambakkam",39,"Low air quality","pm10","OK","Success",3337.2,0
38998,"2026-07-28 21:35:10.265945+00","2026-07-28T21:35:03Z_0001_aqi","LITTLEMOUNT_KILAMBAKKAM_013","Corridor_Littlemount_Kilambakkam",39,"Low air quality","pm10","OK","Success",3339.6,0
38999,"2026-07-28 21:35:10.265945+00","2026-07-28T21:35:03Z_0001_aqi","LITTLEMOUNT_KILAMBAKKAM_016","Corridor_Littlemount_Kilambakkam",38,"Low air quality","pm10","OK","Success",3424.3,0
39000,"2026-07-28 21:35:10.265945+00","2026-07-28T21:35:03Z_0001_aqi","LITTLEMOUNT_KILAMBAKKAM_014","Corridor_Littlemount_Kilambakkam",38,"Low air quality","pm10","OK","Success",3425.8,0
39001,"2026-07-28 21:35:10.265945+00","2026-07-28T21:35:03Z_0001_aqi","LITTLEMOUNT_KILAMBAKKAM_017","Corridor_Littlemount_Kilambakkam",38,"Low air quality","pm10","OK","Success",3457.7,0
39002,"2026-07-28 21:35:10.265945+00","2026-07-28T21:35:03Z_0001_aqi","LITTLEMOUNT_KILAMBAKKAM_018","Corridor_Littlemount_Kilambakkam",38,"Low air quality","pm10","OK","Success",3474.5,0
39003,"2026-07-28 21:35:10.265945+00","2026-07-28T21:35:03Z_0001_aqi","LITTLEMOUNT_KILAMBAKKAM_024","Corridor_Littlemount_Kilambakkam",39,"Low air quality","pm10","OK","Success",3495.4,0
39004,"2026-07-28 21:35:10.265945+00","2026-07-28T21:35:03Z_0001_aqi","LITTLEMOUNT_KILAMBAKKAM_023","Corridor_Littlemount_Kilambakkam",39,"Low air quality","pm10","OK","Success",3496.4,0
39005,"2026-07-28 21:35:10.265945+00","2026-07-28T21:35:03Z_0001_aqi","LITTLEMOUNT_KILAMBAKKAM_025","Corridor_Littlemount_Kilambakkam",39,"Low air quality","pm10","OK","Success",3504.4,0
39006,"2026-07-28 21:35:10.265945+00","2026-07-28T21:35:03Z_0001_aqi","LITTLEMOUNT_KILAMBAKKAM_019","Corridor_Littlemount_Kilambakkam",38,"Low air quality","pm10","OK","Success",3505.0,0
39007,"2026-07-28 21:35:10.265945+00","2026-07-28T21:35:03Z_0001_aqi","LITTLEMOUNT_KILAMBAKKAM_027","Corridor_Littlemount_Kilambakkam",39,"Low air quality","pm10","OK","Success",3506.2,0
39008,"2026-07-28 21:35:10.265945+00","2026-07-28T21:35:03Z_0001_aqi","LITTLEMOUNT_KILAMBAKKAM_021","Corridor_Littlemount_Kilambakkam",38,"Low air quality","pm10","OK","Success",3510.3,0
39009,"2026-07-28 21:35:10.265945+00","2026-07-28T21:35:03Z_0001_aqi","LITTLEMOUNT_KILAMBAKKAM_026","Corridor_Littlemount_Kilambakkam",39,"Low air quality","pm10","OK","Success",3512.7,0
39010,"2026-07-28 21:35:10.265945+00","2026-07-28T21:35:03Z_0001_aqi","LITTLEMOUNT_KILAMBAKKAM_020","Corridor_Littlemount_Kilambakkam",38,"Low air quality","pm10","OK","Success",3516.8,0
39011,"2026-07-28 21:35:10.265945+00","2026-07-28T21:35:03Z_0001_aqi","LITTLEMOUNT_KILAMBAKKAM_029","Corridor_Littlemount_Kilambakkam",39,"Low air quality","pm10","OK","Success",3521.0,0
39012,"2026-07-28 21:35:10.265945+00","2026-07-28T21:35:03Z_0001_aqi","LITTLEMOUNT_KILAMBAKKAM_028","Corridor_Littlemount_Kilambakkam",39,"Low air quality","pm10","OK","Success",3532.5,0
39013,"2026-07-28 21:35:10.265945+00","2026-07-28T21:35:03Z_0001_aqi","LITTLEMOUNT_KILAMBAKKAM_022","Corridor_Littlemount_Kilambakkam",38,"Low air quality","pm10","OK","Success",3552.5,0
39014,"2026-07-28 21:35:10.265945+00","2026-07-28T21:35:03Z_0001_aqi","LITTLEMOUNT_KILAMBAKKAM_031","Corridor_Littlemount_Kilambakkam",39,"Low air quality","pm10","OK","Success",3554.0,0
39015,"2026-07-28 21:35:10.265945+00","2026-07-28T21:35:03Z_0001_aqi","LITTLEMOUNT_KILAMBAKKAM_030","Corridor_Littlemount_Kilambakkam",39,"Low air quality","pm10","OK","Success",3574.3,0
39016,"2026-07-28 21:35:10.265945+00","2026-07-28T21:35:03Z_0001_aqi","BROADWAY_KOYEMBEDU_001","EVR Salai",52,"Moderate air quality","pm10","OK","Success",3633.5,0
39017,"2026-07-28 21:35:10.265945+00","2026-07-28T21:35:03Z_0001_aqi","LITTLEMOUNT_KILAMBAKKAM_032","Corridor_Littlemount_Kilambakkam",39,"Low air quality","pm10","OK","Success",3634.2,0
39018,"2026-07-28 21:35:10.265945+00","2026-07-28T21:35:03Z_0001_aqi","BROADWAY_KOYEMBEDU_002","EVR Salai",51,"Moderate air quality","pm10","OK","Success",3637.4,0
39019,"2026-07-28 21:35:10.265945+00","2026-07-28T21:35:03Z_0001_aqi","BROADWAY_KOYEMBEDU_003","EVR Salai",50,"Moderate air quality","pm10","OK","Success",3719.5,0
39020,"2026-07-28 21:35:10.265945+00","2026-07-28T21:35:03Z_0001_aqi","BROADWAY_KOYEMBEDU_004","EVR Salai",50,"Moderate air quality","pm10","OK","Success",3721.7,0
39021,"2026-07-28 21:35:10.265945+00","2026-07-28T21:35:03Z_0001_aqi","BROADWAY_KOYEMBEDU_005","EVR Salai",54,"Moderate air quality","pm10","OK","Success",4734.5,0
39022,"2026-07-28 21:35:10.265945+00","2026-07-28T21:35:03Z_0001_aqi","BROADWAY_KOYEMBEDU_010","EVR Salai",44,"Moderate air quality","pm10","OK","Success",4777.5,0
39023,"2026-07-28 21:35:10.265945+00","2026-07-28T21:35:03Z_0001_aqi","BROADWAY_KOYEMBEDU_006","EVR Salai",48,"Moderate air quality","pm10","OK","Success",4782.3,0
39024,"2026-07-28 21:35:10.265945+00","2026-07-28T21:35:03Z_0001_aqi","BROADWAY_KOYEMBEDU_014","EVR Salai",42,"Moderate air quality","pm10","OK","Success",4784.9,0
39025,"2026-07-28 21:35:10.265945+00","2026-07-28T21:35:03Z_0001_aqi","BROADWAY_KOYEMBEDU_013","EVR Salai",42,"Moderate air quality","pm10","OK","Success",4788.3,0
39026,"2026-07-28 21:35:10.265945+00","2026-07-28T21:35:03Z_0001_aqi","BROADWAY_KOYEMBEDU_008","EVR Salai",46,"Moderate air quality","pm10","OK","Success",4793.7,0
39027,"2026-07-28 21:35:10.265945+00","2026-07-28T21:35:03Z_0001_aqi","BROADWAY_KOYEMBEDU_015","EVR Salai",41,"Moderate air quality","pm10","OK","Success",4798.7,0
39028,"2026-07-28 21:35:10.265945+00","2026-07-28T21:35:03Z_0001_aqi","BROADWAY_KOYEMBEDU_017","EVR Salai",39,"Low air quality","pm10","OK","Success",4799.5,0
39029,"2026-07-28 21:35:10.265945+00","2026-07-28T21:35:03Z_0001_aqi","BROADWAY_KOYEMBEDU_011","EVR Salai",43,"Moderate air quality","pm10","OK","Success",4802.2,0
39030,"2026-07-28 21:35:10.265945+00","2026-07-28T21:35:03Z_0001_aqi","BROADWAY_KOYEMBEDU_016","EVR Salai",40,"Moderate air quality","pm10","OK","Success",4809.1,0
39031,"2026-07-28 21:35:10.265945+00","2026-07-28T21:35:03Z_0001_aqi","BROADWAY_KOYEMBEDU_012","EVR Salai",43,"Moderate air quality","pm10","OK","Success",4810.9,0
39032,"2026-07-28 21:35:10.265945+00","2026-07-28T21:35:03Z_0001_aqi","BROADWAY_KOYEMBEDU_007","EVR Salai",47,"Moderate air quality","pm10","OK","Success",4811.9,0
39033,"2026-07-28 21:35:10.265945+00","2026-07-28T21:35:03Z_0001_aqi","BROADWAY_KOYEMBEDU_009","EVR Salai",44,"Moderate air quality","pm10","OK","Success",4812.5,0
39034,"2026-07-28 21:35:10.265945+00","2026-07-28T21:35:03Z_0001_aqi","BROADWAY_KOYEMBEDU_019","EVR Salai",39,"Low air quality","pm10","OK","Success",4833.9,0
39035,"2026-07-28 21:35:10.265945+00","2026-07-28T21:35:03Z_0001_aqi","BROADWAY_KOYEMBEDU_021","EVR Salai",39,"Low air quality","pm10","OK","Success",4856.4,0
39036,"2026-07-28 21:35:10.265945+00","2026-07-28T21:35:03Z_0001_aqi","BROADWAY_KOYEMBEDU_018","EVR Salai",39,"Low air quality","pm10","OK","Success",4893.8,0
39037,"2026-07-28 21:35:10.265945+00","2026-07-28T21:35:03Z_0001_aqi","BROADWAY_KOYEMBEDU_022","EVR Salai",39,"Low air quality","pm10","OK","Success",4912.8,0
39038,"2026-07-28 21:35:10.265945+00","2026-07-28T21:35:03Z_0001_aqi","BROADWAY_KOYEMBEDU_020","EVR Salai",39,"Low air quality","pm10","OK","Success",4918.4,0
39039,"2026-07-28 21:35:10.265945+00","2026-07-28T21:35:03Z_0001_aqi","BROADWAY_KOYEMBEDU_024","EVR Salai",39,"Low air quality","pm10","OK","Success",5013.0,0
39040,"2026-07-28 21:35:10.265945+00","2026-07-28T21:35:03Z_0001_aqi","BROADWAY_KOYEMBEDU_025","EVR Salai",43,"Moderate air quality","pm10","OK","Success",5046.2,0
39041,"2026-07-28 21:35:10.265945+00","2026-07-28T21:35:03Z_0001_aqi","KOYEMBEDU_BROADWAY_001","EVR Salai",39,"Low air quality","pm10","OK","Success",5057.4,0
39042,"2026-07-28 21:35:10.265945+00","2026-07-28T21:35:03Z_0001_aqi","KOYEMBEDU_BROADWAY_004","EVR Salai",39,"Low air quality","pm10","OK","Success",5066.1,0
39043,"2026-07-28 21:35:10.265945+00","2026-07-28T21:35:03Z_0001_aqi","KOYEMBEDU_BROADWAY_002","EVR Salai",43,"Moderate air quality","pm10","OK","Success",5074.4,0
39044,"2026-07-28 21:35:10.265945+00","2026-07-28T21:35:03Z_0001_aqi","KOYEMBEDU_BROADWAY_010","EVR Salai",39,"Low air quality","pm10","OK","Success",5085.1,0
39045,"2026-07-28 21:35:10.265945+00","2026-07-28T21:35:03Z_0001_aqi","BROADWAY_KOYEMBEDU_026","EVR Salai",39,"Low air quality","pm10","OK","Success",5085.3,0
39046,"2026-07-28 21:35:10.265945+00","2026-07-28T21:35:03Z_0001_aqi","KOYEMBEDU_BROADWAY_011","EVR Salai",40,"Moderate air quality","pm10","OK","Success",5086.9,0
39047,"2026-07-28 21:35:10.265945+00","2026-07-28T21:35:03Z_0001_aqi","KOYEMBEDU_BROADWAY_007","EVR Salai",39,"Low air quality","pm10","OK","Success",5089.3,0
39048,"2026-07-28 21:35:10.265945+00","2026-07-28T21:35:03Z_0001_aqi","BROADWAY_KOYEMBEDU_023","EVR Salai",39,"Low air quality","pm10","OK","Success",5089.8,0
39049,"2026-07-28 21:35:10.265945+00","2026-07-28T21:35:03Z_0001_aqi","KOYEMBEDU_BROADWAY_005","EVR Salai",39,"Low air quality","pm10","OK","Success",5099.3,0
39050,"2026-07-28 21:35:10.265945+00","2026-07-28T21:35:03Z_0001_aqi","KOYEMBEDU_BROADWAY_003","EVR Salai",39,"Low air quality","pm10","OK","Success",5106.2,0
39051,"2026-07-28 21:35:10.265945+00","2026-07-28T21:35:03Z_0001_aqi","KOYEMBEDU_BROADWAY_009","EVR Salai",39,"Low air quality","pm10","OK","Success",5109.7,0
39052,"2026-07-28 21:35:10.265945+00","2026-07-28T21:35:03Z_0001_aqi","KOYEMBEDU_BROADWAY_008","EVR Salai",39,"Low air quality","pm10","OK","Success",5111.4,0
39053,"2026-07-28 21:35:10.265945+00","2026-07-28T21:35:03Z_0001_aqi","KOYEMBEDU_BROADWAY_006","EVR Salai",39,"Low air quality","pm10","OK","Success",5127.0,0
39054,"2026-07-28 21:35:10.265945+00","2026-07-28T21:35:03Z_0001_aqi","KOYEMBEDU_BROADWAY_014","EVR Salai",42,"Moderate air quality","pm10","OK","Success",5167.3,0
39055,"2026-07-28 21:35:10.265945+00","2026-07-28T21:35:03Z_0001_aqi","KOYEMBEDU_BROADWAY_012","EVR Salai",41,"Moderate air quality","pm10","OK","Success",5183.9,0
39056,"2026-07-28 21:35:10.265945+00","2026-07-28T21:35:03Z_0001_aqi","KOYEMBEDU_BROADWAY_013","EVR Salai",42,"Moderate air quality","pm10","OK","Success",5213.6,0
39057,"2026-07-28 21:35:10.265945+00","2026-07-28T21:35:03Z_0001_aqi","KOYEMBEDU_BROADWAY_015","EVR Salai",43,"Moderate air quality","pm10","OK","Success",5271.2,0
39058,"2026-07-28 21:35:10.265945+00","2026-07-28T21:35:03Z_0001_aqi","KOYEMBEDU_BROADWAY_016","EVR Salai",43,"Moderate air quality","pm10","OK","Success",5283.6,0
39059,"2026-07-28 21:35:10.265945+00","2026-07-28T21:35:03Z_0001_aqi","KOYEMBEDU_BROADWAY_018","EVR Salai",44,"Moderate air quality","pm10","OK","Success",5323.1,0
39060,"2026-07-28 21:35:10.265945+00","2026-07-28T21:35:03Z_0001_aqi","KOYEMBEDU_BROADWAY_019","EVR Salai",46,"Moderate air quality","pm10","OK","Success",5326.3,0
39061,"2026-07-28 21:35:10.265945+00","2026-07-28T21:35:03Z_0001_aqi","KOYEMBEDU_BROADWAY_020","EVR Salai",47,"Moderate air quality","pm10","OK","Success",5340.2,0
39062,"2026-07-28 21:35:10.265945+00","2026-07-28T21:35:03Z_0001_aqi","KOYEMBEDU_BROADWAY_021","EVR Salai",48,"Moderate air quality","pm10","OK","Success",5347.3,0
39063,"2026-07-28 21:35:10.265945+00","2026-07-28T21:35:03Z_0001_aqi","KOYEMBEDU_BROADWAY_022","EVR Salai",54,"Moderate air quality","pm10","OK","Success",5362.1,0
39064,"2026-07-28 21:35:10.265945+00","2026-07-28T21:35:03Z_0001_aqi","KOYEMBEDU_BROADWAY_024","EVR Salai",50,"Moderate air quality","pm10","OK","Success",5364.4,0
39065,"2026-07-28 21:35:10.265945+00","2026-07-28T21:35:03Z_0001_aqi","KOYEMBEDU_BROADWAY_025","EVR Salai",51,"Moderate air quality","pm10","OK","Success",5369.2,0
39066,"2026-07-28 21:35:10.265945+00","2026-07-28T21:35:03Z_0001_aqi","KOYEMBEDU_BROADWAY_023","EVR Salai",50,"Moderate air quality","pm10","OK","Success",5369.8,0
39067,"2026-07-28 21:35:10.265945+00","2026-07-28T21:35:03Z_0001_aqi","GUINDY_TAMBARAM_001","Guindy-Tambaram",35,"Low air quality","pm10","OK","Success",5378.5,0
39068,"2026-07-28 21:35:10.265945+00","2026-07-28T21:35:03Z_0001_aqi","KOYEMBEDU_BROADWAY_017","EVR Salai",44,"Moderate air quality","pm10","OK","Success",5383.4,0
39069,"2026-07-28 21:35:10.265945+00","2026-07-28T21:35:03Z_0001_aqi","GUINDY_TAMBARAM_003","Guindy-Tambaram",38,"Low air quality","pm10","OK","Success",5382.7,0
39070,"2026-07-28 21:35:10.265945+00","2026-07-28T21:35:03Z_0001_aqi","GUINDY_TAMBARAM_002","Guindy-Tambaram",35,"Low air quality","pm10","OK","Success",5383.0,0
39071,"2026-07-28 21:35:10.265945+00","2026-07-28T21:35:03Z_0001_aqi","GUINDY_TAMBARAM_004","Guindy-Tambaram",38,"Low air quality","pm10","OK","Success",5383.3,0
39072,"2026-07-28 21:35:10.265945+00","2026-07-28T21:35:03Z_0001_aqi","GUINDY_TAMBARAM_005","Guindy-Tambaram",36,"Low air quality","pm10","OK","Success",5407.2,0
39073,"2026-07-28 21:35:10.265945+00","2026-07-28T21:35:03Z_0001_aqi","KOYEMBEDU_BROADWAY_026","EVR Salai",52,"Moderate air quality","pm10","OK","Success",5448.6,0
39074,"2026-07-28 21:35:10.265945+00","2026-07-28T21:35:03Z_0001_aqi","GUINDY_TAMBARAM_006","Guindy-Tambaram",37,"Low air quality","pm10","OK","Success",5447.9,0
39075,"2026-07-28 21:35:10.265945+00","2026-07-28T21:35:03Z_0001_aqi","GUINDY_TAMBARAM_007","Guindy-Tambaram",38,"Low air quality","pm10","OK","Success",5458.9,0
39076,"2026-07-28 21:35:10.265945+00","2026-07-28T21:35:03Z_0001_aqi","GUINDY_TAMBARAM_008","Guindy-Tambaram",38,"Low air quality","pm10","OK","Success",5490.1,0
39077,"2026-07-28 21:35:10.265945+00","2026-07-28T21:35:03Z_0001_aqi","GUINDY_TAMBARAM_009","Guindy-Tambaram",42,"Moderate air quality","pm10","OK","Success",5546.8,0
39078,"2026-07-28 21:35:10.265945+00","2026-07-28T21:35:03Z_0001_aqi","GUINDY_TAMBARAM_011","Guindy-Tambaram",40,"Moderate air quality","pm10","OK","Success",5594.9,0
39079,"2026-07-28 21:35:10.265945+00","2026-07-28T21:35:03Z_0001_aqi","GUINDY_TAMBARAM_010","Guindy-Tambaram",40,"Moderate air quality","pm10","OK","Success",5602.5,0
39080,"2026-07-28 21:35:10.265945+00","2026-07-28T21:35:03Z_0001_aqi","GUINDY_TAMBARAM_012","Guindy-Tambaram",40,"Moderate air quality","pm10","OK","Success",5607.2,0
39081,"2026-07-28 21:35:10.265945+00","2026-07-28T21:35:03Z_0001_aqi","GUINDY_TAMBARAM_013","Guindy-Tambaram",41,"Moderate air quality","pm10","OK","Success",5625.9,0
39082,"2026-07-28 21:35:10.265945+00","2026-07-28T21:35:03Z_0001_aqi","GUINDY_TAMBARAM_014","Guindy-Tambaram",41,"Moderate air quality","pm10","OK","Success",5626.1,0
39083,"2026-07-28 21:35:10.265945+00","2026-07-28T21:35:03Z_0001_aqi","GUINDY_TAMBARAM_015","Guindy-Tambaram",41,"Moderate air quality","pm10","OK","Success",5633.1,0
39084,"2026-07-28 21:35:10.265945+00","2026-07-28T21:35:03Z_0001_aqi","GUINDY_TAMBARAM_016","Guindy-Tambaram",41,"Moderate air quality","pm10","OK","Success",5639.0,0
39085,"2026-07-28 21:35:10.265945+00","2026-07-28T21:35:03Z_0001_aqi","GUINDY_TAMBARAM_018","Guindy-Tambaram",40,"Moderate air quality","pm10","OK","Success",5641.7,0
39086,"2026-07-28 21:35:10.265945+00","2026-07-28T21:35:03Z_0001_aqi","GUINDY_TAMBARAM_017","Guindy-Tambaram",40,"Moderate air quality","pm10","OK","Success",5645.5,0
39087,"2026-07-28 21:35:10.265945+00","2026-07-28T21:35:03Z_0001_aqi","GUINDY_TAMBARAM_019","Guindy-Tambaram",40,"Moderate air quality","pm10","OK","Success",5651.0,0
39088,"2026-07-28 21:35:10.265945+00","2026-07-28T21:35:03Z_0001_aqi","GUINDY_TAMBARAM_023","Guindy-Tambaram",44,"Moderate air quality","pm10","OK","Success",5657.9,0
39089,"2026-07-28 21:35:10.265945+00","2026-07-28T21:35:03Z_0001_aqi","GUINDY_TAMBARAM_022","Guindy-Tambaram",40,"Moderate air quality","pm10","OK","Success",5660.9,0
39090,"2026-07-28 21:35:10.265945+00","2026-07-28T21:35:03Z_0001_aqi","GUINDY_TAMBARAM_021","Guindy-Tambaram",40,"Moderate air quality","pm10","OK","Success",5663.3,0
39091,"2026-07-28 21:35:10.265945+00","2026-07-28T21:35:03Z_0001_aqi","GUINDY_TAMBARAM_020","Guindy-Tambaram",40,"Moderate air quality","pm10","OK","Success",5674.2,0
39092,"2026-07-28 21:35:10.265945+00","2026-07-28T21:35:03Z_0001_aqi","GUINDY_TAMBARAM_024","Guindy-Tambaram",40,"Moderate air quality","pm10","OK","Success",5685.0,0
39093,"2026-07-28 21:35:10.265945+00","2026-07-28T21:35:03Z_0001_aqi","GUINDY_TAMBARAM_026","Guindy-Tambaram",40,"Moderate air quality","pm10","OK","Success",5729.9,0
39094,"2026-07-28 21:35:10.265945+00","2026-07-28T21:35:03Z_0001_aqi","GUINDY_TAMBARAM_027","Guindy-Tambaram",43,"Moderate air quality","pm10","OK","Success",5733.6,0
39095,"2026-07-28 21:35:10.265945+00","2026-07-28T21:35:03Z_0001_aqi","GUINDY_TAMBARAM_028","Guindy-Tambaram",39,"Low air quality","pm10","OK","Success",5764.1,0
39096,"2026-07-28 21:35:10.265945+00","2026-07-28T21:35:03Z_0001_aqi","GUINDY_TAMBARAM_029","Guindy-Tambaram",39,"Low air quality","pm10","OK","Success",5818.2,0
39097,"2026-07-28 21:35:10.265945+00","2026-07-28T21:35:03Z_0001_aqi","GUINDY_TAMBARAM_030","Guindy-Tambaram",39,"Low air quality","pm10","OK","Success",5865.8,0
39098,"2026-07-28 21:35:10.265945+00","2026-07-28T21:35:03Z_0001_aqi","GUINDY_TAMBARAM_031","Guindy-Tambaram",39,"Low air quality","pm10","OK","Success",5877.8,0
39099,"2026-07-28 21:35:10.265945+00","2026-07-28T21:35:03Z_0001_aqi","GUINDY_TAMBARAM_032","Guindy-Tambaram",39,"Low air quality","pm10","OK","Success",5884.2,0
39100,"2026-07-28 21:35:10.265945+00","2026-07-28T21:35:03Z_0001_aqi","GUINDY_TAMBARAM_034","Guindy-Tambaram",39,"Low air quality","pm10","OK","Success",5901.1,0
39101,"2026-07-28 21:35:10.265945+00","2026-07-28T21:35:03Z_0001_aqi","GUINDY_TAMBARAM_033","Guindy-Tambaram",39,"Low air quality","pm10","OK","Success",5903.7,0
39102,"2026-07-28 21:35:10.265945+00","2026-07-28T21:35:03Z_0001_aqi","GUINDY_TAMBARAM_035","Guindy-Tambaram",39,"Low air quality","pm10","OK","Success",5910.9,0
39103,"2026-07-28 21:35:10.265945+00","2026-07-28T21:35:03Z_0001_aqi","GUINDY_TAMBARAM_037","Guindy-Tambaram",39,"Low air quality","pm10","OK","Success",5915.8,0
39104,"2026-07-28 21:35:10.265945+00","2026-07-28T21:35:03Z_0001_aqi","GUINDY_TAMBARAM_036","Guindy-Tambaram",39,"Low air quality","pm10","OK","Success",5916.9,0
39105,"2026-07-28 21:35:10.265945+00","2026-07-28T21:35:03Z_0001_aqi","GUINDY_TAMBARAM_038","Guindy-Tambaram",39,"Low air quality","pm10","OK","Success",5922.1,0
39106,"2026-07-28 21:35:10.265945+00","2026-07-28T21:35:03Z_0001_aqi","GUINDY_TAMBARAM_041","Guindy-Tambaram",39,"Low air quality","pm10","OK","Success",5932.9,0
39107,"2026-07-28 21:35:10.265945+00","2026-07-28T21:35:03Z_0001_aqi","GUINDY_TAMBARAM_039","Guindy-Tambaram",39,"Low air quality","pm10","OK","Success",5933.7,0
39108,"2026-07-28 21:35:10.265945+00","2026-07-28T21:35:03Z_0001_aqi","TAMBARAM_GUINDY_001","Guindy-Tambaram",39,"Low air quality","pm10","OK","Success",5933.9,0
39109,"2026-07-28 21:35:10.265945+00","2026-07-28T21:35:03Z_0001_aqi","GUINDY_TAMBARAM_040","Guindy-Tambaram",39,"Low air quality","pm10","OK","Success",5941.9,0
39110,"2026-07-28 21:35:10.265945+00","2026-07-28T21:35:03Z_0001_aqi","TAMBARAM_GUINDY_003","Guindy-Tambaram",39,"Low air quality","pm10","OK","Success",5954.9,0
39111,"2026-07-28 21:35:10.265945+00","2026-07-28T21:35:03Z_0001_aqi","TAMBARAM_GUINDY_002","Guindy-Tambaram",39,"Low air quality","pm10","OK","Success",5964.9,0
39112,"2026-07-28 21:35:10.265945+00","2026-07-28T21:35:03Z_0001_aqi","TAMBARAM_GUINDY_005","Guindy-Tambaram",39,"Low air quality","pm10","OK","Success",6009.4,0
39113,"2026-07-28 21:35:10.265945+00","2026-07-28T21:35:03Z_0001_aqi","TAMBARAM_GUINDY_004","Guindy-Tambaram",39,"Low air quality","pm10","OK","Success",6012.3,0
39114,"2026-07-28 21:35:10.265945+00","2026-07-28T21:35:03Z_0001_aqi","TAMBARAM_GUINDY_006","Guindy-Tambaram",39,"Low air quality","pm10","OK","Success",6035.9,0
39115,"2026-07-28 21:35:10.265945+00","2026-07-28T21:35:03Z_0001_aqi","TAMBARAM_GUINDY_007","Guindy-Tambaram",39,"Low air quality","pm10","OK","Success",6092.8,0
39116,"2026-07-28 21:35:10.265945+00","2026-07-28T21:35:03Z_0001_aqi","TAMBARAM_GUINDY_008","Guindy-Tambaram",39,"Low air quality","pm10","OK","Success",6138.6,0
39117,"2026-07-28 21:35:10.265945+00","2026-07-28T21:35:03Z_0001_aqi","TAMBARAM_GUINDY_009","Guindy-Tambaram",39,"Low air quality","pm10","OK","Success",6151.7,0
39118,"2026-07-28 21:35:10.265945+00","2026-07-28T21:35:03Z_0001_aqi","TAMBARAM_GUINDY_010","Guindy-Tambaram",39,"Low air quality","pm10","OK","Success",6161.5,0
39119,"2026-07-28 21:35:10.265945+00","2026-07-28T21:35:03Z_0001_aqi","TAMBARAM_GUINDY_012","Guindy-Tambaram",39,"Low air quality","pm10","OK","Success",6172.8,0
39120,"2026-07-28 21:35:10.265945+00","2026-07-28T21:35:03Z_0001_aqi","TAMBARAM_GUINDY_013","Guindy-Tambaram",39,"Low air quality","pm10","OK","Success",6183.0,0
39121,"2026-07-28 21:35:10.265945+00","2026-07-28T21:35:03Z_0001_aqi","TAMBARAM_GUINDY_011","Guindy-Tambaram",39,"Low air quality","pm10","OK","Success",6181.8,0
39122,"2026-07-28 21:35:10.265945+00","2026-07-28T21:35:03Z_0001_aqi","TAMBARAM_GUINDY_015","Guindy-Tambaram",43,"Moderate air quality","pm10","OK","Success",6192.7,0
39123,"2026-07-28 21:35:10.265945+00","2026-07-28T21:35:03Z_0001_aqi","TAMBARAM_GUINDY_016","Guindy-Tambaram",40,"Moderate air quality","pm10","OK","Success",6195.6,0
39124,"2026-07-28 21:35:10.265945+00","2026-07-28T21:35:03Z_0001_aqi","TAMBARAM_GUINDY_014","Guindy-Tambaram",39,"Low air quality","pm10","OK","Success",6204.4,0
39125,"2026-07-28 21:35:10.265945+00","2026-07-28T21:35:03Z_0001_aqi","TAMBARAM_GUINDY_018","Guindy-Tambaram",40,"Moderate air quality","pm10","OK","Success",6207.6,0
39126,"2026-07-28 21:35:10.265945+00","2026-07-28T21:35:03Z_0001_aqi","TAMBARAM_GUINDY_017","Guindy-Tambaram",40,"Moderate air quality","pm10","OK","Success",6207.8,0
39127,"2026-07-28 21:35:10.265945+00","2026-07-28T21:35:03Z_0001_aqi","TAMBARAM_GUINDY_020","Guindy-Tambaram",40,"Moderate air quality","pm10","OK","Success",6210.7,0
39128,"2026-07-28 21:35:10.265945+00","2026-07-28T21:35:03Z_0001_aqi","TAMBARAM_GUINDY_019","Guindy-Tambaram",40,"Moderate air quality","pm10","OK","Success",6212.7,0
39129,"2026-07-28 21:35:10.265945+00","2026-07-28T21:35:03Z_0001_aqi","TAMBARAM_GUINDY_021","Guindy-Tambaram",40,"Moderate air quality","pm10","OK","Success",6237.1,0
39130,"2026-07-28 21:35:10.265945+00","2026-07-28T21:35:03Z_0001_aqi","TAMBARAM_GUINDY_022","Guindy-Tambaram",40,"Moderate air quality","pm10","OK","Success",6259.0,0
39131,"2026-07-28 21:35:10.265945+00","2026-07-28T21:35:03Z_0001_aqi","TAMBARAM_GUINDY_024","Guindy-Tambaram",41,"Moderate air quality","pm10","OK","Success",6286.0,0
39132,"2026-07-28 21:35:10.265945+00","2026-07-28T21:35:03Z_0001_aqi","TAMBARAM_GUINDY_023","Guindy-Tambaram",41,"Moderate air quality","pm10","OK","Success",6290.2,0
39133,"2026-07-28 21:35:10.265945+00","2026-07-28T21:35:03Z_0001_aqi","TAMBARAM_GUINDY_025","Guindy-Tambaram",41,"Moderate air quality","pm10","OK","Success",6313.5,0
39134,"2026-07-28 21:35:10.265945+00","2026-07-28T21:35:03Z_0001_aqi","TAMBARAM_GUINDY_026","Guindy-Tambaram",41,"Moderate air quality","pm10","OK","Success",6368.9,0
39135,"2026-07-28 21:35:10.265945+00","2026-07-28T21:35:03Z_0001_aqi","TAMBARAM_GUINDY_027","Guindy-Tambaram",40,"Moderate air quality","pm10","OK","Success",6412.0,0
39136,"2026-07-28 21:35:10.265945+00","2026-07-28T21:35:03Z_0001_aqi","TAMBARAM_GUINDY_028","Guindy-Tambaram",40,"Moderate air quality","pm10","OK","Success",6424.8,0
39137,"2026-07-28 21:35:10.265945+00","2026-07-28T21:35:03Z_0001_aqi","TAMBARAM_GUINDY_029","Guindy-Tambaram",40,"Moderate air quality","pm10","OK","Success",6432.1,0
39138,"2026-07-28 21:35:10.265945+00","2026-07-28T21:35:03Z_0001_aqi","TAMBARAM_GUINDY_030","Guindy-Tambaram",42,"Moderate air quality","pm10","OK","Success",6444.4,0
39139,"2026-07-28 21:35:10.265945+00","2026-07-28T21:35:03Z_0001_aqi","TAMBARAM_GUINDY_031","Guindy-Tambaram",38,"Low air quality","pm10","OK","Success",6453.3,0
39140,"2026-07-28 21:35:10.265945+00","2026-07-28T21:35:03Z_0001_aqi","TAMBARAM_GUINDY_032","Guindy-Tambaram",38,"Low air quality","pm10","OK","Success",6454.2,0
39141,"2026-07-28 21:35:10.265945+00","2026-07-28T21:35:03Z_0001_aqi","TAMBARAM_GUINDY_033","Guindy-Tambaram",38,"Low air quality","pm10","OK","Success",6465.9,0
39142,"2026-07-28 21:35:10.265945+00","2026-07-28T21:35:03Z_0001_aqi","TAMBARAM_GUINDY_034","Guindy-Tambaram",37,"Low air quality","pm10","OK","Success",6468.7,0
39143,"2026-07-28 21:35:10.265945+00","2026-07-28T21:35:03Z_0001_aqi","TAMBARAM_GUINDY_035","Guindy-Tambaram",36,"Low air quality","pm10","OK","Success",6479.6,0
39144,"2026-07-28 21:35:10.265945+00","2026-07-28T21:35:03Z_0001_aqi","TAMBARAM_GUINDY_038","Guindy-Tambaram",35,"Low air quality","pm10","OK","Success",6482.6,0
39145,"2026-07-28 21:35:10.265945+00","2026-07-28T21:35:03Z_0001_aqi","TAMBARAM_GUINDY_037","Guindy-Tambaram",38,"Low air quality","pm10","OK","Success",6484.5,0
39146,"2026-07-28 21:35:10.265945+00","2026-07-28T21:35:03Z_0001_aqi","TAMBARAM_GUINDY_039","Guindy-Tambaram",35,"Low air quality","pm10","OK","Success",6489.4,0
39147,"2026-07-28 21:35:10.265945+00","2026-07-28T21:35:03Z_0001_aqi","TAMBARAM_GUINDY_036","Guindy-Tambaram",38,"Low air quality","pm10","OK","Success",6500.9,0
39148,"2026-07-28 21:35:10.265945+00","2026-07-28T21:35:03Z_0001_aqi","CENTRAL_PUZHAL_001","Puzhal-Central",50,"Moderate air quality","pm10","OK","Success",6514.8,0
39149,"2026-07-28 21:35:10.265945+00","2026-07-28T21:35:03Z_0001_aqi","CENTRAL_PUZHAL_002","Puzhal-Central",51,"Moderate air quality","pm10","OK","Success",6534.7,0
39150,"2026-07-28 21:35:10.265945+00","2026-07-28T21:35:03Z_0001_aqi","CENTRAL_PUZHAL_003","Puzhal-Central",55,"Moderate air quality","pm25","OK","Success",6562.5,0
39151,"2026-07-28 21:35:10.265945+00","2026-07-28T21:35:03Z_0001_aqi","CENTRAL_PUZHAL_004","Puzhal-Central",48,"Moderate air quality","pm25","OK","Success",6568.7,0
39152,"2026-07-28 21:35:10.265945+00","2026-07-28T21:35:03Z_0001_aqi","CENTRAL_PUZHAL_005","Puzhal-Central",48,"Moderate air quality","pm25","OK","Success",6580.9,0
39153,"2026-07-28 21:35:10.265945+00","2026-07-28T21:35:03Z_0001_aqi","CENTRAL_PUZHAL_006","Puzhal-Central",40,"Moderate air quality","pm25","OK","Success",6643.5,0
39154,"2026-07-28 21:35:10.265945+00","2026-07-28T21:35:03Z_0001_aqi","CENTRAL_PUZHAL_007","Puzhal-Central",40,"Moderate air quality","pm25","OK","Success",6681.7,0
39155,"2026-07-28 21:35:10.265945+00","2026-07-28T21:35:03Z_0001_aqi","CENTRAL_PUZHAL_008","Puzhal-Central",39,"Low air quality","pm25","OK","Success",6697.6,0
39156,"2026-07-28 21:35:10.265945+00","2026-07-28T21:35:03Z_0001_aqi","CENTRAL_PUZHAL_010","Puzhal-Central",43,"Moderate air quality","pm25","OK","Success",6715.8,0
39157,"2026-07-28 21:35:10.265945+00","2026-07-28T21:35:03Z_0001_aqi","CENTRAL_PUZHAL_009","Puzhal-Central",41,"Moderate air quality","pm25","OK","Success",6723.6,0
39158,"2026-07-28 21:35:10.265945+00","2026-07-28T21:35:03Z_0001_aqi","CENTRAL_PUZHAL_011","Puzhal-Central",44,"Moderate air quality","pm25","OK","Success",6732.3,0
39159,"2026-07-28 21:35:10.265945+00","2026-07-28T21:35:03Z_0001_aqi","CENTRAL_PUZHAL_012","Puzhal-Central",45,"Moderate air quality","pm10","OK","Success",6735.0,0
39160,"2026-07-28 21:35:10.265945+00","2026-07-28T21:35:03Z_0001_aqi","CENTRAL_PUZHAL_013","Puzhal-Central",44,"Moderate air quality","pm25","OK","Success",6741.0,0
39161,"2026-07-28 21:35:10.265945+00","2026-07-28T21:35:03Z_0001_aqi","CENTRAL_PUZHAL_014","Puzhal-Central",44,"Moderate air quality","pm25","OK","Success",6741.2,0
39162,"2026-07-28 21:35:10.265945+00","2026-07-28T21:35:03Z_0001_aqi","CENTRAL_PUZHAL_016","Puzhal-Central",44,"Moderate air quality","pm25","OK","Success",6754.7,0
39163,"2026-07-28 21:35:10.265945+00","2026-07-28T21:35:03Z_0001_aqi","CENTRAL_PUZHAL_017","Puzhal-Central",44,"Moderate air quality","pm25","OK","Success",6755.3,0
39164,"2026-07-28 21:35:10.265945+00","2026-07-28T21:35:03Z_0001_aqi","CENTRAL_PUZHAL_015","Puzhal-Central",48,"Moderate air quality","pm25","OK","Success",6757.2,0
39165,"2026-07-28 21:35:10.265945+00","2026-07-28T21:35:03Z_0001_aqi","CENTRAL_PUZHAL_018","Puzhal-Central",48,"Moderate air quality","pm25","OK","Success",6768.1,0
39166,"2026-07-28 21:35:10.265945+00","2026-07-28T21:35:03Z_0001_aqi","CENTRAL_PUZHAL_019","Puzhal-Central",45,"Moderate air quality","pm25","OK","Success",6770.4,0
39167,"2026-07-28 21:35:10.265945+00","2026-07-28T21:35:03Z_0001_aqi","CENTRAL_PUZHAL_020","Puzhal-Central",47,"Moderate air quality","pm25","OK","Success",6791.2,0
39168,"2026-07-28 21:35:10.265945+00","2026-07-28T21:35:03Z_0001_aqi","GUINDY_TAMBARAM_025","Guindy-Tambaram",40,"Moderate air quality","pm10","OK","Success",6807.0,0
39169,"2026-07-28 21:35:10.265945+00","2026-07-28T21:35:03Z_0001_aqi","CENTRAL_PUZHAL_021","Puzhal-Central",49,"Moderate air quality","pm10","OK","Success",6813.2,0
39170,"2026-07-28 21:35:10.265945+00","2026-07-28T21:35:03Z_0001_aqi","CENTRAL_PUZHAL_022","Puzhal-Central",50,"Moderate air quality","pm10","OK","Success",6842.4,0
39171,"2026-07-28 21:35:10.265945+00","2026-07-28T21:35:03Z_0001_aqi","CENTRAL_PUZHAL_024","Puzhal-Central",53,"Moderate air quality","pm10","OK","Success",6848.4,0
39172,"2026-07-28 21:35:10.265945+00","2026-07-28T21:35:03Z_0001_aqi","CENTRAL_PUZHAL_023","Puzhal-Central",52,"Moderate air quality","pm10","OK","Success",6849.0,0
39173,"2026-07-28 21:35:10.265945+00","2026-07-28T21:35:03Z_0001_aqi","CENTRAL_PUZHAL_025","Puzhal-Central",52,"Moderate air quality","pm25","OK","Success",6918.7,0
39174,"2026-07-28 21:35:10.265945+00","2026-07-28T21:35:03Z_0001_aqi","CENTRAL_PUZHAL_026","Puzhal-Central",44,"Moderate air quality","pm25","OK","Success",6962.6,0
39175,"2026-07-28 21:35:10.265945+00","2026-07-28T21:35:03Z_0001_aqi","CENTRAL_PUZHAL_027","Puzhal-Central",47,"Moderate air quality","pm25","OK","Success",6971.5,0
39176,"2026-07-28 21:35:10.265945+00","2026-07-28T21:35:03Z_0001_aqi","CENTRAL_PUZHAL_ATGRADE_001","Puzhal-Central",45,"Moderate air quality","pm25","OK","Success",6990.7,0
39177,"2026-07-28 21:35:10.265945+00","2026-07-28T21:35:03Z_0001_aqi","CENTRAL_PUZHAL_ATGRADE_002","Puzhal-Central",48,"Moderate air quality","pm25","OK","Success",7000.5,0
39178,"2026-07-28 21:35:10.265945+00","2026-07-28T21:35:03Z_0001_aqi","CENTRAL_PUZHAL_ATGRADE_003","Puzhal-Central",43,"Moderate air quality","pm25","OK","Success",7005.2,0
39179,"2026-07-28 21:35:10.265945+00","2026-07-28T21:35:03Z_0001_aqi","CENTRAL_PUZHAL_ATGRADE_004","Puzhal-Central",48,"Moderate air quality","pm25","OK","Success",7010.7,0
39180,"2026-07-28 21:35:10.265945+00","2026-07-28T21:35:03Z_0001_aqi","PUZHAL_CENTRAL_001","Puzhal-Central",47,"Moderate air quality","pm25","OK","Success",7014.5,0
39181,"2026-07-28 21:35:10.265945+00","2026-07-28T21:35:03Z_0001_aqi","PUZHAL_CENTRAL_002","Puzhal-Central",44,"Moderate air quality","pm25","OK","Success",7018.4,0
39182,"2026-07-28 21:35:10.265945+00","2026-07-28T21:35:03Z_0001_aqi","PUZHAL_CENTRAL_005","Puzhal-Central",52,"Moderate air quality","pm10","OK","Success",7032.2,0
39183,"2026-07-28 21:35:10.265945+00","2026-07-28T21:35:03Z_0001_aqi","PUZHAL_CENTRAL_003","Puzhal-Central",52,"Moderate air quality","pm25","OK","Success",7032.6,0
39184,"2026-07-28 21:35:10.265945+00","2026-07-28T21:35:03Z_0001_aqi","PUZHAL_CENTRAL_004","Puzhal-Central",53,"Moderate air quality","pm10","OK","Success",7034.8,0
39185,"2026-07-28 21:35:10.265945+00","2026-07-28T21:35:03Z_0001_aqi","PUZHAL_CENTRAL_006","Puzhal-Central",50,"Moderate air quality","pm10","OK","Success",7044.5,0
39186,"2026-07-28 21:35:10.265945+00","2026-07-28T21:35:03Z_0001_aqi","PUZHAL_CENTRAL_007","Puzhal-Central",49,"Moderate air quality","pm10","OK","Success",7045.0,0
39187,"2026-07-28 21:35:10.265945+00","2026-07-28T21:35:03Z_0001_aqi","PUZHAL_CENTRAL_008","Puzhal-Central",47,"Moderate air quality","pm25","OK","Success",7066.6,0
39188,"2026-07-28 21:35:10.265945+00","2026-07-28T21:35:03Z_0001_aqi","PUZHAL_CENTRAL_010","Puzhal-Central",48,"Moderate air quality","pm25","OK","Success",7084.4,0
39189,"2026-07-28 21:35:10.265945+00","2026-07-28T21:35:03Z_0001_aqi","PUZHAL_CENTRAL_011","Puzhal-Central",44,"Moderate air quality","pm25","OK","Success",7117.7,0
39190,"2026-07-28 21:35:10.265945+00","2026-07-28T21:35:03Z_0001_aqi","PUZHAL_CENTRAL_009","Puzhal-Central",45,"Moderate air quality","pm25","OK","Success",7120.2,0
39191,"2026-07-28 21:35:10.265945+00","2026-07-28T21:35:03Z_0001_aqi","PUZHAL_CENTRAL_012","Puzhal-Central",44,"Moderate air quality","pm25","OK","Success",7125.7,0
39192,"2026-07-28 21:35:10.265945+00","2026-07-28T21:35:03Z_0001_aqi","PUZHAL_CENTRAL_013","Puzhal-Central",48,"Moderate air quality","pm25","OK","Success",7134.9,0
39193,"2026-07-28 21:35:10.265945+00","2026-07-28T21:35:03Z_0001_aqi","PUZHAL_CENTRAL_014","Puzhal-Central",44,"Moderate air quality","pm25","OK","Success",7196.8,0
39194,"2026-07-28 21:35:10.265945+00","2026-07-28T21:35:03Z_0001_aqi","PUZHAL_CENTRAL_015","Puzhal-Central",44,"Moderate air quality","pm25","OK","Success",7236.7,0
39195,"2026-07-28 21:35:10.265945+00","2026-07-28T21:35:03Z_0001_aqi","PUZHAL_CENTRAL_016","Puzhal-Central",45,"Moderate air quality","pm10","OK","Success",7250.9,0
39196,"2026-07-28 21:35:10.265945+00","2026-07-28T21:35:03Z_0001_aqi","PUZHAL_CENTRAL_017","Puzhal-Central",48,"Moderate air quality","pm25","OK","Success",7265.1,0
39197,"2026-07-28 21:35:10.265945+00","2026-07-28T21:35:03Z_0001_aqi","PUZHAL_CENTRAL_018","Puzhal-Central",43,"Moderate air quality","pm25","OK","Success",7274.4,0
39198,"2026-07-28 21:35:10.265945+00","2026-07-28T21:35:03Z_0001_aqi","PUZHAL_CENTRAL_019","Puzhal-Central",41,"Moderate air quality","pm25","OK","Success",7276.6,0
39199,"2026-07-28 21:35:10.265945+00","2026-07-28T21:35:03Z_0001_aqi","PUZHAL_CENTRAL_020","Puzhal-Central",39,"Low air quality","pm25","OK","Success",7282.5,0
39200,"2026-07-28 21:35:10.265945+00","2026-07-28T21:35:03Z_0001_aqi","PUZHAL_CENTRAL_021","Puzhal-Central",40,"Moderate air quality","pm25","OK","Success",7287.1,0
39201,"2026-07-28 21:35:10.265945+00","2026-07-28T21:35:03Z_0001_aqi","PUZHAL_CENTRAL_022","Puzhal-Central",40,"Moderate air quality","pm25","OK","Success",7293.3,0
39202,"2026-07-28 21:35:10.265945+00","2026-07-28T21:35:03Z_0001_aqi","PUZHAL_CENTRAL_024","Puzhal-Central",48,"Moderate air quality","pm25","OK","Success",7301.3,0
39203,"2026-07-28 21:35:10.265945+00","2026-07-28T21:35:03Z_0001_aqi","PUZHAL_CENTRAL_023","Puzhal-Central",48,"Moderate air quality","pm25","OK","Success",7310.9,0
39204,"2026-07-28 21:35:10.265945+00","2026-07-28T21:35:03Z_0001_aqi","PUZHAL_CENTRAL_025","Puzhal-Central",55,"Moderate air quality","pm25","OK","Success",7311.9,0
39205,"2026-07-28 21:35:10.265945+00","2026-07-28T21:35:03Z_0001_aqi","PUZHAL_CENTRAL_026","Puzhal-Central",51,"Moderate air quality","pm10","OK","Success",7321.4,0
39206,"2026-07-28 21:35:10.265945+00","2026-07-28T21:35:03Z_0001_aqi","PUZHAL_CENTRAL_027","Puzhal-Central",50,"Moderate air quality","pm10","OK","Success",7324.2,0
39207,"2026-07-28 21:35:10.265945+00","2026-07-28T21:35:03Z_0001_aqi","PUZHAL_CENTRAL_ATGRADE_001","Puzhal-Central",47,"Moderate air quality","pm25","OK","Success",7342.3,0
39208,"2026-07-28 21:35:10.265945+00","2026-07-28T21:35:03Z_0001_aqi","PUZHAL_CENTRAL_ATGRADE_002","Puzhal-Central",48,"Moderate air quality","pm25","OK","Success",7357.0,0
39209,"2026-07-28 21:35:10.265945+00","2026-07-28T21:35:03Z_0001_aqi","PUZHAL_CENTRAL_ATGRADE_005","Puzhal-Central",43,"Moderate air quality","pm25","OK","Success",7392.6,0
39210,"2026-07-28 21:35:10.265945+00","2026-07-28T21:35:03Z_0001_aqi","PUZHAL_CENTRAL_ATGRADE_003","Puzhal-Central",43,"Moderate air quality","pm25","OK","Success",7395.4,0
39211,"2026-07-28 21:35:10.265945+00","2026-07-28T21:35:03Z_0001_aqi","PALLAVARAM_THORAIPAKKAM_001","Thoraipakkam-Pallavaram",38,"Low air quality","pm10","OK","Success",7413.4,0
39212,"2026-07-28 21:35:10.265945+00","2026-07-28T21:35:03Z_0001_aqi","PALLAVARAM_THORAIPAKKAM_002","Thoraipakkam-Pallavaram",41,"Moderate air quality","pm10","OK","Success",7470.4,0
39213,"2026-07-28 21:35:10.265945+00","2026-07-28T21:35:03Z_0001_aqi","PALLAVARAM_THORAIPAKKAM_003","Thoraipakkam-Pallavaram",39,"Low air quality","pm10","OK","Success",7514.4,0
39214,"2026-07-28 21:35:10.265945+00","2026-07-28T21:35:03Z_0001_aqi","PALLAVARAM_THORAIPAKKAM_004","Thoraipakkam-Pallavaram",39,"Low air quality","pm10","OK","Success",7522.3,0
39215,"2026-07-28 21:35:10.265945+00","2026-07-28T21:35:03Z_0001_aqi","PALLAVARAM_THORAIPAKKAM_005","Thoraipakkam-Pallavaram",39,"Low air quality","pm10","OK","Success",7539.6,0
39216,"2026-07-28 21:35:10.265945+00","2026-07-28T21:35:03Z_0001_aqi","PALLAVARAM_THORAIPAKKAM_006","Thoraipakkam-Pallavaram",39,"Low air quality","pm10","OK","Success",7547.4,0
39217,"2026-07-28 21:35:10.265945+00","2026-07-28T21:35:03Z_0001_aqi","PALLAVARAM_THORAIPAKKAM_007","Thoraipakkam-Pallavaram",40,"Moderate air quality","pm10","OK","Success",7554.3,0
39218,"2026-07-28 21:35:10.265945+00","2026-07-28T21:35:03Z_0001_aqi","PALLAVARAM_THORAIPAKKAM_008","Thoraipakkam-Pallavaram",41,"Moderate air quality","pm10","OK","Success",7557.6,0
39219,"2026-07-28 21:35:10.265945+00","2026-07-28T21:35:03Z_0001_aqi","PALLAVARAM_THORAIPAKKAM_009","Thoraipakkam-Pallavaram",41,"Moderate air quality","pm10","OK","Success",7566.6,0
39220,"2026-07-28 21:35:10.265945+00","2026-07-28T21:35:03Z_0001_aqi","PALLAVARAM_THORAIPAKKAM_010","Thoraipakkam-Pallavaram",41,"Moderate air quality","pm10","OK","Success",7572.8,0
39221,"2026-07-28 21:35:10.265945+00","2026-07-28T21:35:03Z_0001_aqi","PALLAVARAM_THORAIPAKKAM_AT_GRADE_001","Thoraipakkam-Pallavaram",39,"Low air quality","pm10","OK","Success",7575.3,0
39222,"2026-07-28 21:35:10.265945+00","2026-07-28T21:35:03Z_0001_aqi","THORAIPAKKAM_PALLAVARM_001","Thoraipakkam-Pallavaram",41,"Moderate air quality","pm10","OK","Success",7587.8,0
39223,"2026-07-28 21:35:10.265945+00","2026-07-28T21:35:03Z_0001_aqi","THORAIPAKKAM_PALLAVARM_002","Thoraipakkam-Pallavaram",41,"Moderate air quality","pm10","OK","Success",7593.5,0
39224,"2026-07-28 21:35:10.265945+00","2026-07-28T21:35:03Z_0001_aqi","PALLAVARAM_THORAIPAKKAM_AT_GRADE_002","Thoraipakkam-Pallavaram",39,"Low air quality","pm10","OK","Success",7595.4,0
39225,"2026-07-28 21:35:10.265945+00","2026-07-28T21:35:03Z_0001_aqi","THORAIPAKKAM_PALLAVARM_003","Thoraipakkam-Pallavaram",41,"Moderate air quality","pm10","OK","Success",7603.4,0
39226,"2026-07-28 21:35:10.265945+00","2026-07-28T21:35:03Z_0001_aqi","THORAIPAKKAM_PALLAVARM_004","Thoraipakkam-Pallavaram",40,"Moderate air quality","pm10","OK","Success",7621.3,0
39227,"2026-07-28 21:35:10.265945+00","2026-07-28T21:35:03Z_0001_aqi","THORAIPAKKAM_PALLAVARM_005","Thoraipakkam-Pallavaram",39,"Low air quality","pm10","OK","Success",7631.3,0
39228,"2026-07-28 21:35:10.265945+00","2026-07-28T21:35:03Z_0001_aqi","THORAIPAKKAM_PALLAVARM_006","Thoraipakkam-Pallavaram",39,"Low air quality","pm10","OK","Success",7670.1,0
39229,"2026-07-28 21:35:10.265945+00","2026-07-28T21:35:03Z_0001_aqi","THORAIPAKKAM_PALLAVARM_007","Thoraipakkam-Pallavaram",39,"Low air quality","pm10","OK","Success",7678.3,0
39230,"2026-07-28 21:35:10.265945+00","2026-07-28T21:35:03Z_0001_aqi","THORAIPAKKAM_PALLAVARM_008","Thoraipakkam-Pallavaram",39,"Low air quality","pm10","OK","Success",7690.0,0
39231,"2026-07-28 21:35:10.265945+00","2026-07-28T21:35:03Z_0001_aqi","THORAIPAKKAM_PALLAVARM_009","Thoraipakkam-Pallavaram",41,"Moderate air quality","pm10","OK","Success",7745.2,0
39232,"2026-07-28 21:35:10.265945+00","2026-07-28T21:35:03Z_0001_aqi","THORAIPAKKAM_PALLAVARM_AT_GRADE_001","Thoraipakkam-Pallavaram",39,"Low air quality","pm10","OK","Success",7795.7,0
39233,"2026-07-28 21:35:10.265945+00","2026-07-28T21:35:03Z_0001_aqi","THORAIPAKKAM_PALLAVARM_010","Thoraipakkam-Pallavaram",38,"Low air quality","pm10","OK","Success",7799.7,0
39234,"2026-07-28 21:35:10.265945+00","2026-07-28T21:35:03Z_0001_aqi","THORAIPAKKAM_PALLAVARM_AT_GRADE_002","Thoraipakkam-Pallavaram",39,"Low air quality","pm10","OK","Success",7823.0,0
39235,"2026-07-28 21:35:10.265945+00","2026-07-28T21:35:03Z_0001_aqi","PUZHAL_CENTRAL_ATGRADE_004","Puzhal-Central",48,"Moderate air quality","pm25","OK","Success",8453.5,0
